{
    "anvil_cost": 4,
    "description": {
        "translate": "enchantment.enchantplus.reach",
        "fallback": "Reach"
    },
    "effects": {
        "minecraft:attributes": [
            {
                "id": "minecraft:enchantment.reach",
                "attribute": "minecraft:player.entity_interaction_range",
                "amount": {
                    "type": "minecraft:linear",
                    "base": 1,
                    "per_level_above_first": 0.5
                },
                "operation": "add_value"
            }
        ]
    },
    "max_level": 3,
    "max_cost": {
        "base": 21,
        "per_level_above_first": 9
    },
    "min_cost": {
        "base": 3,
        "per_level_above_first": 9
    },
    "slots": [
        "mainhand"
    ],
    "exclusive_set": "#enchantplus:exclusive_set/sword_attribute",
    "supported_items": "#minecraft:enchantable/sword",
    "weight": 2
}