{
  "display": {
    "icon": {
      "id": "minecraft:dragon_head"
    },
    "title": "Dragonkind Evolved",
    "description": [
      {
        "text": "Advancements related to Dragonkind Evolved",
        "color": "white"
      },
      {
        "text": "\nby kanokarob",
        "color": "green",
        "italic": true
      }
    ],
    "background": "minecraft:textures/block/dragon_egg.png",
    "frame": "task",
    "show_toast": false,
    "announce_to_chat": false,
    "hidden": false
  },
  "criteria": {
    "requirement": {
      "trigger": "minecraft:player_killed_entity",
      "conditions": {
        "entity": [
          {
            "condition": "minecraft:entity_properties",
            "entity": "this",
            "predicate": {
              "type": "minecraft:ender_dragon"
            }
          }
        ]
      }
    }
  }
}
