{
    "description": {
        "translate": "enchantment.enchantplus.timber",
        "fallback": "Timber"
    },
    "supported_items": "#voxel:enchantable/axes",
    "weight": 2,
    "max_level": 1,
    "min_cost": {
        "base": 15,
        "per_level_above_first": 0
    },
    "max_cost": {
        "base": 65,
        "per_level_above_first": 0
    },
    "anvil_cost": 4,
    "slots": [
        "mainhand"
    ],
    "effects": {
        "minecraft:hit_block": [
            {
                "effect": {
                    "type": "minecraft:run_function",
                    "function": "enchantplus:hit_block/timber/place_hit_block_marker"
                }
            }
        ]
    }
}