{
    "type": "minecraft:chest",
    "pools": [
        {
            "rolls": 1,
            "bonus_rolls": 0,
            "entries": [
                {
                    "type": "minecraft:item",
                    "name": "minecraft:book",
                    "weight": 1,
                    "functions": [
                        {
                            "function": "minecraft:enchant_randomly",
                            "options": "#yggdrasil:structure/rare",
                            "only_compatible": true
                        }
                    ]
                }
            ]
        }
    ],
    "random_sequence": "yggdrasil:alfheim_tree/chest"
}