{
  "type": "minecraft:chest",
  "pools": [
    {
      "rolls": 1,
      "bonus_rolls": 0,
      "entries": [
        {
          "type": "minecraft:item",
          "name": "minecraft:enchanted_golden_apple"
        },
        {
          "type": "minecraft:item",
          "name": "minecraft:dragon_breath"
        },
        {
          "type": "minecraft:item",
          "name": "minecraft:netherite_scrap"
        },
        {
          "type": "minecraft:item",
          "name": "minecraft:breeze_spawn_egg"
        },
        {
          "type": "minecraft:item",
          "name": "minecraft:witch_spawn_egg"
        },
        {
          "type": "minecraft:item",
          "name": "minecraft:shulker_spawn_egg"
        },
        {
          "type": "minecraft:item",
          "name": "minecraft:totem_of_undying"
        },
        {
          "type": "minecraft:item",
          "name": "minecraft:nether_star"
        },
        {
          "type": "minecraft:item",
          "name": "minecraft:spawner"
        },
        {
          "type": "minecraft:item",
          "name": "minecraft:budding_amethyst"
        }
      ]
    }
  ],
  "random_sequence": "yggdrasil:alfheim_tree/chest"
}