{
  "type": "minecraft:vegetation_patch",
  "config": {
    "surface": "floor",
    "depth": 1,
    "vertical_range": 3,
    "extra_bottom_block_chance": 0,
    "extra_edge_column_chance": 0.1,
    "vegetation_chance": 0.035,
    "xz_radius": 2,
    "replaceable": "#dke:end_stone",
    "ground_state": {
      "type": "minecraft:weighted_state_provider",
      "entries": [
        {
          "weight": 10,
          "data": {
            "Name": "minecraft:amethyst_block"
          }
        },
        {
          "weight": 3,
          "data": {
            "Name": "minecraft:calcite"
          }
        },
        {
          "weight": 1,
          "data": {
            "Name": "minecraft:pearlescent_froglight",
            "Properties": {
              "axis": "y"
            }
          }
        }
      ]
    },
    "vegetation_feature": {
      "feature": {
        "type": "minecraft:simple_block",
        "config": {
          "to_place": {
            "type": "minecraft:weighted_state_provider",
            "entries": [
              {
                "weight": 1,
                "data": {
                  "Name": "minecraft:small_amethyst_bud",
                  "Properties": {
                    "waterlogged": "false",
                    "facing": "up"
                  }
                }
              },
              {
                "weight": 1,
                "data": {
                  "Name": "minecraft:medium_amethyst_bud",
                  "Properties": {
                    "waterlogged": "false",
                    "facing": "up"
                  }
                }
              },
              {
                "weight": 1,
                "data": {
                  "Name": "minecraft:large_amethyst_bud",
                  "Properties": {
                    "waterlogged": "false",
                    "facing": "up"
                  }
                }
              }
            ]
          }
        }
      },
      "placement": [
        {
          "type": "minecraft:block_predicate_filter",
          "predicate": {
            "type": "minecraft:matching_blocks",
            "offset": [
              0,
              -1,
              0
            ],
            "blocks": "minecraft:amethyst_block"
          }
        }
      ]
    }
  }
}
