{
  "type": "minecraft:vegetation_patch",
  "config": {
    "surface": "floor",
    "depth": 1,
    "vertical_range": 3,
    "extra_bottom_block_chance": 0,
    "extra_edge_column_chance": 0.1,
    "vegetation_chance": 0.003,
    "xz_radius": 2,
    "replaceable": "#dke:end_stone",
    "ground_state": {
      "type": "minecraft:simple_state_provider",
      "state": {
        "Name": "minecraft:sand"
      }
    },
    "vegetation_feature": {
      "feature": {
        "type": "minecraft:block_column",
        "config": {
          "direction": "up",
          "allowed_placement": {
            "type": "minecraft:true"
          },
          "prioritize_tip": true,
          "layers": [
            {
              "height": {
                "type": "minecraft:uniform",
                "min_inclusive": 2,
                "max_inclusive": 4
              },
              "provider": {
                "type": "minecraft:simple_state_provider",
                "state": {
                  "Name": "minecraft:cactus",
                  "Properties": {
                    "age": "0"
                  }
                }
              }
            }
          ]
        }
      },
      "placement": []
    }
  }
}
