{
    "type": "minecraft:random_patch",
    "config": {
      "tries": 4,
      "xz_spread": 3,
      "y_spread": 3,
      "feature": {
        "feature": {
          "type": "minecraft:simple_block",
          "config": {
            "to_place": {
              "type": "minecraft:simple_state_provider",
              "state": {
                "Name": "minecraft:fire"
              }
            }
          }
        },
        "placement": [
          {
            "type": "minecraft:heightmap",
            "heightmap": "MOTION_BLOCKING"
          }
        ]
      }
    }
  }
  