{
  "type": "minecraft:vegetation_patch",
  "config": {
    "surface": "floor",
    "depth": 1,
    "vertical_range": 3,
    "extra_bottom_block_chance": 0,
    "extra_edge_column_chance": 0.1,
    "vegetation_chance": 0.005,
    "xz_radius": 2,
    "replaceable": "#dke:end_ground",
    "ground_state": {
      "type": "minecraft:simple_state_provider",
      "state": {
        "Name": "minecraft:mud"
      }
    },
    "vegetation_feature": {
      "feature": {
        "type": "minecraft:simple_block",
        "config": {
          "to_place": {
            "type": "minecraft:weighted_state_provider",
            "entries": [
              {
                "weight": 6,
                "data": {
                  "Name": "minecraft:red_mushroom"
                }
              },
              {
                "weight": 5,
                "data": {
                  "Name": "minecraft:brown_mushroom"
                }
              },
              {
                "weight": 3,
                "data": {
                  "Name": "minecraft:moss_carpet"
                }
              }
            ]
          }
        }
      },
      "placement": []
    }
  }
}
