{
  "fallback": "minecraft:empty",
  "elements": [
    {	
      "weight": 4,
      "element": {
        "element_type": "minecraft:empty_pool_element"
      }
    },
    {	
      "weight": 1,
      "element": {
        "location": "forsaken:homes/decoration/spruce/door/1",
        "processors": "minecraft:empty",
        "projection": "rigid",
        "element_type": "minecraft:single_pool_element"
        }
    },
    {	
      "weight": 1,
      "element": {
        "location": "forsaken:homes/decoration/spruce/door/2",
        "processors": "minecraft:empty",
        "projection": "rigid",
        "element_type": "minecraft:single_pool_element"
        }
    },
    {	
      "weight": 1,
      "element": {
        "location": "forsaken:homes/decoration/spruce/door/3",
        "processors": "minecraft:empty",
        "projection": "rigid",
        "element_type": "minecraft:single_pool_element"
        }
    },
  {	
      "weight": 1,
      "element": {
        "location": "forsaken:homes/decoration/spruce/door/4",
        "processors": "minecraft:empty",
        "projection": "rigid",
        "element_type": "minecraft:single_pool_element"
        }
    }
  ]
}