{
    "fallback": "minecraft:empty",
    "elements": [
        {
            "weight": 1,
            "element": {
                "location": "forsaken:wells/mud/big/base/1",
                "processors": "forsaken:wells/mud/base",
                "projection": "rigid",
                "element_type": "minecraft:single_pool_element"
            }
        },
        {
            "weight": 1,
            "element": {
                "location": "forsaken:wells/mud/big/base/2",
                "processors": "forsaken:wells/mud/base",
                "projection": "rigid",
                "element_type": "minecraft:single_pool_element"
            }
        },
        {
            "weight": 1,
            "element": {
                "location": "forsaken:wells/mud/big/base/3",
                "processors": "forsaken:wells/mud/base",
                "projection": "rigid",
                "element_type": "minecraft:single_pool_element"
            }
        },
        {
            "weight": 1,
            "element": {
                "location": "forsaken:wells/mud/big/base/4",
                "processors": "forsaken:wells/mud/base",
                "projection": "rigid",
                "element_type": "minecraft:single_pool_element"
            }
        },
        {
            "weight": 1,
            "element": {
                "location": "forsaken:wells/mud/big/base/5",
                "processors": "forsaken:wells/mud/base",
                "projection": "rigid",
                "element_type": "minecraft:single_pool_element"
            }
        },
        {
            "weight": 1,
            "element": {
                "location": "forsaken:wells/mud/big/base/6",
                "processors": "forsaken:wells/mud/base",
                "projection": "rigid",
                "element_type": "minecraft:single_pool_element"
            }
        },
        {
            "weight": 1,
            "element": {
                "location": "forsaken:wells/mud/big/base/7",
                "processors": "forsaken:wells/mud/base",
                "projection": "rigid",
                "element_type": "minecraft:single_pool_element"
            }
        },
        {
            "weight": 1,
            "element": {
                "location": "forsaken:wells/mud/big/base/8",
                "processors": "forsaken:wells/mud/base",
                "projection": "rigid",
                "element_type": "minecraft:single_pool_element"
            }
        },
        {
            "weight": 1,
            "element": {
                "location": "forsaken:wells/mud/big/base/9",
                "processors": "forsaken:wells/mud/base",
                "projection": "rigid",
                "element_type": "minecraft:single_pool_element"
            }
        },
        {
            "weight": 1,
            "element": {
                "location": "forsaken:wells/mud/small/base/1",
                "processors": "forsaken:wells/mud/base",
                "projection": "rigid",
                "element_type": "minecraft:single_pool_element"
            }
        },
        {
            "weight": 1,
            "element": {
                "location": "forsaken:wells/mud/small/base/2",
                "processors": "forsaken:wells/mud/base",
                "projection": "rigid",
                "element_type": "minecraft:single_pool_element"
            }
        },
        {
            "weight": 1,
            "element": {
                "location": "forsaken:wells/mud/small/base/3",
                "processors": "forsaken:wells/mud/base",
                "projection": "rigid",
                "element_type": "minecraft:single_pool_element"
            }
        },
        {
            "weight": 1,
            "element": {
                "location": "forsaken:wells/mud/small/base/4",
                "processors": "forsaken:wells/mud/base",
                "projection": "rigid",
                "element_type": "minecraft:single_pool_element"
            }
        },
        {
            "weight": 1,
            "element": {
                "location": "forsaken:wells/mud/small/base/5",
                "processors": "forsaken:wells/mud/base",
                "projection": "rigid",
                "element_type": "minecraft:single_pool_element"
            }
        },
        {
            "weight": 1,
            "element": {
                "location": "forsaken:wells/mud/small/base/6",
                "processors": "forsaken:wells/mud/base",
                "projection": "rigid",
                "element_type": "minecraft:single_pool_element"
            }
        }
    ]
}