{
  "description": "Dragonbane",
  "exclusive_set": "#minecraft:exclusive_set/damage",
  "supported_items": "#minecraft:enchantable/weapon",
  "weight": 5,
  "max_level": 4,
  "min_cost": {
    "base": 5,
    "per_level_above_first": 8
  },
  "max_cost": {
    "base": 25,
    "per_level_above_first": 8
  },
  "anvil_cost": 2,
  "slots": [
    "head"
  ],
  "effects": {
    "minecraft:damage": [
      {
        "effect": {
          "type": "minecraft:add",
          "value": {
            "type": "minecraft:linear",
            "base": 10,
            "per_level_above_first": 10
          }
        },
        "requirements": {
          "condition": "minecraft:entity_properties",
          "entity": "this",
          "predicate": {
            "type": "minecraft:ender_dragon"
          }
        }
      }
    ]
  }
}
