{
  "description": "Dragon Lungs",
  "supported_items": "#dke:enchantable/dragonsight",
  "weight": 2,
  "max_level": 3,
  "min_cost": {
    "base": 1,
    "per_level_above_first": 0
  },
  "max_cost": {
    "base": 41,
    "per_level_above_first": 0
  },
  "anvil_cost": 4,
  "slots": [
    "head"
  ],
  "effects": {
    "minecraft:attributes": [
      {
        "id": "minecraft:enchantment.aqua_affinity",
        "attribute": "minecraft:player.submerged_mining_speed",
        "amount": {
          "type": "minecraft:linear",
          "base": 4,
          "per_level_above_first": 4
        },
        "operation": "add_multiplied_total"
      },
      {
        "id": "minecraft:enchantment.respiration",
        "attribute": "minecraft:generic.oxygen_bonus",
        "amount": {
          "type": "minecraft:linear",
          "base": 1,
          "per_level_above_first": 1
        },
        "operation": "add_value"
      }
    ]
  }
}
