{
  "description": "Dragonhearted",
  "supported_items": "#dke:enchantable/dragonhearted",
  "weight": 1,
  "max_level": 3,
  "min_cost": {
    "base": 1,
    "per_level_above_first": 11
  },
  "max_cost": {
    "base": 12,
    "per_level_above_first": 11
  },
  "anvil_cost": 1,
  "slots": [
    "armor"
  ],
  "effects": {
    "minecraft:attributes": [
      {
        "id": "dke:dragonhearted",
        "attribute": "minecraft:generic.max_health",
        "amount": {
          "type": "minecraft:linear",
          "base": 2,
          "per_level_above_first": 2
        },
        "operation": "add_value"
      }
    ]
  }
}
