{
  "description": "Dragonyield",
  "supported_items": "#minecraft:enchantable/armor",
  "weight": 1,
  "max_level": 3,
  "min_cost": {
    "base": 10,
    "per_level_above_first": 20
  },
  "max_cost": {
    "base": 60,
    "per_level_above_first": 20
  },
  "anvil_cost": 8,
  "slots": [
    "armor"
  ],
  "effects": {
    "minecraft:post_attack": [
      {
        "enchanted": "victim",
        "affected": "attacker",
        "effect": {
          "type": "minecraft:all_of",
          "effects": [
            {
              "type": "minecraft:damage_entity",
              "damage_type": "minecraft:player_attack",
              "min_damage": 4,
              "max_damage": 20
            }
          ]
        },
        "requirements": [
          {
            "condition": "minecraft:entity_properties",
            "entity": "attacker",
            "predicate": {
              "type": "minecraft:ender_dragon"
            }
          },
          {
            "condition": "minecraft:random_chance",
            "chance": {
              "type": "minecraft:enchantment_level",
              "amount": {
                "type": "minecraft:linear",
                "base": 0.15,
                "per_level_above_first": 0.15
              }
            }
          }
        ]
      }
    ]
  }
}
