{
  "description": "Dragonsight",
  "supported_items": "#dke:enchantable/dragonsight",
  "weight": 2,
  "max_level": 1,
  "min_cost": {
    "base": 1,
    "per_level_above_first": 0
  },
  "max_cost": {
    "base": 41,
    "per_level_above_first": 0
  },
  "anvil_cost": 4,
  "slots": [
    "head"
  ],
  "effects": {
    "minecraft:tick": [
      {
        "effect": {
          "type": "minecraft:apply_mob_effect",
          "to_apply": "minecraft:night_vision",
          "min_duration": 12,
          "max_duration": 12,
          "min_amplifier": 36,
          "max_amplifier": 36
        }
      },
      {
        "effect": {
          "type": "minecraft:run_function",
          "function": "dke:enchantments/dragonsight"
        },
        "requirements": {
          "condition": "minecraft:entity_properties",
          "entity": "this",
          "predicate": {
            "periodic_tick": 20
          }
        }
      }
    ]
  }
}
