{
  "description": "Voidwalk",
  "exclusive_set": "#minecraft:exclusive_set/boots",
  "supported_items": "#minecraft:enchantable/foot_armor",
  "weight": 2,
  "max_level": 1,
  "min_cost": {
    "base": 10,
    "per_level_above_first": 10
  },
  "max_cost": {
    "base": 25,
    "per_level_above_first": 10
  },
  "anvil_cost": 4,
  "slots": [
    "feet"
  ],
  "effects": {
    "minecraft:tick": [
      {
        "effect": {
          "type": "minecraft:run_function",
          "function": "dke:enchantments/voidwalk"
        },
        "requirements": {
          "condition": "minecraft:all_of",
          "terms": [
            {
              "condition": "minecraft:inverted",
              "term": {
                "condition": "minecraft:location_check",
                "predicate": {
                  "position": {
                    "y": 0
                  },
                  "block": {
                    "blocks": "minecraft:bedrock"
                  }
                }
              }
            },
            {
              "condition": "minecraft:entity_properties",
              "entity": "this",
              "predicate": {
                "flags": {
                  "is_on_ground": false,
                  "is_flying": false
                }
              }
            }
          ]
        }
      }
    ]
  }
}
