{
  "description": "Wingspan",
  "exclusive_set": "minecraft:sweeping_edge",
  "supported_items": "#minecraft:enchantable/sword",
  "weight": 2,
  "max_level": 5,
  "min_cost": {
    "base": 5,
    "per_level_above_first": 9
  },
  "max_cost": {
    "base": 20,
    "per_level_above_first": 9
  },
  "anvil_cost": 4,
  "slots": [
    "mainhand"
  ],
  "effects": {
    "minecraft:attributes": [
      {
        "id": "dke:wingspan_damage",
        "attribute": "minecraft:player.sweeping_damage_ratio",
        "amount": {
          "type": "minecraft:linear",
          "base": 1.25,
          "per_level_above_first": 1.5
        },
        "operation": "add_multiplied_total"
      }
    ],
    "minecraft:post_attack": [
      {
        "enchanted": "attacker",
        "affected": "damaging_entity",
        "effect": {
          "type": "minecraft:run_function",
          "function": "dke:enchantments/wingspan_effects"
        }
      }
    ]
  }
}
