{
  "display": {
    "icon": {
      "id": "minecraft:stone_sword",
      "count": 1,
      "components": {
        "minecraft:custom_model_data": 8603000,
        "minecraft:enchantment_glint_override": true
      }
    },
    "title": "Feel the Power",
    "description": "Collect all unique Dragon Items",
    "frame": "task",
    "show_toast": true,
    "announce_to_chat": true,
    "hidden": false
  },
  "parent": "dke:root",
  "criteria": {
    "collect-scepter": {
      "trigger": "minecraft:inventory_changed",
      "conditions": {
        "items": [
          {
            "predicates": {
              "minecraft:custom_data": {"dke.item":7}
            }
          }
        ]
      }
    },
    "collect-eyes": {
      "trigger": "minecraft:inventory_changed",
      "conditions": {
        "items": [
          {
            "predicates": {
              "minecraft:custom_data": {"dke.item":8}
            }
          }
        ]
      }
    },
    "collect-anchor": {
      "trigger": "minecraft:inventory_changed",
      "conditions": {
        "items": [
          {
            "predicates": {
              "minecraft:custom_data": {"dke.item":9}
            }
          }
        ]
      }
    },
    "collect-curaiss": {
      "trigger": "minecraft:inventory_changed",
      "conditions": {
        "items": [
          {
            "items": "minecraft:iron_chestplate",
            "predicates": {
              "minecraft:custom_data": {"dke.item":4}
            }
          }
        ]
      }
    },
    "collect-greaves": {
      "trigger": "minecraft:inventory_changed",
      "conditions": {
        "items": [
          {
            "items": "minecraft:iron_leggings",
            "predicates": {
              "minecraft:custom_data": {"dke.item":4}
            }
          }
        ]
      }
    },
    "collect-helmet": {
      "trigger": "minecraft:inventory_changed",
      "conditions": {
        "items": [
          {
            "items": "minecraft:iron_helmet",
            "predicates": {
              "minecraft:custom_data": {"dke.item":4}
            }
          }
        ]
      }
    },
    "collect-sabatons": {
      "trigger": "minecraft:inventory_changed",
      "conditions": {
        "items": [
          {
            "items": "minecraft:iron_boots",
            "predicates": {
              "minecraft:custom_data": {"dke.item":4}
            }
          }
        ]
      }
    },
    "collect-wings": {
      "trigger": "minecraft:inventory_changed",
      "conditions": {
        "items": [
          {
            "predicates": {
              "minecraft:custom_data": {"dke.item":6}
            }
          }
        ]
      }
    },
    "collect-crossbow": {
      "trigger": "minecraft:inventory_changed",
      "conditions": {
        "items": [
          {
            "predicates": {
              "minecraft:custom_data": {"dke.item":2}
            }
          }
        ]
      }
    },
    "collect-shield": {
      "trigger": "minecraft:inventory_changed",
      "conditions": {
        "items": [
          {
            "predicates": {
              "minecraft:custom_data": {"dke.item":5}
            }
          }
        ]
      }
    },
    "collect-sword": {
      "trigger": "minecraft:inventory_changed",
      "conditions": {
        "items": [
          {
            "predicates": {
              "minecraft:custom_data": {"dke.item":1}
            }
          }
        ]
      }
    },
    "collect-pickaxe": {
      "trigger": "minecraft:inventory_changed",
      "conditions": {
        "items": [
          {
            "predicates": {
              "minecraft:custom_data": {"dke.item":3}
            }
          }
        ]
      }
    }
  }
}
