{
    "values": [
      { "id": "minecraft:snowy_taiga","required": false},
      { "id": "minecraft:snowy_plains","required": false},
      { "id": "minecraft:snowy_slopes","required": false},
      { "id": "minecraft:snowy_beach","required": false},
      { "id": "minecraft:ice_spikes","required": false},
      { "id": "minecraft:frozen_peaks","required": false},

      { "id": "eden:snowy_taiga","required": false},
      { "id": "eden:snowy_plains","required": false},
      { "id": "eden:snowy_slopes","required": false},
      { "id": "eden:snowy_beach","required": false},
      { "id": "eden:ice_spikes","required": false},
      { "id": "eden:frozen_peaks","required": false},

      { "id": "terralith:wintry_forest","required": false},
      { "id": "terralith:wintry_lowlands","required": false},
      { "id": "terralith:alpine_grove","required": false},
      { "id": "terralith:alpha_islands_winter","required": false},
      { "id": "terralith:glacial_chasm","required": false},
      { "id": "terralith:snowy_badlands","required": false},
      { "id": "terralith:snowy_cherry_grove","required": false},
      { "id": "terralith:snowy_maple_forest","required": false},
      { "id": "terralith:snowy_shield","required": false},
      { "id": "terralith:cold_shrubland","required": false},
      { "id": "terralith:ice_marsh","required": false},
      { "id": "terralith:skylands_winter","required": false}
    ]
  }