{
    "values": [
        "minecraft:forest",
        "minecraft:flower_forest",
        "minecraft:savanna",
        "minecraft:mushroom_fields",
        "minecraft:badlands",
        "minecraft:wooded_badlands",
        "minecraft:birch_forest",
        "minecraft:dark_forest",
        "minecraft:cherry_grove",
        "minecraft:taiga",
        "minecraft:snowy_taiga",
        "minecraft:ice_spikes",
        "minecraft:plains",
        "minecraft:savanna",

        { "id": "eden:forest","required": false},
        { "id": "eden:flower_forest","required": false},
        { "id": "eden:savanna","required": false},
        { "id": "eden:mushroom_fields","required": false},
        { "id": "eden:badlands","required": false},
        { "id": "eden:wooded_badlands","required": false},
        { "id": "eden:birch_forest","required": false},
        { "id": "eden:dark_forest","required": false},
        { "id": "eden:cherry_grove","required": false},
        { "id": "eden:taiga","required": false},
        { "id": "eden:snowy_taiga","required": false},
        { "id": "eden:ice_spikes","required": false},
        { "id": "eden:plains","required": false},
        { "id": "eden:savanna","required": false},

        { 
            "id": "terralith:blooming_plateau",
            "required": false
        },
        { 
            "id": "terralith:blooming_valley",
            "required": false
        },
        { 
            "id": "terralith:brushland",
            "required": false
        },
        { 
            "id": "terralith:sakura_grove",
            "required": false
        },
        { 
            "id": "terralith:hot_shrubland",
            "required": false
        },
        { 
            "id": "terralith:moonlight_grove",
            "required": false
        },
        { 
            "id": "terralith:rocky_shrubland",
            "required": false
        },
        { 
            "id": "terralith:shield_clearing",
            "required": false
        },
        { 
            "id": "terralith:shield",
            "required": false
        },
        { 
            "id": "terralith:shrubland",
            "required": false
        },
        { 
            "id": "terralith:wintry_forest",
            "required": false
        },
        { 
            "id": "terralith:valley_clearing",
            "required": false
        },
        { 
            "id": "terralith:steppe",
            "required": false
        },
        { 
            "id": "terralith:yosemite_lowlands",
            "required": false
        },
        { 
            "id": "terralith:glacial_chasm",
            "required": false
        },
        { 
            "id": "terralith:snowy_badlands",
            "required": false
        },
        { 
            "id": "terralith:snowy_maple_forest",
            "required": false
        }
    ]
}