{
    "values": [
        "minecraft:badlands",
        "minecraft:bamboo_jungle",
        "minecraft:birch_forest",
        "minecraft:cherry_grove",
        "minecraft:dark_forest",
        "minecraft:desert",
        "minecraft:eroded_badlands",
        "minecraft:flower_forest",
        "minecraft:forest",
        "minecraft:frozen_peaks",
        "minecraft:grove",
        "minecraft:ice_spikes",
        "minecraft:jagged_peaks",
        "minecraft:jungle",
        "minecraft:mangrove_swamp",
        "minecraft:meadow",
        "minecraft:old_growth_birch_forest",
        "minecraft:old_growth_pine_taiga",
        "minecraft:old_growth_spruce_taiga",
        "minecraft:plains",
        "minecraft:savanna",
        "minecraft:savanna_plateau",
        "minecraft:snowy_plains",
        "minecraft:snowy_slopes",
        "minecraft:snowy_taiga",
        "minecraft:sparse_jungle",
        "minecraft:stony_peaks",
        "minecraft:sunflower_plains",
        "minecraft:swamp",
        "minecraft:taiga",
        "minecraft:windswept_forest",
        "minecraft:windswept_gravelly_hills",
        "minecraft:windswept_hills",
        "minecraft:windswept_savanna",
        "minecraft:wooded_badlands",
        
        { "id": "eden:badlands","required": false},
        { "id": "eden:bamboo_jungle","required": false},
        { "id": "eden:birch_forest","required": false},
        { "id": "eden:cherry_grove","required": false},
        { "id": "eden:dark_forest","required": false},
        { "id": "eden:desert","required": false},
        { "id": "eden:eroded_badlands","required": false},
        { "id": "eden:flower_forest","required": false},
        { "id": "eden:forest","required": false},
        { "id": "eden:frozen_peaks","required": false},
        { "id": "eden:grove","required": false},
        { "id": "eden:ice_spikes","required": false},
        { "id": "eden:jagged_peaks","required": false},
        { "id": "eden:jungle","required": false},
        { "id": "eden:mangrove_swamp","required": false},
        { "id": "eden:meadow","required": false},
        { "id": "eden:old_growth_birch_forest","required": false},
        { "id": "eden:old_growth_pine_taiga","required": false},
        { "id": "eden:old_growth_spruce_taiga","required": false},
        { "id": "eden:plains","required": false},
        { "id": "eden:savanna","required": false},
        { "id": "eden:savanna_plateau","required": false},
        { "id": "eden:snowy_plains","required": false},
        { "id": "eden:snowy_slopes","required": false},
        { "id": "eden:snowy_taiga","required": false},
        { "id": "eden:sparse_jungle","required": false},
        { "id": "eden:stony_peaks","required": false},
        { "id": "eden:sunflower_plains","required": false},
        { "id": "eden:swamp","required": false},
        { "id": "eden:taiga","required": false},
        { "id": "eden:windswept_forest","required": false},
        { "id": "eden:windswept_gravelly_hills","required": false},
        { "id": "eden:windswept_hills","required": false},
        { "id": "eden:windswept_savanna","required": false},
        { "id": "eden:wooded_badlands","required": false},
        
        { 
            "id": "biomesoplenty:aspen_glade",
            "required": false
        },{ 
            "id": "biomesoplenty:auroral_garden",
            "required": false
        },{ 
            "id": "biomesoplenty:bamboo_grove",
            "required": false
        },{ 
            "id": "biomesoplenty:bog",
            "required": false
        },{ 
            "id": "biomesoplenty:cherry_blossom_grove",
            "required": false
        },{ 
            "id": "biomesoplenty:grassland",
            "required": false
        },{ 
            "id": "biomesoplenty:clover_patch",
            "required": false
        },{ 
            "id": "biomesoplenty:cold_desert",
            "required": false
        },{ 
            "id": "biomesoplenty:coniferous_forest",
            "required": false
        },{ 
            "id": "biomesoplenty:fir_clearing",
            "required": false
        },{ 
            "id": "biomesoplenty:snowy_coniferous_forest",
            "required": false
        },{ 
            "id": "biomesoplenty:snowy_fir_clearing",
            "required": false
        },{ 
            "id": "biomesoplenty:highland",
            "required": false
        },{ 
            "id": "biomesoplenty:crag",
            "required": false
        },{ 
            "id": "biomesoplenty:highland_moor",
            "required": false
        },{ 
            "id": "biomesoplenty:dead_forest",
            "required": false
        },{ 
            "id": "biomesoplenty:old_growth_dead_forest",
            "required": false
        },{ 
            "id": "biomesoplenty:dryland",
            "required": false
        },{ 
            "id": "biomesoplenty:field",
            "required": false
        },{ 
            "id": "biomesoplenty:forested_field",
            "required": false
        },{ 
            "id": "biomesoplenty:floodplain",
            "required": false
        },{ 
            "id": "biomesoplenty:fungal_jungle",
            "required": false
        },{ 
            "id": "biomesoplenty:hot_springs",
            "required": false
        },{ 
            "id": "biomesoplenty:jade_cliffs",
            "required": false
        },{ 
            "id": "biomesoplenty:lavender_field",
            "required": false
        },{ 
            "id": "biomesoplenty:lavender_forest",
            "required": false
        },{ 
            "id": "biomesoplenty:lush_desert",
            "required": false
        },{ 
            "id": "biomesoplenty:lush_savanna",
            "required": false
        },{ 
            "id": "biomesoplenty:maple_woods",
            "required": false
        },{ 
            "id": "biomesoplenty:snowy_maple_woods",
            "required": false
        },{ 
            "id": "biomesoplenty:marsh",
            "required": false
        },{ 
            "id": "biomesoplenty:mediterranean_forest",
            "required": false
        },{ 
            "id": "biomesoplenty:muskeg",
            "required": false
        },{ 
            "id": "biomesoplenty:mystic_grove",
            "required": false
        },{ 
            "id": "biomesoplenty:ominous_woods",
            "required": false
        },{ 
            "id": "biomesoplenty:orchard",
            "required": false
        },{ 
            "id": "biomesoplenty:origin_valley",
            "required": false
        },{ 
            "id": "biomesoplenty:wintry_origin_valley",
            "required": false
        },{ 
            "id": "biomesoplenty:prairie",
            "required": false
        },{ 
            "id": "biomesoplenty:pasture",
            "required": false
        },{ 
            "id": "biomesoplenty:seasonal_forest",
            "required": false
        },{ 
            "id": "biomesoplenty:pumpkin_patch",
            "required": false
        },{ 
            "id": "biomesoplenty:rainforest",
            "required": false
        },{ 
            "id": "biomesoplenty:rocky_rainforest",
            "required": false
        },{ 
            "id": "biomesoplenty:redwood_forest",
            "required": false
        },{ 
            "id": "biomesoplenty:shrubland",
            "required": false
        },{ 
            "id": "biomesoplenty:scrubland",
            "required": false
        },{ 
            "id": "biomesoplenty:wooded_scrubland",
            "required": false
        },{ 
            "id": "biomesoplenty:tropics",
            "required": false
        },{ 
            "id": "biomesoplenty:tundra",
            "required": false
        },{ 
            "id": "biomesoplenty:wasteland",
            "required": false
        },{ 
            "id": "biomesoplenty:wasteland_steppe",
            "required": false
        },{ 
            "id": "terralith:alpine_grove",
            "required": false
        },{ 
            "id": "terralith:alpine_highlands",
            "required": false
        },{ 
            "id": "terralith:amethyst_canyon",
            "required": false
        },{ 
            "id": "terralith:amethyst_rainforest",
            "required": false
        },{ 
            "id": "terralith:ancient_sands",
            "required": false
        },{ 
            "id": "terralith:arid_highlands",
            "required": false
        },{ 
            "id": "terralith:ashen_savanna",
            "required": false
        },{ 
            "id": "terralith:basalt_cliffs",
            "required": false
        },{ 
            "id": "terralith:birch_taiga",
            "required": false
        },{ 
            "id": "terralith:blooming_plateau",
            "required": false
        },{ 
            "id": "terralith:blooming_valley",
            "required": false
        },{ 
            "id": "terralith:brushland",
            "required": false
        },{ 
            "id": "terralith:bryce_canyon",
            "required": false
        },{ 
            "id": "terralith:caldera",
            "required": false
        },{ 
            "id": "terralith:cloud_forest",
            "required": false
        },{ 
            "id": "terralith:cold_shrubland",
            "required": false
        },{ 
            "id": "terralith:desert_canyon",
            "required": false
        },{ 
            "id": "terralith:desert_oasis",
            "required": false
        },{ 
            "id": "terralith:desert_spires",
            "required": false
        },{ 
            "id": "terralith:emerald_peaks",
            "required": false
        },{ 
            "id": "terralith:forested_highlands",
            "required": false
        },{ 
            "id": "terralith:fractured_savanna",
            "required": false
        },{ 
            "id": "terralith:frozen_cliffs",
            "required": false
        },{ 
            "id": "terralith:glacial_chasm",
            "required": false
        },{ 
            "id": "terralith:gravel_desert",
            "required": false
        },{ 
            "id": "terralith:haze_mountain",
            "required": false
        },{ 
            "id": "terralith:highlands",
            "required": false
        },{ 
            "id": "terralith:hot_shrubland",
            "required": false
        },{ 
            "id": "terralith:ice_marsh",
            "required": false
        },{ 
            "id": "terralith:jungle_mountains",
            "required": false
        },{ 
            "id": "terralith:lavender_forest",
            "required": false
        },{ 
            "id": "terralith:lavender_valley",
            "required": false
        },{ 
            "id": "terralith:lush_desert",
            "required": false
        },{ 
            "id": "terralith:lush_valley",
            "required": false
        },{ 
            "id": "terralith:moonlight_grove",
            "required": false
        },{ 
            "id": "terralith:moonlight_valley",
            "required": false
        },{ 
            "id": "terralith:mountain_steppe",
            "required": false
        },{ 
            "id": "terralith:orchid_swamp",
            "required": false
        },{ 
            "id": "terralith:painted_mountains",
            "required": false
        },{ 
            "id": "terralith:red_oasis",
            "required": false
        },{ 
            "id": "terralith:rocky_jungle",
            "required": false
        },{ 
            "id": "terralith:rocky_mountains",
            "required": false
        },{ 
            "id": "terralith:rocky_shrubland",
            "required": false
        },{ 
            "id": "terralith:sakura_grove",
            "required": false
        },{ 
            "id": "terralith:sakura_valley",
            "required": false
        },{ 
            "id": "terralith:sandstone_valley",
            "required": false
        },{ 
            "id": "terralith:savanna_badlands",
            "required": false
        },{ 
            "id": "terralith:savanna_slopes",
            "required": false
        },{ 
            "id": "terralith:scarlet_mountains",
            "required": false
        },{ 
            "id": "terralith:shield_clearing",
            "required": false
        },{ 
            "id": "terralith:shield",
            "required": false
        },{ 
            "id": "terralith:shrubland",
            "required": false
        },{ 
            "id": "terralith:siberian_grove",
            "required": false
        },{ 
            "id": "terralith:siberian_taiga",
            "required": false
        },{ 
            "id": "terralith:snowy_badlands",
            "required": false
        },{ 
            "id": "terralith:snowy_cherry_grove",
            "required": false
        },{ 
            "id": "terralith:snowy_maple_forest",
            "required": false
        },{ 
            "id": "terralith:snowy_shield",
            "required": false
        },{ 
            "id": "terralith:steppe",
            "required": false
        },{ 
            "id": "terralith:stony_spires",
            "required": false
        },{ 
            "id": "terralith:temperate_highlands",
            "required": false
        },{ 
            "id": "terralith:tropical_jungle",
            "required": false
        },{ 
            "id": "terralith:valley_clearing",
            "required": false
        },{ 
            "id": "terralith:volcanic_crater",
            "required": false
        },{ 
            "id": "terralith:volcanic_peaks",
            "required": false
        },{ 
            "id": "terralith:warped_mesa",
            "required": false
        },{ 
            "id": "terralith:white_mesa",
            "required": false
        },{ 
            "id": "terralith:windswept_spires",
            "required": false
        },{ 
            "id": "terralith:wintry_forest",
            "required": false
        },{ 
            "id": "terralith:wintry_lowlands",
            "required": false
        },{ 
            "id": "terralith:yellowstone",
            "required": false
        },{ 
            "id": "terralith:yosemite_cliffs",
            "required": false
        },{ 
            "id": "terralith:yosemite_lowlands",
            "required": false
        }
    ]
}