{
    "fallback": "minecraft:empty",
    "elements": [
        {
            "weight": 1,
            "element": {
                "location": "forsaken:wells/entities/frog",
                "processors": "minecraft:empty",
                "projection": "rigid",
                "element_type": "minecraft:legacy_single_pool_element"
            }
        },
        {
            "weight": 1,
            "element": {
                "location": "forsaken:wells/entities/tadpole",
                "processors": "minecraft:empty",
                "projection": "rigid",
                "element_type": "minecraft:legacy_single_pool_element"
            }
        }
    ]
}