[
    {
      "condition": "minecraft:any_of",
      "terms": [
        {
          "condition": "minecraft:location_check",
          "predicate": {
            "biome": "minecraft:snowy_beach"
          }
        },
        {
          "condition": "minecraft:location_check",
          "predicate": {
            "biome": "minecraft:snowy_plains"
          }
        },
        {
          "condition": "minecraft:location_check",
          "predicate": {
            "biome": "minecraft:ice_spikes"
          }
        },
        {
          "condition": "minecraft:location_check",
          "predicate": {
            "biome": "minecraft:frozen_river"
          }
        },
        {
          "condition": "minecraft:location_check",
          "predicate": {
            "biome": "eden:snowy_beach"
          }
        },
        {
          "condition": "minecraft:location_check",
          "predicate": {
            "biome": "eden:snowy_plains"
          }
        },
        {
          "condition": "minecraft:location_check",
          "predicate": {
            "biome": "eden:ice_spikes"
          }
        },
        {
          "condition": "minecraft:location_check",
          "predicate": {
            "biome": "eden:frozen_river"
          }
        },
        {
          "condition": "minecraft:location_check",
          "predicate": {
            "biome": "terralith:frozen_cliffs"
          }
        },
        {
          "condition": "minecraft:location_check",
          "predicate": {
            "biome": "terralith:glacial_chasm"
          }
        },
        {
          "condition": "minecraft:location_check",
          "predicate": {
            "biome": "terralith:alpha_islands_winter"
          }
        },
        {
          "condition": "minecraft:location_check",
          "predicate": {
            "biome": "terralith:wintry_forest"
          }
        },
        {
          "condition": "minecraft:location_check",
          "predicate": {
            "biome": "terralith:snowy_badlands"
          }
        }
      ]
    }
  ]
  