{
  "processors": [
    {
      "processor_type": "minecraft:rule",
      "rules": [
        {
          "location_predicate": {
            "predicate_type": "minecraft:block_match",
            "block": "minecraft:water"
          },
          "input_predicate": {
            "predicate_type": "minecraft:block_match",
            "block": "minecraft:mycelium"
          },
          "output_state": {
            "Name": "minecraft:oak_slab",
            "Properties": {
              "type": "top",
              "waterlogged": "true"
            }
          }
        }
      ]
    },
    {
      "processor_type": "minecraft:rule",
      "rules": [
        {
          "location_predicate": {
            "predicate_type": "minecraft:always_true"
          },
          "input_predicate": {
            "predicate_type": "minecraft:random_block_match",
            "block": "minecraft:mycelium",
            "probability": 0.15
          },
          "output_state": {
            "Name": "minecraft:coarse_dirt"
          }
        },
        {
          "location_predicate": {
            "predicate_type": "minecraft:always_true"
          },
          "input_predicate": {
            "predicate_type": "minecraft:random_block_match",
            "block": "minecraft:mycelium",
            "probability": 0.15
          },
          "output_state": {
            "Name": "minecraft:dead_brain_coral_block"
          }
        },
        {
          "location_predicate": {
            "predicate_type": "minecraft:always_true"
          },
          "input_predicate": {
            "predicate_type": "minecraft:random_block_match",
            "block": "minecraft:mycelium",
            "probability": 0.15
          },
          "output_state": {
            "Name": "minecraft:dead_bubble_coral_block"
          }
        }
      ]
    },
    {
      "processor_type": "minecraft:rule",
      "rules": [
        {
          "location_predicate": {
            "predicate_type": "minecraft:always_true"
          },
          "input_predicate": {
            "predicate_type": "minecraft:random_block_match",
            "block": "minecraft:ancient_debris",
            "probability": 0.125
          },
          "output_state": {
            "Name": "minecraft:deepslate_diamond_ore"
          }
        },
        {
          "location_predicate": {
            "predicate_type": "minecraft:always_true"
          },
          "input_predicate": {
            "predicate_type": "minecraft:random_block_match",
            "block": "minecraft:ancient_debris",
            "probability": 0.125
          },
          "output_state": {
            "Name": "minecraft:deepslate_gold_ore"
          }
        },
        {
          "location_predicate": {
            "predicate_type": "minecraft:always_true"
          },
          "input_predicate": {
            "predicate_type": "minecraft:random_block_match",
            "block": "minecraft:ancient_debris",
            "probability": 0.125
          },
          "output_state": {
            "Name": "minecraft:deepslate_iron_ore"
          }
        },
        {
          "location_predicate": {
            "predicate_type": "minecraft:always_true"
          },
          "input_predicate": {
            "predicate_type": "minecraft:random_block_match",
            "block": "minecraft:ancient_debris",
            "probability": 0.125
          },
          "output_state": {
            "Name": "minecraft:deepslate_coal_ore"
          }
        },
        {
          "location_predicate": {
            "predicate_type": "minecraft:always_true"
          },
          "input_predicate": {
            "predicate_type": "minecraft:random_block_match",
            "block": "minecraft:ancient_debris",
            "probability": 0.125
          },
          "output_state": {
            "Name": "minecraft:deepslate_lapis_ore"
          }
        },
        {
          "location_predicate": {
            "predicate_type": "minecraft:always_true"
          },
          "input_predicate": {
            "predicate_type": "minecraft:random_block_match",
            "block": "minecraft:ancient_debris",
            "probability": 0.125
          },
          "output_state": {
            "Name": "minecraft:deepslate_redstone_ore",
            "Properties": {
              "lit": "false"
            }
          }
        },
        {
          "location_predicate": {
            "predicate_type": "minecraft:always_true"
          },
          "input_predicate": {
            "predicate_type": "minecraft:random_block_match",
            "block": "minecraft:ancient_debris",
            "probability": 0.125
          },
          "output_state": {
            "Name": "minecraft:deepslate_copper_ore",
            "Properties": {
              "lit": "false"
            }
          }
        }
      ]
    }
  ]
}
