{
    "processors": [
        {
            "processor_type": "minecraft:rule",
            "rules": [
                {
                    "location_predicate": {
                        "predicate_type": "minecraft:always_true"
                    },
                    "input_predicate": {
                        "predicate_type": "minecraft:random_blockstate_match",
                        "block_state": {
                            "Name": "minecraft:acacia_wood",
                            "Properties": {
                                "axis": "y"
                            }
                        },
                        "probability": 0.05
                    },
                    "output_state": {
                        "Name": "minecraft:cobblestone_stairs",
                        "Properties": {
                            "half": "bottom",
                            "shape": "straight",
                            "waterlogged": "false",
                            "facing": "north"
                        }
                    }
                },
                {
                    "location_predicate": {
                        "predicate_type": "minecraft:always_true"
                    },
                    "input_predicate": {
                        "predicate_type": "minecraft:random_blockstate_match",
                        "block_state": {
                            "Name": "minecraft:acacia_wood",
                            "Properties": {
                                "axis": "y"
                            }
                        },
                        "probability": 0.05
                    },
                    "output_state": {
                        "Name": "minecraft:cobblestone_stairs",
                        "Properties": {
                            "half": "bottom",
                            "shape": "straight",
                            "waterlogged": "false",
                            "facing": "south"
                        }
                    }
                },
                {
                    "location_predicate": {
                        "predicate_type": "minecraft:always_true"
                    },
                    "input_predicate": {
                        "predicate_type": "minecraft:random_blockstate_match",
                        "block_state": {
                            "Name": "minecraft:acacia_wood",
                            "Properties": {
                                "axis": "y"
                            }
                        },
                        "probability": 0.05
                    },
                    "output_state": {
                        "Name": "minecraft:cobblestone_stairs",
                        "Properties": {
                            "half": "bottom",
                            "shape": "straight",
                            "waterlogged": "false",
                            "facing": "west"
                        }
                    }
                },
                {
                    "location_predicate": {
                        "predicate_type": "minecraft:always_true"
                    },
                    "input_predicate": {
                        "predicate_type": "minecraft:random_blockstate_match",
                        "block_state": {
                            "Name": "minecraft:acacia_wood",
                            "Properties": {
                                "axis": "y"
                            }
                        },
                        "probability": 0.05
                    },
                    "output_state": {
                        "Name": "minecraft:cobblestone_stairs",
                        "Properties": {
                            "half": "bottom",
                            "shape": "straight",
                            "waterlogged": "false",
                            "facing": "east"
                        }
                    }
                },
                {
                    "location_predicate": {
                        "predicate_type": "minecraft:always_true"
                    },
                    "input_predicate": {
                        "predicate_type": "minecraft:block_match",
                        "block": "minecraft:acacia_wood"
                    },
                    "output_state": {
                        "Name": "minecraft:cobblestone"
                    }
                }
            ]
        },
        {
            "processor_type": "minecraft:rule",
            "rules": [
                {
                    "location_predicate": {
                        "predicate_type": "minecraft:always_true"
                    },
                    "input_predicate": {
                        "predicate_type": "minecraft:random_block_match",
                        "block": "minecraft:green_stained_glass",
                        "probability": 0.1
                    },
                    "output_state": {
                        "Name": "minecraft:hanging_roots",
                        "Properties": {
                            "waterlogged": "false"
                        }
                    }
                },
                {
                    "location_predicate": {
                        "predicate_type": "minecraft:always_true"
                    },
                    "input_predicate": {
                        "predicate_type": "minecraft:block_match",
                        "block": "minecraft:green_stained_glass"
                    },
                    "output_state": {
                        "Name": "minecraft:air"
                    }
                }
            ]
        },
        {
            "processor_type": "minecraft:rule",
            "rules": [
                {
                    "location_predicate": {
                        "predicate_type": "minecraft:always_true"
                    },
                    "input_predicate": {
                        "predicate_type": "minecraft:random_block_match",
                        "block": "minecraft:oak_wood",
                        "probability": 0.0075
                    },
                    "output_state": {
                        "Name": "minecraft:barrel",
                        "Properties": {
                            "facing": "north",
                            "open": "false"
                        }
                    },
                    "block_entity_modifier": {
                        "type": "minecraft:append_loot",
                        "loot_table": "forsaken:junk/food/plains"
                    }
                },
                {
                    "location_predicate": {
                        "predicate_type": "minecraft:always_true"
                    },
                    "input_predicate": {
                        "predicate_type": "minecraft:random_block_match",
                        "block": "minecraft:oak_wood",
                        "probability": 0.0075
                    },
                    "output_state": {
                        "Name": "minecraft:barrel",
                        "Properties": {
                            "facing": "east",
                            "open": "false"
                        }
                    },
                    "block_entity_modifier": {
                        "type": "minecraft:append_loot",
                        "loot_table": "forsaken:junk/food/plains"
                    }
                },
                {
                    "location_predicate": {
                        "predicate_type": "minecraft:always_true"
                    },
                    "input_predicate": {
                        "predicate_type": "minecraft:random_block_match",
                        "block": "minecraft:oak_wood",
                        "probability": 0.0075
                    },
                    "output_state": {
                        "Name": "minecraft:barrel",
                        "Properties": {
                            "facing": "south",
                            "open": "false"
                        }
                    },
                    "block_entity_modifier": {
                        "type": "minecraft:append_loot",
                        "loot_table": "forsaken:junk/food/plains"
                    }
                },
                {
                    "location_predicate": {
                        "predicate_type": "minecraft:always_true"
                    },
                    "input_predicate": {
                        "predicate_type": "minecraft:random_block_match",
                        "block": "minecraft:oak_wood",
                        "probability": 0.0075
                    },
                    "output_state": {
                        "Name": "minecraft:barrel",
                        "Properties": {
                            "facing": "west",
                            "open": "false"
                        }
                    },
                    "block_entity_modifier": {
                        "type": "minecraft:append_loot",
                        "loot_table": "forsaken:junk/food/plains"
                    }
                },
                {
                    "location_predicate": {
                        "predicate_type": "minecraft:always_true"
                    },
                    "input_predicate": {
                        "predicate_type": "minecraft:random_block_match",
                        "block": "minecraft:oak_wood",
                        "probability": 0.0075
                    },
                    "output_state": {
                        "Name": "minecraft:barrel",
                        "Properties": {
                            "facing": "up",
                            "open": "false"
                        }
                    },
                    "block_entity_modifier": {
                        "type": "minecraft:append_loot",
                        "loot_table": "forsaken:junk/food/plains"
                    }
                }
            ]
        },
        {
            "processor_type": "minecraft:rule",
            "rules": [
                {
                    "location_predicate": {
                        "predicate_type": "minecraft:always_true"
                    },
                    "input_predicate": {
                        "predicate_type": "minecraft:random_block_match",
                        "block": "minecraft:oak_wood",
                        "probability": 0.0075
                    },
                    "output_state": {
                        "Name": "minecraft:barrel",
                        "Properties": {
                            "facing": "north",
                            "open": "false"
                        }
                    },
                    "block_entity_modifier": {
                        "type": "minecraft:append_loot",
                        "loot_table": "forsaken:junk/food/drinks"
                    }
                },
                {
                    "location_predicate": {
                        "predicate_type": "minecraft:always_true"
                    },
                    "input_predicate": {
                        "predicate_type": "minecraft:random_block_match",
                        "block": "minecraft:oak_wood",
                        "probability": 0.0075
                    },
                    "output_state": {
                        "Name": "minecraft:barrel",
                        "Properties": {
                            "facing": "east",
                            "open": "false"
                        }
                    },
                    "block_entity_modifier": {
                        "type": "minecraft:append_loot",
                        "loot_table": "forsaken:junk/food/drinks"
                    }
                },
                {
                    "location_predicate": {
                        "predicate_type": "minecraft:always_true"
                    },
                    "input_predicate": {
                        "predicate_type": "minecraft:random_block_match",
                        "block": "minecraft:oak_wood",
                        "probability": 0.0075
                    },
                    "output_state": {
                        "Name": "minecraft:barrel",
                        "Properties": {
                            "facing": "south",
                            "open": "false"
                        }
                    },
                    "block_entity_modifier": {
                        "type": "minecraft:append_loot",
                        "loot_table": "forsaken:junk/food/drinks"
                    }
                },
                {
                    "location_predicate": {
                        "predicate_type": "minecraft:always_true"
                    },
                    "input_predicate": {
                        "predicate_type": "minecraft:random_block_match",
                        "block": "minecraft:oak_wood",
                        "probability": 0.0075
                    },
                    "output_state": {
                        "Name": "minecraft:barrel",
                        "Properties": {
                            "facing": "west",
                            "open": "false"
                        }
                    },
                    "block_entity_modifier": {
                        "type": "minecraft:append_loot",
                        "loot_table": "forsaken:junk/food/drinks"
                    }
                },
                {
                    "location_predicate": {
                        "predicate_type": "minecraft:always_true"
                    },
                    "input_predicate": {
                        "predicate_type": "minecraft:random_block_match",
                        "block": "minecraft:oak_wood",
                        "probability": 0.0075
                    },
                    "output_state": {
                        "Name": "minecraft:barrel",
                        "Properties": {
                            "facing": "up",
                            "open": "false"
                        }
                    },
                    "block_entity_modifier": {
                        "type": "minecraft:append_loot",
                        "loot_table": "forsaken:junk/food/drinks"
                    }
                }
            ]
        },
        {
            "processor_type": "minecraft:rule",
            "rules": [
                {
                    "location_predicate": {
                        "predicate_type": "minecraft:always_true"
                    },
                    "input_predicate": {
                        "predicate_type": "minecraft:random_block_match",
                        "block": "minecraft:oak_wood",
                        "probability": 0.0075
                    },
                    "output_state": {
                        "Name": "minecraft:chest",
                        "Properties": {
                            "type": "single",
                            "facing": "north",
                            "waterlogged": "false"
                        }
                    },
                    "block_entity_modifier": {
                        "type": "minecraft:append_loot",
                        "loot_table": "forsaken:junk/jewels"
                    }
                },
                {
                    "location_predicate": {
                        "predicate_type": "minecraft:always_true"
                    },
                    "input_predicate": {
                        "predicate_type": "minecraft:random_block_match",
                        "block": "minecraft:oak_wood",
                        "probability": 0.0075
                    },
                    "output_state": {
                        "Name": "minecraft:chest",
                        "Properties": {
                            "type": "single",
                            "facing": "south",
                            "waterlogged": "false"
                        }
                    },
                    "block_entity_modifier": {
                        "type": "minecraft:append_loot",
                        "loot_table": "forsaken:junk/jewels"
                    }
                },
                {
                    "location_predicate": {
                        "predicate_type": "minecraft:always_true"
                    },
                    "input_predicate": {
                        "predicate_type": "minecraft:random_block_match",
                        "block": "minecraft:oak_wood",
                        "probability": 0.0075
                    },
                    "output_state": {
                        "Name": "minecraft:chest",
                        "Properties": {
                            "type": "single",
                            "facing": "west",
                            "waterlogged": "false"
                        }
                    },
                    "block_entity_modifier": {
                        "type": "minecraft:append_loot",
                        "loot_table": "forsaken:junk/jewels"
                    }
                },
                {
                    "location_predicate": {
                        "predicate_type": "minecraft:always_true"
                    },
                    "input_predicate": {
                        "predicate_type": "minecraft:random_block_match",
                        "block": "minecraft:oak_wood",
                        "probability": 0.0075
                    },
                    "output_state": {
                        "Name": "minecraft:chest",
                        "Properties": {
                            "type": "single",
                            "facing": "east",
                            "waterlogged": "false"
                        }
                    },
                    "block_entity_modifier": {
                        "type": "minecraft:append_loot",
                        "loot_table": "forsaken:junk/jewels"
                    }
                }
            ]
        },
        {
            "processor_type": "minecraft:rule",
            "rules": [
                {
                    "location_predicate": {
                        "predicate_type": "minecraft:always_true"
                    },
                    "input_predicate": {
                        "predicate_type": "minecraft:random_block_match",
                        "block": "minecraft:oak_wood",
                        "probability": 0.0075
                    },
                    "output_state": {
                        "Name": "minecraft:chest",
                        "Properties": {
                            "type": "single",
                            "facing": "north",
                            "waterlogged": "false"
                        }
                    },
                    "block_entity_modifier": {
                        "type": "minecraft:append_loot",
                        "loot_table": "forsaken:junk/book"
                    }
                },
                {
                    "location_predicate": {
                        "predicate_type": "minecraft:always_true"
                    },
                    "input_predicate": {
                        "predicate_type": "minecraft:random_block_match",
                        "block": "minecraft:oak_wood",
                        "probability": 0.0075
                    },
                    "output_state": {
                        "Name": "minecraft:chest",
                        "Properties": {
                            "type": "single",
                            "facing": "south",
                            "waterlogged": "false"
                        }
                    },
                    "block_entity_modifier": {
                        "type": "minecraft:append_loot",
                        "loot_table": "forsaken:junk/book"
                    }
                },
                {
                    "location_predicate": {
                        "predicate_type": "minecraft:always_true"
                    },
                    "input_predicate": {
                        "predicate_type": "minecraft:random_block_match",
                        "block": "minecraft:oak_wood",
                        "probability": 0.0075
                    },
                    "output_state": {
                        "Name": "minecraft:chest",
                        "Properties": {
                            "type": "single",
                            "facing": "west",
                            "waterlogged": "false"
                        }
                    },
                    "block_entity_modifier": {
                        "type": "minecraft:append_loot",
                        "loot_table": "forsaken:junk/book"
                    }
                },
                {
                    "location_predicate": {
                        "predicate_type": "minecraft:always_true"
                    },
                    "input_predicate": {
                        "predicate_type": "minecraft:random_block_match",
                        "block": "minecraft:oak_wood",
                        "probability": 0.0075
                    },
                    "output_state": {
                        "Name": "minecraft:chest",
                        "Properties": {
                            "type": "single",
                            "facing": "east",
                            "waterlogged": "false"
                        }
                    },
                    "block_entity_modifier": {
                        "type": "minecraft:append_loot",
                        "loot_table": "forsaken:junk/book"
                    }
                }
            ]
        },
        {
            "processor_type": "minecraft:rule",
            "rules": [
                {
                    "location_predicate": {
                        "predicate_type": "minecraft:always_true"
                    },
                    "input_predicate": {
                        "predicate_type": "minecraft:random_block_match",
                        "block": "minecraft:oak_wood",
                        "probability": 0.0075
                    },
                    "output_state": {
                        "Name": "minecraft:chest",
                        "Properties": {
                            "type": "single",
                            "facing": "north",
                            "waterlogged": "false"
                        }
                    },
                    "block_entity_modifier": {
                        "type": "minecraft:append_loot",
                        "loot_table": "forsaken:valuable/paint"
                    }
                },
                {
                    "location_predicate": {
                        "predicate_type": "minecraft:always_true"
                    },
                    "input_predicate": {
                        "predicate_type": "minecraft:random_block_match",
                        "block": "minecraft:oak_wood",
                        "probability": 0.0075
                    },
                    "output_state": {
                        "Name": "minecraft:chest",
                        "Properties": {
                            "type": "single",
                            "facing": "south",
                            "waterlogged": "false"
                        }
                    },
                    "block_entity_modifier": {
                        "type": "minecraft:append_loot",
                        "loot_table": "forsaken:valuable/paint"
                    }
                },
                {
                    "location_predicate": {
                        "predicate_type": "minecraft:always_true"
                    },
                    "input_predicate": {
                        "predicate_type": "minecraft:random_block_match",
                        "block": "minecraft:oak_wood",
                        "probability": 0.0075
                    },
                    "output_state": {
                        "Name": "minecraft:chest",
                        "Properties": {
                            "type": "single",
                            "facing": "west",
                            "waterlogged": "false"
                        }
                    },
                    "block_entity_modifier": {
                        "type": "minecraft:append_loot",
                        "loot_table": "forsaken:valuable/paint"
                    }
                },
                {
                    "location_predicate": {
                        "predicate_type": "minecraft:always_true"
                    },
                    "input_predicate": {
                        "predicate_type": "minecraft:random_block_match",
                        "block": "minecraft:oak_wood",
                        "probability": 0.0075
                    },
                    "output_state": {
                        "Name": "minecraft:chest",
                        "Properties": {
                            "type": "single",
                            "facing": "east",
                            "waterlogged": "false"
                        }
                    },
                    "block_entity_modifier": {
                        "type": "minecraft:append_loot",
                        "loot_table": "forsaken:valuable/paint"
                    }
                }
            ]
        },
        {
            "processor_type": "minecraft:rule",
            "rules": [
                {
                    "location_predicate": {
                        "predicate_type": "minecraft:always_true"
                    },
                    "input_predicate": {
                        "predicate_type": "minecraft:random_block_match",
                        "block": "minecraft:oak_wood",
                        "probability": 0.0075
                    },
                    "output_state": {
                        "Name": "minecraft:chest",
                        "Properties": {
                            "type": "single",
                            "facing": "north",
                            "waterlogged": "false"
                        }
                    },
                    "block_entity_modifier": {
                        "type": "minecraft:append_loot",
                        "loot_table": "forsaken:junk/overgrown"
                    }
                },
                {
                    "location_predicate": {
                        "predicate_type": "minecraft:always_true"
                    },
                    "input_predicate": {
                        "predicate_type": "minecraft:random_block_match",
                        "block": "minecraft:oak_wood",
                        "probability": 0.0075
                    },
                    "output_state": {
                        "Name": "minecraft:chest",
                        "Properties": {
                            "type": "single",
                            "facing": "south",
                            "waterlogged": "false"
                        }
                    },
                    "block_entity_modifier": {
                        "type": "minecraft:append_loot",
                        "loot_table": "forsaken:junk/overgrown"
                    }
                },
                {
                    "location_predicate": {
                        "predicate_type": "minecraft:always_true"
                    },
                    "input_predicate": {
                        "predicate_type": "minecraft:random_block_match",
                        "block": "minecraft:oak_wood",
                        "probability": 0.0075
                    },
                    "output_state": {
                        "Name": "minecraft:chest",
                        "Properties": {
                            "type": "single",
                            "facing": "west",
                            "waterlogged": "false"
                        }
                    },
                    "block_entity_modifier": {
                        "type": "minecraft:append_loot",
                        "loot_table": "forsaken:junk/overgrown"
                    }
                },
                {
                    "location_predicate": {
                        "predicate_type": "minecraft:always_true"
                    },
                    "input_predicate": {
                        "predicate_type": "minecraft:random_block_match",
                        "block": "minecraft:oak_wood",
                        "probability": 0.0075
                    },
                    "output_state": {
                        "Name": "minecraft:chest",
                        "Properties": {
                            "type": "single",
                            "facing": "east",
                            "waterlogged": "false"
                        }
                    },
                    "block_entity_modifier": {
                        "type": "minecraft:append_loot",
                        "loot_table": "forsaken:junk/overgrown"
                    }
                },
                {
                    "location_predicate": {
                        "predicate_type": "minecraft:always_true"
                    },
                    "input_predicate": {
                        "predicate_type": "minecraft:random_block_match",
                        "block": "minecraft:oak_wood",
                        "probability": 0.0075
                    },
                    "output_state": {
                        "Name": "minecraft:barrel",
                        "Properties": {
                            "facing": "north",
                            "open": "false"
                        }
                    },
                    "block_entity_modifier": {
                        "type": "minecraft:append_loot",
                        "loot_table": "forsaken:junk/overgrown"
                    }
                },
                {
                    "location_predicate": {
                        "predicate_type": "minecraft:always_true"
                    },
                    "input_predicate": {
                        "predicate_type": "minecraft:random_block_match",
                        "block": "minecraft:oak_wood",
                        "probability": 0.0075
                    },
                    "output_state": {
                        "Name": "minecraft:barrel",
                        "Properties": {
                            "facing": "east",
                            "open": "false"
                        }
                    },
                    "block_entity_modifier": {
                        "type": "minecraft:append_loot",
                        "loot_table": "forsaken:junk/overgrown"
                    }
                },
                {
                    "location_predicate": {
                        "predicate_type": "minecraft:always_true"
                    },
                    "input_predicate": {
                        "predicate_type": "minecraft:random_block_match",
                        "block": "minecraft:oak_wood",
                        "probability": 0.0075
                    },
                    "output_state": {
                        "Name": "minecraft:barrel",
                        "Properties": {
                            "facing": "south",
                            "open": "false"
                        }
                    },
                    "block_entity_modifier": {
                        "type": "minecraft:append_loot",
                        "loot_table": "forsaken:junk/overgrown"
                    }
                },
                {
                    "location_predicate": {
                        "predicate_type": "minecraft:always_true"
                    },
                    "input_predicate": {
                        "predicate_type": "minecraft:random_block_match",
                        "block": "minecraft:oak_wood",
                        "probability": 0.0075
                    },
                    "output_state": {
                        "Name": "minecraft:barrel",
                        "Properties": {
                            "facing": "west",
                            "open": "false"
                        }
                    },
                    "block_entity_modifier": {
                        "type": "minecraft:append_loot",
                        "loot_table": "forsaken:junk/overgrown"
                    }
                },
                {
                    "location_predicate": {
                        "predicate_type": "minecraft:always_true"
                    },
                    "input_predicate": {
                        "predicate_type": "minecraft:random_block_match",
                        "block": "minecraft:oak_wood",
                        "probability": 0.0075
                    },
                    "output_state": {
                        "Name": "minecraft:barrel",
                        "Properties": {
                            "facing": "up",
                            "open": "false"
                        }
                    },
                    "block_entity_modifier": {
                        "type": "minecraft:append_loot",
                        "loot_table": "forsaken:junk/overgrown"
                    }
                }
            ]
        },
        {
            "processor_type": "minecraft:rule",
            "rules": [
                {
                    "location_predicate": {
                        "predicate_type": "minecraft:always_true"
                    },
                    "input_predicate": {
                        "predicate_type": "minecraft:random_block_match",
                        "block": "minecraft:oak_wood",
                        "probability": 0.0075
                    },
                    "output_state": {
                        "Name": "minecraft:chest",
                        "Properties": {
                            "type": "single",
                            "facing": "north",
                            "waterlogged": "false"
                        }
                    },
                    "block_entity_modifier": {
                        "type": "minecraft:append_loot",
                        "loot_table": "forsaken:junk/book"
                    }
                },
                {
                    "location_predicate": {
                        "predicate_type": "minecraft:always_true"
                    },
                    "input_predicate": {
                        "predicate_type": "minecraft:random_block_match",
                        "block": "minecraft:oak_wood",
                        "probability": 0.0075
                    },
                    "output_state": {
                        "Name": "minecraft:chest",
                        "Properties": {
                            "type": "single",
                            "facing": "south",
                            "waterlogged": "false"
                        }
                    },
                    "block_entity_modifier": {
                        "type": "minecraft:append_loot",
                        "loot_table": "forsaken:junk/book"
                    }
                },
                {
                    "location_predicate": {
                        "predicate_type": "minecraft:always_true"
                    },
                    "input_predicate": {
                        "predicate_type": "minecraft:random_block_match",
                        "block": "minecraft:oak_wood",
                        "probability": 0.0075
                    },
                    "output_state": {
                        "Name": "minecraft:chest",
                        "Properties": {
                            "type": "single",
                            "facing": "west",
                            "waterlogged": "false"
                        }
                    },
                    "block_entity_modifier": {
                        "type": "minecraft:append_loot",
                        "loot_table": "forsaken:junk/book"
                    }
                },
                {
                    "location_predicate": {
                        "predicate_type": "minecraft:always_true"
                    },
                    "input_predicate": {
                        "predicate_type": "minecraft:random_block_match",
                        "block": "minecraft:oak_wood",
                        "probability": 0.0075
                    },
                    "output_state": {
                        "Name": "minecraft:chest",
                        "Properties": {
                            "type": "single",
                            "facing": "east",
                            "waterlogged": "false"
                        }
                    },
                    "block_entity_modifier": {
                        "type": "minecraft:append_loot",
                        "loot_table": "forsaken:junk/book"
                    }
                }
            ]
        },
        {
            "processor_type": "minecraft:rule",
            "rules": [
                {
                    "location_predicate": {
                        "predicate_type": "minecraft:always_true"
                    },
                    "input_predicate": {
                        "predicate_type": "minecraft:random_block_match",
                        "block": "minecraft:oak_wood",
                        "probability": 0.0075
                    },
                    "output_state": {
                        "Name": "minecraft:chest",
                        "Properties": {
                            "type": "single",
                            "facing": "north",
                            "waterlogged": "false"
                        }
                    },
                    "block_entity_modifier": {
                        "type": "minecraft:append_loot",
                        "loot_table": "forsaken:valuable/paint"
                    }
                },
                {
                    "location_predicate": {
                        "predicate_type": "minecraft:always_true"
                    },
                    "input_predicate": {
                        "predicate_type": "minecraft:random_block_match",
                        "block": "minecraft:oak_wood",
                        "probability": 0.0075
                    },
                    "output_state": {
                        "Name": "minecraft:chest",
                        "Properties": {
                            "type": "single",
                            "facing": "south",
                            "waterlogged": "false"
                        }
                    },
                    "block_entity_modifier": {
                        "type": "minecraft:append_loot",
                        "loot_table": "forsaken:valuable/paint"
                    }
                },
                {
                    "location_predicate": {
                        "predicate_type": "minecraft:always_true"
                    },
                    "input_predicate": {
                        "predicate_type": "minecraft:random_block_match",
                        "block": "minecraft:oak_wood",
                        "probability": 0.0075
                    },
                    "output_state": {
                        "Name": "minecraft:chest",
                        "Properties": {
                            "type": "single",
                            "facing": "west",
                            "waterlogged": "false"
                        }
                    },
                    "block_entity_modifier": {
                        "type": "minecraft:append_loot",
                        "loot_table": "forsaken:valuable/paint"
                    }
                },
                {
                    "location_predicate": {
                        "predicate_type": "minecraft:always_true"
                    },
                    "input_predicate": {
                        "predicate_type": "minecraft:random_block_match",
                        "block": "minecraft:oak_wood",
                        "probability": 0.0075
                    },
                    "output_state": {
                        "Name": "minecraft:chest",
                        "Properties": {
                            "type": "single",
                            "facing": "east",
                            "waterlogged": "false"
                        }
                    },
                    "block_entity_modifier": {
                        "type": "minecraft:append_loot",
                        "loot_table": "forsaken:valuable/paint"
                    }
                }
            ]
        },
        {
            "processor_type": "minecraft:rule",
            "rules": [
                {
                    "location_predicate": {
                        "predicate_type": "minecraft:always_true"
                    },
                    "input_predicate": {
                        "predicate_type": "minecraft:random_block_match",
                        "block": "minecraft:oak_wood",
                        "probability": 0.0075
                    },
                    "output_state": {
                        "Name": "minecraft:barrel",
                        "Properties": {
                            "facing": "north",
                            "open": "false"
                        }
                    },
                    "block_entity_modifier": {
                        "type": "minecraft:append_loot",
                        "loot_table": "forsaken:valuable/forge"
                    }
                },
                {
                    "location_predicate": {
                        "predicate_type": "minecraft:always_true"
                    },
                    "input_predicate": {
                        "predicate_type": "minecraft:random_block_match",
                        "block": "minecraft:oak_wood",
                        "probability": 0.0075
                    },
                    "output_state": {
                        "Name": "minecraft:barrel",
                        "Properties": {
                            "facing": "east",
                            "open": "false"
                        }
                    },
                    "block_entity_modifier": {
                        "type": "minecraft:append_loot",
                        "loot_table": "forsaken:valuable/forge"
                    }
                },
                {
                    "location_predicate": {
                        "predicate_type": "minecraft:always_true"
                    },
                    "input_predicate": {
                        "predicate_type": "minecraft:random_block_match",
                        "block": "minecraft:oak_wood",
                        "probability": 0.0075
                    },
                    "output_state": {
                        "Name": "minecraft:barrel",
                        "Properties": {
                            "facing": "south",
                            "open": "false"
                        }
                    },
                    "block_entity_modifier": {
                        "type": "minecraft:append_loot",
                        "loot_table": "forsaken:valuable/forge"
                    }
                },
                {
                    "location_predicate": {
                        "predicate_type": "minecraft:always_true"
                    },
                    "input_predicate": {
                        "predicate_type": "minecraft:random_block_match",
                        "block": "minecraft:oak_wood",
                        "probability": 0.0075
                    },
                    "output_state": {
                        "Name": "minecraft:barrel",
                        "Properties": {
                            "facing": "west",
                            "open": "false"
                        }
                    },
                    "block_entity_modifier": {
                        "type": "minecraft:append_loot",
                        "loot_table": "forsaken:valuable/forge"
                    }
                },
                {
                    "location_predicate": {
                        "predicate_type": "minecraft:always_true"
                    },
                    "input_predicate": {
                        "predicate_type": "minecraft:random_block_match",
                        "block": "minecraft:oak_wood",
                        "probability": 0.0075
                    },
                    "output_state": {
                        "Name": "minecraft:barrel",
                        "Properties": {
                            "facing": "up",
                            "open": "false"
                        }
                    },
                    "block_entity_modifier": {
                        "type": "minecraft:append_loot",
                        "loot_table": "forsaken:valuable/forge"
                    }
                }
            ]
        },        
        {
            "processor_type": "minecraft:rule",
            "rules": [
                {
                    "location_predicate": {
                        "predicate_type": "minecraft:always_true"
                    },
                    "input_predicate": {
                        "predicate_type": "minecraft:random_block_match",
                        "block": "minecraft:oak_wood",
                        "probability": 0.05
                    },
                    "output_state": {
                        "Name": "minecraft:cauldron"
                    }
                },
                {
                    "location_predicate": {
                        "predicate_type": "minecraft:always_true"
                    },
                    "input_predicate": {
                        "predicate_type": "minecraft:random_block_match",
                        "block": "minecraft:oak_wood",
                        "probability": 0.05
                    },
                    "output_state": {
                        "Name": "minecraft:smoker",
                        "Properties": {
                            "lit": "false"
                        }
                    }
                },
                {
                    "location_predicate": {
                        "predicate_type": "minecraft:always_true"
                    },
                    "input_predicate": {
                        "predicate_type": "minecraft:random_block_match",
                        "block": "minecraft:oak_wood",
                        "probability": 0.05
                    },
                    "output_state": {
                        "Name": "minecraft:note_block"
                    }
                },
                {
                    "location_predicate": {
                        "predicate_type": "minecraft:always_true"
                    },
                    "input_predicate": {
                        "predicate_type": "minecraft:random_block_match",
                        "block": "minecraft:oak_wood",
                        "probability": 0.05
                    },
                    "output_state": {
                        "Name": "minecraft:crafting_table"
                    }
                },
                {
                    "location_predicate": {
                        "predicate_type": "minecraft:always_true"
                    },
                    "input_predicate": {
                        "predicate_type": "minecraft:random_block_match",
                        "block": "minecraft:oak_wood",
                        "probability": 0.05
                    },
                    "output_state": {
                        "Name": "minecraft:scaffolding",
                        "Properties": {
                            "bottom": "false",
                            "distance": "0",
                            "waterlogged": "false"
                        }
                    }
                },
                {
                    "location_predicate": {
                        "predicate_type": "minecraft:always_true"
                    },
                    "input_predicate": {
                        "predicate_type": "minecraft:random_block_match",
                        "block": "minecraft:oak_wood",
                        "probability": 0.05
                    },
                    "output_state": {
                        "Name": "minecraft:cartography_table"
                    }
                },
                {
                    "location_predicate": {
                        "predicate_type": "minecraft:always_true"
                    },
                    "input_predicate": {
                        "predicate_type": "minecraft:random_block_match",
                        "block": "minecraft:oak_wood",
                        "probability": 0.05
                    },
                    "output_state": {
                        "Name": "minecraft:fletching_table"
                    }
                },
                {
                    "location_predicate": {
                        "predicate_type": "minecraft:always_true"
                    },
                    "input_predicate": {
                        "predicate_type": "minecraft:block_match",
                        "block": "minecraft:oak_wood"
                    },
                    "output_state": {
                        "Name": "minecraft:air"
                    }
                }
            ]
        },
        {
            "processor_type": "minecraft:rule",
            "rules": [
                {
                    "location_predicate": {
                        "predicate_type": "minecraft:always_true"
                    },
                    "input_predicate": {
                        "predicate_type": "minecraft:random_block_match",
                        "block": "minecraft:birch_slab",
                        "probability": 0.1
                    },
                    "output_state": {
                        "Name": "minecraft:brewing_stand",
                        "Properties": {
                            "has_bottle_0": "false",
                            "has_bottle_1": "false",
                            "has_bottle_2": "false"
                        }
                    }
                },
                {
                    "location_predicate": {
                        "predicate_type": "minecraft:always_true"
                    },
                    "input_predicate": {
                        "predicate_type": "minecraft:random_block_match",
                        "block": "minecraft:birch_slab",
                        "probability": 0.02
                    },
                    "output_state": {
                        "Name": "minecraft:flower_pot"
                    }
                },
                {
                    "location_predicate": {
                        "predicate_type": "minecraft:always_true"
                    },
                    "input_predicate": {
                        "predicate_type": "minecraft:random_block_match",
                        "block": "minecraft:birch_slab",
                        "probability": 0.02
                    },
                    "output_state": {
                        "Name": "minecraft:potted_fern"
                    }
                },
                {
                    "location_predicate": {
                        "predicate_type": "minecraft:always_true"
                    },
                    "input_predicate": {
                        "predicate_type": "minecraft:random_block_match",
                        "block": "minecraft:birch_slab",
                        "probability": 0.02
                    },
                    "output_state": {
                        "Name": "minecraft:potted_dead_bush"
                    }
                },
                {
                    "location_predicate": {
                        "predicate_type": "minecraft:always_true"
                    },
                    "input_predicate": {
                        "predicate_type": "minecraft:random_block_match",
                        "block": "minecraft:birch_slab",
                        "probability": 0.02
                    },
                    "output_state": {
                        "Name": "minecraft:potted_red_mushroom"
                    }
                },
                {
                    "location_predicate": {
                        "predicate_type": "minecraft:always_true"
                    },
                    "input_predicate": {
                        "predicate_type": "minecraft:random_block_match",
                        "block": "minecraft:birch_slab",
                        "probability": 0.02
                    },
                    "output_state": {
                        "Name": "minecraft:potted_brown_mushroom"
                    }
                },
                {
                    "location_predicate": {
                        "predicate_type": "minecraft:always_true"
                    },
                    "input_predicate": {
                        "predicate_type": "minecraft:random_block_match",
                        "block": "minecraft:birch_slab",
                        "probability": 0.02
                    },
                    "output_state": {
                        "Name": "minecraft:candle",
                        "Properties": {
                            "candles": "1",
                            "waterlogged": "false",
                            "lit": "false"
                        }
                    }
                },
                {
                    "location_predicate": {
                        "predicate_type": "minecraft:always_true"
                    },
                    "input_predicate": {
                        "predicate_type": "minecraft:random_block_match",
                        "block": "minecraft:birch_slab",
                        "probability": 0.02
                    },
                    "output_state": {
                        "Name": "minecraft:candle",
                        "Properties": {
                            "candles": "2",
                            "lit": "false",
                            "waterlogged": "false"
                        }
                    }
                },
                {
                    "location_predicate": {
                        "predicate_type": "minecraft:always_true"
                    },
                    "input_predicate": {
                        "predicate_type": "minecraft:random_block_match",
                        "block": "minecraft:birch_slab",
                        "probability": 0.02
                    },
                    "output_state": {
                        "Name": "minecraft:candle",
                        "Properties": {
                            "candles": "3",
                            "lit": "false",
                            "waterlogged": "false"
                        }
                    }
                },
                {
                    "location_predicate": {
                        "predicate_type": "minecraft:always_true"
                    },
                    "input_predicate": {
                        "predicate_type": "minecraft:random_block_match",
                        "block": "minecraft:birch_slab",
                        "probability": 0.02
                    },
                    "output_state": {
                        "Name": "minecraft:candle",
                        "Properties": {
                            "candles": "4",
                            "lit": "false",
                            "waterlogged": "false"
                        }
                    }
                },
                {
                    "location_predicate": {
                        "predicate_type": "minecraft:always_true"
                    },
                    "input_predicate": {
                        "predicate_type": "minecraft:random_block_match",
                        "block": "minecraft:birch_slab",
                        "probability": 0.02
                    },
                    "output_state": {
                        "Name": "minecraft:small_amethyst_bud",
                        "Properties": {
                            "facing": "up",
                            "waterlogged": "false"
                        }
                    }
                },
                {
                    "location_predicate": {
                        "predicate_type": "minecraft:always_true"
                    },
                    "input_predicate": {
                        "predicate_type": "minecraft:random_block_match",
                        "block": "minecraft:birch_slab",
                        "probability": 0.02
                    },
                    "output_state": {
                        "Name": "minecraft:medium_amethyst_bud",
                        "Properties": {
                            "facing": "up",
                            "waterlogged": "false"
                        }
                    }
                },
                {
                    "location_predicate": {
                        "predicate_type": "minecraft:always_true"
                    },
                    "input_predicate": {
                        "predicate_type": "minecraft:random_block_match",
                        "block": "minecraft:birch_slab",
                        "probability": 0.02
                    },
                    "output_state": {
                        "Name": "minecraft:large_amethyst_bud",
                        "Properties": {
                            "facing": "up",
                            "waterlogged": "false"
                        }
                    }
                },
                {
                    "location_predicate": {
                        "predicate_type": "minecraft:always_true"
                    },
                    "input_predicate": {
                        "predicate_type": "minecraft:random_block_match",
                        "block": "minecraft:birch_slab",
                        "probability": 0.02
                    },
                    "output_state": {
                        "Name": "minecraft:amethyst_cluster",
                        "Properties": {
                            "facing": "up",
                            "waterlogged": "false"
                        }
                    }
                },
                {
                    "location_predicate": {
                        "predicate_type": "minecraft:always_true"
                    },
                    "input_predicate": {
                        "predicate_type": "minecraft:block_match",
                        "block": "minecraft:birch_slab"
                    },
                    "output_state": {
                        "Name": "minecraft:air"
                    }
                }
            ]
        },
        {
            "processor_type": "minecraft:rule",
            "rules": [
                {
                    "location_predicate": {
                        "predicate_type": "minecraft:always_true"
                    },
                    "input_predicate": {
                        "predicate_type": "minecraft:random_block_match",
                        "block": "minecraft:oak_planks",
                        "probability": 0.1
                    },
                    "output_state": {
                        "Name": "minecraft:bookshelf"
                    }
                }
            ]
        },
        {
            "processor_type": "minecraft:rule",
            "rules": [
                {
                    "location_predicate": {
                        "predicate_type": "minecraft:always_true"
                    },
                    "input_predicate": {
                        "predicate_type": "minecraft:block_match",
                        "block": "minecraft:oak_planks"
                    },
                    "output_state": {
                        "Name": "minecraft:air"
                    }
                }
            ]
        },
        {
            "processor_type": "minecraft:rule",
            "rules": [
                {
                    "location_predicate": {
                        "predicate_type": "minecraft:always_true"
                    },
                    "input_predicate": {
                        "predicate_type": "minecraft:random_block_match",
                        "block": "minecraft:bone_block",
                        "probability": 0.0066
                    },
                    "output_state": {
                        "Name": "minecraft:skeleton_skull",
                        "Properties": {
                            "powered": "false",
                            "rotation": "0"
                        }
                    }
                },
                {
                    "location_predicate": {
                        "predicate_type": "minecraft:always_true"
                    },
                    "input_predicate": {
                        "predicate_type": "minecraft:random_block_match",
                        "block": "minecraft:bone_block",
                        "probability": 0.0066
                    },
                    "output_state": {
                        "Name": "minecraft:skeleton_skull",
                        "Properties": {
                            "powered": "false",
                            "rotation": "1"
                        }
                    }
                },
                {
                    "location_predicate": {
                        "predicate_type": "minecraft:always_true"
                    },
                    "input_predicate": {
                        "predicate_type": "minecraft:random_block_match",
                        "block": "minecraft:bone_block",
                        "probability": 0.0066
                    },
                    "output_state": {
                        "Name": "minecraft:skeleton_skull",
                        "Properties": {
                            "powered": "false",
                            "rotation": "2"
                        }
                    }
                },
                {
                    "location_predicate": {
                        "predicate_type": "minecraft:always_true"
                    },
                    "input_predicate": {
                        "predicate_type": "minecraft:random_block_match",
                        "block": "minecraft:bone_block",
                        "probability": 0.0066
                    },
                    "output_state": {
                        "Name": "minecraft:skeleton_skull",
                        "Properties": {
                            "rotation": "3",
                            "powered": "false"
                        }
                    }
                },
                {
                    "location_predicate": {
                        "predicate_type": "minecraft:always_true"
                    },
                    "input_predicate": {
                        "predicate_type": "minecraft:random_block_match",
                        "block": "minecraft:bone_block",
                        "probability": 0.0066
                    },
                    "output_state": {
                        "Name": "minecraft:skeleton_skull",
                        "Properties": {
                            "powered": "false",
                            "rotation": "4"
                        }
                    }
                },
                {
                    "location_predicate": {
                        "predicate_type": "minecraft:always_true"
                    },
                    "input_predicate": {
                        "predicate_type": "minecraft:random_block_match",
                        "block": "minecraft:bone_block",
                        "probability": 0.0066
                    },
                    "output_state": {
                        "Name": "minecraft:skeleton_skull",
                        "Properties": {
                            "rotation": "5",
                            "powered": "false"
                        }
                    }
                },
                {
                    "location_predicate": {
                        "predicate_type": "minecraft:always_true"
                    },
                    "input_predicate": {
                        "predicate_type": "minecraft:random_block_match",
                        "block": "minecraft:bone_block",
                        "probability": 0.0066
                    },
                    "output_state": {
                        "Name": "minecraft:skeleton_skull",
                        "Properties": {
                            "powered": "false",
                            "rotation": "6"
                        }
                    }
                },
                {
                    "location_predicate": {
                        "predicate_type": "minecraft:always_true"
                    },
                    "input_predicate": {
                        "predicate_type": "minecraft:random_block_match",
                        "block": "minecraft:bone_block",
                        "probability": 0.0066
                    },
                    "output_state": {
                        "Name": "minecraft:skeleton_skull",
                        "Properties": {
                            "powered": "false",
                            "rotation": "7"
                        }
                    }
                },
                {
                    "location_predicate": {
                        "predicate_type": "minecraft:always_true"
                    },
                    "input_predicate": {
                        "predicate_type": "minecraft:random_block_match",
                        "block": "minecraft:bone_block",
                        "probability": 0.0066
                    },
                    "output_state": {
                        "Name": "minecraft:skeleton_skull",
                        "Properties": {
                            "powered": "false",
                            "rotation": "8"
                        }
                    }
                },
                {
                    "location_predicate": {
                        "predicate_type": "minecraft:always_true"
                    },
                    "input_predicate": {
                        "predicate_type": "minecraft:random_block_match",
                        "block": "minecraft:bone_block",
                        "probability": 0.0066
                    },
                    "output_state": {
                        "Name": "minecraft:skeleton_skull",
                        "Properties": {
                            "rotation": "9",
                            "powered": "false"
                        }
                    }
                },
                {
                    "location_predicate": {
                        "predicate_type": "minecraft:always_true"
                    },
                    "input_predicate": {
                        "predicate_type": "minecraft:random_block_match",
                        "block": "minecraft:bone_block",
                        "probability": 0.0066
                    },
                    "output_state": {
                        "Name": "minecraft:skeleton_skull",
                        "Properties": {
                            "powered": "false",
                            "rotation": "10"
                        }
                    }
                },
                {
                    "location_predicate": {
                        "predicate_type": "minecraft:always_true"
                    },
                    "input_predicate": {
                        "predicate_type": "minecraft:random_block_match",
                        "block": "minecraft:bone_block",
                        "probability": 0.0066
                    },
                    "output_state": {
                        "Name": "minecraft:skeleton_skull",
                        "Properties": {
                            "powered": "false",
                            "rotation": "11"
                        }
                    }
                },
                {
                    "location_predicate": {
                        "predicate_type": "minecraft:always_true"
                    },
                    "input_predicate": {
                        "predicate_type": "minecraft:random_block_match",
                        "block": "minecraft:bone_block",
                        "probability": 0.0066
                    },
                    "output_state": {
                        "Name": "minecraft:skeleton_skull",
                        "Properties": {
                            "powered": "false",
                            "rotation": "12"
                        }
                    }
                },
                {
                    "location_predicate": {
                        "predicate_type": "minecraft:always_true"
                    },
                    "input_predicate": {
                        "predicate_type": "minecraft:random_block_match",
                        "block": "minecraft:bone_block",
                        "probability": 0.0066
                    },
                    "output_state": {
                        "Name": "minecraft:skeleton_skull",
                        "Properties": {
                            "powered": "false",
                            "rotation": "13"
                        }
                    }
                },
                {
                    "location_predicate": {
                        "predicate_type": "minecraft:always_true"
                    },
                    "input_predicate": {
                        "predicate_type": "minecraft:random_block_match",
                        "block": "minecraft:bone_block",
                        "probability": 0.0066
                    },
                    "output_state": {
                        "Name": "minecraft:skeleton_skull",
                        "Properties": {
                            "powered": "false",
                            "rotation": "14"
                        }
                    }
                },
                {
                    "location_predicate": {
                        "predicate_type": "minecraft:always_true"
                    },
                    "input_predicate": {
                        "predicate_type": "minecraft:random_block_match",
                        "block": "minecraft:bone_block",
                        "probability": 0.0066
                    },
                    "output_state": {
                        "Name": "minecraft:skeleton_skull",
                        "Properties": {
                            "powered": "false",
                            "rotation": "15"
                        }
                    }
                },
                {
                    "location_predicate": {
                        "predicate_type": "minecraft:always_true"
                    },
                    "input_predicate": {
                        "predicate_type": "minecraft:block_match",
                        "block": "minecraft:bone_block"
                    },
                    "output_state": {
                        "Name": "minecraft:air"
                    }
                }
            ]
        },
        {
            "processor_type": "minecraft:rule",
            "rules": [
                {
                    "location_predicate": {
                        "predicate_type": "minecraft:always_true"
                    },
                    "input_predicate": {
                        "predicate_type": "minecraft:random_block_match",
                        "block": "minecraft:green_carpet",
                        "probability": 0.1
                    },
                    "output_state": {
                        "Name": "minecraft:frogspawn"
                    }
                },
                {
                    "location_predicate": {
                        "predicate_type": "minecraft:always_true"
                    },
                    "input_predicate": {
                        "predicate_type": "minecraft:random_block_match",
                        "block": "minecraft:green_carpet",
                        "probability": 0.1
                    },
                    "output_state": {
                        "Name": "minecraft:lily_pad"
                    }
                },
                {
                    "location_predicate": {
                        "predicate_type": "minecraft:always_true"
                    },
                    "input_predicate": {
                        "predicate_type": "minecraft:block_match",
                        "block": "minecraft:green_carpet"
                    },
                    "output_state": {
                        "Name": "minecraft:air"
                    }
                }
            ]
        }
    ]
}