{
    "processors": [
        {
            "processor_type": "minecraft:rule",
            "rules": [
                {
                    "location_predicate": {
                        "predicate_type": "minecraft:always_true"
                    },
                    "input_predicate": {
                        "predicate_type": "minecraft:random_block_match",
                        "block": "minecraft:oak_wood",
                        "probability": 0.0075
                    },
                    "output_state": {
                        "Name": "minecraft:barrel",
                        "Properties": {
                            "facing": "north",
                            "open": "false"
                        }
                    },
                    "block_entity_modifier": {
                        "type": "minecraft:append_loot",
                        "loot_table": "forsaken:junk/food/plains"
                    }
                },
                {
                    "location_predicate": {
                        "predicate_type": "minecraft:always_true"
                    },
                    "input_predicate": {
                        "predicate_type": "minecraft:random_block_match",
                        "block": "minecraft:oak_wood",
                        "probability": 0.0075
                    },
                    "output_state": {
                        "Name": "minecraft:barrel",
                        "Properties": {
                            "facing": "east",
                            "open": "false"
                        }
                    },
                    "block_entity_modifier": {
                        "type": "minecraft:append_loot",
                        "loot_table": "forsaken:junk/food/plains"
                    }
                },
                {
                    "location_predicate": {
                        "predicate_type": "minecraft:always_true"
                    },
                    "input_predicate": {
                        "predicate_type": "minecraft:random_block_match",
                        "block": "minecraft:oak_wood",
                        "probability": 0.0075
                    },
                    "output_state": {
                        "Name": "minecraft:barrel",
                        "Properties": {
                            "facing": "south",
                            "open": "false"
                        }
                    },
                    "block_entity_modifier": {
                        "type": "minecraft:append_loot",
                        "loot_table": "forsaken:junk/food/plains"
                    }
                },
                {
                    "location_predicate": {
                        "predicate_type": "minecraft:always_true"
                    },
                    "input_predicate": {
                        "predicate_type": "minecraft:random_block_match",
                        "block": "minecraft:oak_wood",
                        "probability": 0.0075
                    },
                    "output_state": {
                        "Name": "minecraft:barrel",
                        "Properties": {
                            "facing": "west",
                            "open": "false"
                        }
                    },
                    "block_entity_modifier": {
                        "type": "minecraft:append_loot",
                        "loot_table": "forsaken:junk/food/plains"
                    }
                },
                {
                    "location_predicate": {
                        "predicate_type": "minecraft:always_true"
                    },
                    "input_predicate": {
                        "predicate_type": "minecraft:random_block_match",
                        "block": "minecraft:oak_wood",
                        "probability": 0.0075
                    },
                    "output_state": {
                        "Name": "minecraft:barrel",
                        "Properties": {
                            "facing": "up",
                            "open": "false"
                        }
                    },
                    "block_entity_modifier": {
                        "type": "minecraft:append_loot",
                        "loot_table": "forsaken:junk/food/plains"
                    }
                }
            ]
        },
        {
            "processor_type": "minecraft:rule",
            "rules": [
                {
                    "location_predicate": {
                        "predicate_type": "minecraft:always_true"
                    },
                    "input_predicate": {
                        "predicate_type": "minecraft:random_block_match",
                        "block": "minecraft:oak_wood",
                        "probability": 0.0075
                    },
                    "output_state": {
                        "Name": "minecraft:barrel",
                        "Properties": {
                            "facing": "north",
                            "open": "false"
                        }
                    },
                    "block_entity_modifier": {
                        "type": "minecraft:append_loot",
                        "loot_table": "forsaken:junk/food/drinks"
                    }
                },
                {
                    "location_predicate": {
                        "predicate_type": "minecraft:always_true"
                    },
                    "input_predicate": {
                        "predicate_type": "minecraft:random_block_match",
                        "block": "minecraft:oak_wood",
                        "probability": 0.0075
                    },
                    "output_state": {
                        "Name": "minecraft:barrel",
                        "Properties": {
                            "facing": "east",
                            "open": "false"
                        }
                    },
                    "block_entity_modifier": {
                        "type": "minecraft:append_loot",
                        "loot_table": "forsaken:junk/food/drinks"
                    }
                },
                {
                    "location_predicate": {
                        "predicate_type": "minecraft:always_true"
                    },
                    "input_predicate": {
                        "predicate_type": "minecraft:random_block_match",
                        "block": "minecraft:oak_wood",
                        "probability": 0.0075
                    },
                    "output_state": {
                        "Name": "minecraft:barrel",
                        "Properties": {
                            "facing": "south",
                            "open": "false"
                        }
                    },
                    "block_entity_modifier": {
                        "type": "minecraft:append_loot",
                        "loot_table": "forsaken:junk/food/drinks"
                    }
                },
                {
                    "location_predicate": {
                        "predicate_type": "minecraft:always_true"
                    },
                    "input_predicate": {
                        "predicate_type": "minecraft:random_block_match",
                        "block": "minecraft:oak_wood",
                        "probability": 0.0075
                    },
                    "output_state": {
                        "Name": "minecraft:barrel",
                        "Properties": {
                            "facing": "west",
                            "open": "false"
                        }
                    },
                    "block_entity_modifier": {
                        "type": "minecraft:append_loot",
                        "loot_table": "forsaken:junk/food/drinks"
                    }
                },
                {
                    "location_predicate": {
                        "predicate_type": "minecraft:always_true"
                    },
                    "input_predicate": {
                        "predicate_type": "minecraft:random_block_match",
                        "block": "minecraft:oak_wood",
                        "probability": 0.0075
                    },
                    "output_state": {
                        "Name": "minecraft:barrel",
                        "Properties": {
                            "facing": "up",
                            "open": "false"
                        }
                    },
                    "block_entity_modifier": {
                        "type": "minecraft:append_loot",
                        "loot_table": "forsaken:junk/food/drinks"
                    }
                }
            ]
        },
        {
            "processor_type": "minecraft:rule",
            "rules": [
                {
                    "location_predicate": {
                        "predicate_type": "minecraft:always_true"
                    },
                    "input_predicate": {
                        "predicate_type": "minecraft:random_block_match",
                        "block": "minecraft:oak_wood",
                        "probability": 0.0075
                    },
                    "output_state": {
                        "Name": "minecraft:chest",
                        "Properties": {
                            "type": "single",
                            "facing": "north",
                            "waterlogged": "false"
                        }
                    },
                    "block_entity_modifier": {
                        "type": "minecraft:append_loot",
                        "loot_table": "forsaken:junk/jewels"
                    }
                },
                {
                    "location_predicate": {
                        "predicate_type": "minecraft:always_true"
                    },
                    "input_predicate": {
                        "predicate_type": "minecraft:random_block_match",
                        "block": "minecraft:oak_wood",
                        "probability": 0.0075
                    },
                    "output_state": {
                        "Name": "minecraft:chest",
                        "Properties": {
                            "type": "single",
                            "facing": "south",
                            "waterlogged": "false"
                        }
                    },
                    "block_entity_modifier": {
                        "type": "minecraft:append_loot",
                        "loot_table": "forsaken:junk/jewels"
                    }
                },
                {
                    "location_predicate": {
                        "predicate_type": "minecraft:always_true"
                    },
                    "input_predicate": {
                        "predicate_type": "minecraft:random_block_match",
                        "block": "minecraft:oak_wood",
                        "probability": 0.0075
                    },
                    "output_state": {
                        "Name": "minecraft:chest",
                        "Properties": {
                            "type": "single",
                            "facing": "west",
                            "waterlogged": "false"
                        }
                    },
                    "block_entity_modifier": {
                        "type": "minecraft:append_loot",
                        "loot_table": "forsaken:junk/jewels"
                    }
                },
                {
                    "location_predicate": {
                        "predicate_type": "minecraft:always_true"
                    },
                    "input_predicate": {
                        "predicate_type": "minecraft:random_block_match",
                        "block": "minecraft:oak_wood",
                        "probability": 0.0075
                    },
                    "output_state": {
                        "Name": "minecraft:chest",
                        "Properties": {
                            "type": "single",
                            "facing": "east",
                            "waterlogged": "false"
                        }
                    },
                    "block_entity_modifier": {
                        "type": "minecraft:append_loot",
                        "loot_table": "forsaken:junk/jewels"
                    }
                }
            ]
        },
        {
            "processor_type": "minecraft:rule",
            "rules": [
                {
                    "location_predicate": {
                        "predicate_type": "minecraft:always_true"
                    },
                    "input_predicate": {
                        "predicate_type": "minecraft:random_block_match",
                        "block": "minecraft:oak_wood",
                        "probability": 0.0075
                    },
                    "output_state": {
                        "Name": "minecraft:chest",
                        "Properties": {
                            "type": "single",
                            "facing": "north",
                            "waterlogged": "false"
                        }
                    },
                    "block_entity_modifier": {
                        "type": "minecraft:append_loot",
                        "loot_table": "forsaken:junk/terracotta"
                    }
                },
                {
                    "location_predicate": {
                        "predicate_type": "minecraft:always_true"
                    },
                    "input_predicate": {
                        "predicate_type": "minecraft:random_block_match",
                        "block": "minecraft:oak_wood",
                        "probability": 0.0075
                    },
                    "output_state": {
                        "Name": "minecraft:chest",
                        "Properties": {
                            "type": "single",
                            "facing": "south",
                            "waterlogged": "false"
                        }
                    },
                    "block_entity_modifier": {
                        "type": "minecraft:append_loot",
                        "loot_table": "forsaken:junk/terracotta"
                    }
                },
                {
                    "location_predicate": {
                        "predicate_type": "minecraft:always_true"
                    },
                    "input_predicate": {
                        "predicate_type": "minecraft:random_block_match",
                        "block": "minecraft:oak_wood",
                        "probability": 0.0075
                    },
                    "output_state": {
                        "Name": "minecraft:chest",
                        "Properties": {
                            "type": "single",
                            "facing": "west",
                            "waterlogged": "false"
                        }
                    },
                    "block_entity_modifier": {
                        "type": "minecraft:append_loot",
                        "loot_table": "forsaken:junk/terracotta"
                    }
                },
                {
                    "location_predicate": {
                        "predicate_type": "minecraft:always_true"
                    },
                    "input_predicate": {
                        "predicate_type": "minecraft:random_block_match",
                        "block": "minecraft:oak_wood",
                        "probability": 0.0075
                    },
                    "output_state": {
                        "Name": "minecraft:chest",
                        "Properties": {
                            "type": "single",
                            "facing": "east",
                            "waterlogged": "false"
                        }
                    },
                    "block_entity_modifier": {
                        "type": "minecraft:append_loot",
                        "loot_table": "forsaken:junk/terracotta"
                    }
                }
            ]
        },
        {
            "processor_type": "minecraft:rule",
            "rules": [
                {
                    "location_predicate": {
                        "predicate_type": "minecraft:always_true"
                    },
                    "input_predicate": {
                        "predicate_type": "minecraft:random_block_match",
                        "block": "minecraft:oak_wood",
                        "probability": 0.05
                    },
                    "output_state": {
                        "Name": "minecraft:flower_pot"
                    }
                },
                {
                    "location_predicate": {
                        "predicate_type": "minecraft:always_true"
                    },
                    "input_predicate": {
                        "predicate_type": "minecraft:random_block_match",
                        "block": "minecraft:oak_wood",
                        "probability": 0.05
                    },
                    "output_state": {
                        "Name": "minecraft:crafting_table"
                    }
                },
                {
                    "location_predicate": {
                        "predicate_type": "minecraft:always_true"
                    },
                    "input_predicate": {
                        "predicate_type": "minecraft:random_block_match",
                        "block": "minecraft:oak_wood",
                        "probability": 0.05
                    },
                    "output_state": {
                        "Name": "minecraft:scaffolding",
                        "Properties": {
                            "bottom": "false",
                            "distance": "0",
                            "waterlogged": "false"
                        }
                    }
                },
                {
                    "location_predicate": {
                        "predicate_type": "minecraft:always_true"
                    },
                    "input_predicate": {
                        "predicate_type": "minecraft:random_block_match",
                        "block": "minecraft:oak_wood",
                        "probability": 0.05
                    },
                    "output_state": {
                        "Name": "minecraft:decorated_pot",
                        "Properties": {
                            "cracked": "false",
                            "facing": "north",
                            "waterlogged": "false"
                        }
                    }
                },
                {
                    "location_predicate": {
                        "predicate_type": "minecraft:always_true"
                    },
                    "input_predicate": {
                        "predicate_type": "minecraft:block_match",
                        "block": "minecraft:oak_wood"
                    },
                    "output_state": {
                        "Name": "minecraft:air"
                    }
                }
            ]
        },
        {
            "processor_type": "minecraft:rule",
            "rules": [
                {
                    "location_predicate": {
                        "predicate_type": "minecraft:always_true"
                    },
                    "input_predicate": {
                        "predicate_type": "minecraft:random_block_match",
                        "block": "minecraft:birch_slab",
                        "probability": 0.1
                    },
                    "output_state": {
                        "Name": "minecraft:flower_pot"
                    }
                },
                {
                    "location_predicate": {
                        "predicate_type": "minecraft:always_true"
                    },
                    "input_predicate": {
                        "predicate_type": "minecraft:random_block_match",
                        "block": "minecraft:birch_slab",
                        "probability": 0.1
                    },
                    "output_state": {
                        "Name": "minecraft:potted_dead_bush"
                    }
                },
                {
                    "location_predicate": {
                        "predicate_type": "minecraft:always_true"
                    },
                    "input_predicate": {
                        "predicate_type": "minecraft:block_match",
                        "block": "minecraft:birch_slab"
                    },
                    "output_state": {
                        "Name": "minecraft:air"
                    }
                }
            ]
        }
    ]
}