{
    "fallback": "forsaken:wells/feature/moss_patch_ceiling",
    "elements": [
        {
            "weight": 1,
            "element": {
                "projection": "rigid",
                "element_type": "minecraft:feature_pool_element",
                "feature": {
                    "feature": "minecraft:moss_patch_ceiling",
                    "placement": [
                        {
                            "type": "minecraft:random_offset",
                            "tries": 5,
                            "xz_spread": 5,
                            "y_spread": 5
                        }
                    ]
                }
            }
        }
    ]
}