{
    "name": "nmr:shroom_infest/end",
    "fallback": "minecraft:empty",
    "elements": [{
        "weight": 1,
        "element": {
            "location": "nmr:shroom_infest/shroom_infest_end_01",
            "processors": "minecraft:empty",
            "projection": "terrain_matching",
            "element_type": "minecraft:single_pool_element"
        }
    },{
        "weight": 1,
        "element": {
            "location": "nmr:shroom_infest/shroom_infest_end_02",
            "processors": "minecraft:empty",
            "projection": "terrain_matching",
            "element_type": "minecraft:single_pool_element"
        }
    },{
        "weight": 1,
        "element": {
            "location": "nmr:shroom_infest/shroom_infest_end_03",
            "processors": "minecraft:empty",
            "projection": "terrain_matching",
            "element_type": "minecraft:single_pool_element"
        }
    }]
}