{
	"feature": "nmr:plains_tree",
	"placement": [
	  {
		"type": "minecraft:random_offset",
		"xz_spread": {
		  "type": "minecraft:weighted_list",
		  "distribution": [
			{
			  "weight": 1,
			  "data": -5
			},
			{
			  "weight": 1,
			  "data": 5
			},
			{
			  "weight": 3,
			  "data": 0
			},
			{
			  "weight": 1,
			  "data": 1
			}
		  ]
		},
		"y_spread": 0
	  },
	  {
		"type": "minecraft:in_square"
	  },
	  {
		"type": "minecraft:surface_water_depth_filter",
		"max_water_depth": 0
	  },
	  {
		"type": "minecraft:heightmap",
		"heightmap": "OCEAN_FLOOR"
	  },
	  {
		"type": "minecraft:biome"
	  },
	  {
		"type": "minecraft:block_predicate_filter",
		"predicate": {
		  "type": "minecraft:all_of",
		  "predicates": [
			{
			  "type": "minecraft:matching_blocks",
			  "offset": [
				0,
				-1,
				0
			  ],
			  "blocks": "minecraft:mud"
			}
		  ]
		}
	  },
	  {
		"type": "minecraft:count",
		"count": 1
	  }
	]
  }
  