{
    "feature": "nmr:soul_fire",
    "placement": [
      {
        "type": "minecraft:count",
        "count": 2
      },
      {
        "type": "minecraft:in_square"
      },
      {
        "type": "minecraft:height_range",
        "height": {
          "type": "minecraft:uniform",
          "min_inclusive": {
            "above_bottom": 4
          },
          "max_inclusive": {
            "below_top": 4
          }
        }
      },
      {
        "type": "minecraft:biome"
      }
    ]
  }
  