{
  "pools": [
    {
      "rolls": 1,
      "entries": [
        {
          "type": "minecraft:loot_table",
          "value": "automaticons:iron/sword"
        },
        {
          "type": "minecraft:loot_table",
          "value": "automaticons:iron/shovel"
        },
        {
          "type": "minecraft:loot_table",
          "value": "automaticons:iron/pickaxe"
        },
        {
          "type": "minecraft:loot_table",
          "value": "automaticons:iron/hoe"
        },
        {
          "type": "minecraft:loot_table",
          "value": "automaticons:iron/axe"
        }
      ]
    }
  ]
}
