{
  "condition": "minecraft:all_of",
  "terms": [
    {
      "condition": "minecraft:entity_properties",
      "entity": "this",
      "predicate": {
        "equipment": {
          "head": {
            "predicates": {
              "minecraft:custom_data": {"dke.item":4}
            }
          }
        }
      }
    },
    {
      "condition": "minecraft:entity_properties",
      "entity": "this",
      "predicate": {
        "equipment": {
          "chest": {
            "predicates": {
              "minecraft:custom_data": {"dke.item":4}
            }
          }
        }
      }
    },
    {
      "condition": "minecraft:entity_properties",
      "entity": "this",
      "predicate": {
        "equipment": {
          "legs": {
            "predicates": {
              "minecraft:custom_data": {"dke.item":4}
            }
          }
        }
      }
    },
    {
      "condition": "minecraft:entity_properties",
      "entity": "this",
      "predicate": {
        "equipment": {
          "feet": {
            "predicates": {
              "minecraft:custom_data": {"dke.item":4}
            }
          }
        }
      }
    }
  ]
}
