{
  "condition": "minecraft:any_of",
  "terms": [
    {
      "condition": "minecraft:entity_properties",
      "entity": "this",
      "predicate": {
        "location": {
          "position": {
            "y": {
              "max": -1
            }
          },
          "dimension": "minecraft:the_end"
        }
      }
    },
    {
      "condition": "minecraft:entity_properties",
      "entity": "this",
      "predicate": {
        "location": {
          "position": {
            "y": {
              "max": -1
            }
          },
          "dimension": "minecraft:the_nether"
        }
      }
    },
    {
      "condition": "minecraft:entity_properties",
      "entity": "this",
      "predicate": {
        "location": {
          "position": {
            "y": {
              "max": -65
            }
          },
          "dimension": "minecraft:overworld"
        }
      }
    }
  ]
}
