{
    "description": {
        "translate": "enchantment.enchantplus.fury",
        "fallback": "Fury"
    },
    "exclusive_set": "#enchantplus:exclusive_set/armor",
    "supported_items": "#minecraft:enchantable/armor",
    "weight": 3,
    "max_level": 4,
    "min_cost": {
        "base": 12,
        "per_level_above_first": 12
    },
    "max_cost": {
        "base": 32,
        "per_level_above_first": 9
    },
    "anvil_cost": 3,
    "slots": [
        "armor"
    ],
    "effects": {
        "minecraft:armor_effectiveness": [
            {
                "effect": {
                    "type": "minecraft:add",
                    "value": {
                        "type": "minecraft:linear",
                        "base": -0.045,
                        "per_level_above_first": -0.025
                    }
                }
            }
        ],
        "minecraft:attributes": [
            {
                "id": "minecraft:enchantment.fury",
                "attribute": "minecraft:generic.attack_damage",
                "amount": {
                    "type": "minecraft:linear",
                    "base": 0.065,
                    "per_level_above_first": 0.0575
                },
                "operation": "add_multiplied_total"
            },
            {
                "id": "minecraft:enchantment.fury_descrease",
                "attribute": "minecraft:generic.armor",
                "amount": {
                    "type": "minecraft:linear",
                    "base": -0.1,
                    "per_level_above_first": -0.075
                },
                "operation": "add_multiplied_total"
            }
        ]
    }
}