{
    "display": {
      "icon": {
        "id": "minecraft:crying_obsidian"
      },
      "title": "Neither here nor there",
      "description": "Enter the Astral Plane",
      "background": "minecraft:textures/block/mud_bricks.png",
      "frame": "goal",
      "show_toast": true,
      "announce_to_chat": true
    },
    "parent": "nmr:progression/kill_celestial_watcher",
    "criteria": {
      "requirement": {
        "trigger": "minecraft:location",
        "conditions": {
          "player": [
            {
              "condition": "minecraft:entity_properties",
              "entity": "this",
              "predicate": {
                "location": {
                  "dimension": "nmr:astral_plane"
                }
              }
            }
          ]
        }
      }
    }
  }
  