{
    "display": {
      "icon": {
        "id": "minecraft:piglin_head"
      },
      "title": "A small step for a Piglin",
      "description": "Find the Piglinauts",
      "background": "minecraft:textures/block/mud_bricks.png",
      "show_toast": true,
      "announce_to_chat": true,
      "hidden": false
    },
    "parent": "nmr:progression/root",
    "criteria": {
      "requirement": {
        "trigger": "minecraft:player_hurt_entity",
        "conditions": {
          "player": [
            {
              "condition": "minecraft:entity_properties",
              "entity": "this",
              "predicate": {}
            }
          ],
          "entity": {
            "nbt": "{Tags:[\"nmr_piglinaut\"]}"
          }
        }
      }
    }
  }
  