{
  "display": {
    "icon": {
      "id": "minecraft:rabbit_foot"
    },
    "title": "Who's got the grenade!?",
    "description": "Hurt a Killer Bunny",
    "background": "minecraft:textures/block/mud_bricks.png",
    "show_toast": true,
    "announce_to_chat": true,
    "hidden": false
  },
  "parent": "nmr:progression/root",
  "criteria": {
    "requirement": {
      "trigger": "minecraft:player_hurt_entity",
      "conditions": {
        "player": [
          {
            "condition": "minecraft:entity_properties",
            "entity": "this",
            "predicate": {}
          }
        ],
        "entity": {
          "nbt": "{Tags:[\"nmr_killer_bunny\"]}"
        }
      }
    }
  }
}
