{
    "display": {
      "icon": {
        "id": "minecraft:iron_horse_armor"
      },
      "title": "Basic protection",
      "description": "Obtain an iron horse armor",
      "background": "minecraft:textures/block/mud_bricks.png",
      "show_toast": true,
      "announce_to_chat": false
    },
    "parent": "nmr:progression/saddle",
    "criteria": {
      "requirement": {
        "trigger": "minecraft:inventory_changed",
        "conditions": {
          "player": [
            {
              "condition": "minecraft:entity_properties",
              "entity": "this",
              "predicate": {}
            }
          ],
          "items": [
            {
              "items": "minecraft:iron_horse_armor"
            }
          ]
        }
      }
    },
    "rewards": {
      "recipes": [
        "nmr:iron_horse_armor"
      ]
    }
  }
  