{
  "display": {
    "icon": {
      "id": "minecraft:warden_spawn_egg"
    },
    "title": "Gotta slay 'em all",
    "description": "Slay a mythical mob",
    "background": "minecraft:textures/block/mud_bricks.png",
    "show_toast": true,
    "announce_to_chat": true,
    "hidden": false
  },
  "parent": "nmr:progression/kill_legendary_mob",
  "criteria": {
    "requirement": {
      "trigger": "minecraft:player_killed_entity",
      "conditions": {
        "player": [
          {
            "condition": "minecraft:entity_properties",
            "entity": "this",
            "predicate": {}
          }
        ],
        "entity": {
          "nbt": "{Tags:[\"nmr_mythical_rarity\"]}"
        }
      }
    }
  }
}
