{
    "display": {
      "icon": {
        "id": "minecraft:cod"
      },
      "title": "Smells fishy!",
      "description": "Kill Amemasu",
      "background": "minecraft:textures/block/mud_bricks.png",
      "show_toast": true,
      "announce_to_chat": true,
      "hidden": false
    },
    "parent": "nmr:progression/amemasu_witch",
    "criteria": {
      "requirement": {
        "trigger": "minecraft:player_killed_entity",
        "conditions": {
          "player": [
            {
              "condition": "minecraft:entity_properties",
              "entity": "this",
              "predicate": {}
            }
          ],
          "entity": {
            "nbt": "{Tags:[\"nmr_amemasu\"]}"
          }
        }
      }
    }
  }
  