{
  "display": {
    "icon": {
      "id": "minecraft:slime_ball"
    },
    "title": "Rude snail-itude",
    "description": "A cruel way to get slime balls",
    "background": "minecraft:textures/block/mud_bricks.png",
    "show_toast": true,
    "announce_to_chat": true,
    "hidden": false
  },
  "parent": "nmr:progression/meet_snail",
  "criteria": {
    "requirement": {
      "trigger": "minecraft:player_killed_entity",
      "conditions": {
        "player": [
          {
            "condition": "minecraft:entity_properties",
            "entity": "this",
            "predicate": {}
          }
        ],
        "entity": {
          "type": "minecraft:silverfish",
          "nbt": "{Tags:[\"nmr_snail\"]}"
        }
      }
    }
  }
}
