{
  "display": {
    "icon": {
      "id": "minecraft:snow_golem_spawn_egg"
    },
    "title": "Endangered species",
    "description": "Slay a rare mob",
    "background": "minecraft:textures/block/mud_bricks.png",
    "show_toast": true,
    "announce_to_chat": true,
    "hidden": false
  },
  "parent": "nmr:progression/kill_common_mob",
  "criteria": {
    "requirement": {
      "trigger": "minecraft:player_killed_entity",
      "conditions": {
        "player": [
          {
            "condition": "minecraft:entity_properties",
            "entity": "this",
            "predicate": {}
          }
        ],
        "entity": {
          "nbt": "{Tags:[\"nmr_rare_rarity\"]}"
        }
      }
    }
  }
}
