{
  "display": {
    "icon": {
      "id": "minecraft:enchanted_book"
    },
    "title": {
      "translate": "enchantment.enchantplus.title.echo_shot",
      "fallback": "Echo Shot",
      "color": "#40E6FF"
    },
    "description": {
      "translate": "advancement.enchantplus.description.echo_shot",
      "fallback": "Warden's favorite"
    },
    "frame": "task",
    "show_toast": false,
    "announce_to_chat": false,
    "hidden": false
  },
  "parent": "enchantplus:weapons/bow/breezing_arrow",
  "criteria": {
    "requirement": {
      "trigger": "minecraft:inventory_changed",
      "conditions": {
        "items": [
          {
            "predicates": {
              "minecraft:enchantments": [
                {
                  "enchantments": "enchantplus:bow/echo_shot"
                }
              ]
            }
          }
        ]
      }
    }
  }
}