{
  "display": {
    "icon": {
      "id": "minecraft:enchanted_book"
    },
    "title": {
      "translate": "enchantment.enchantplus.title.storm_arrow",
      "fallback": "Storm Arrow",
      "color": "#40E6FF"
    },
    "description": {
      "translate": "advancement.enchantplus.description.storm_arrow",
      "fallback": "The calm before the storm"
    },
    "frame": "task",
    "show_toast": false,
    "announce_to_chat": false,
    "hidden": false
  },
  "parent": "enchantplus:weapons/bow/echo_shot",
  "criteria": {
    "requirement": {
      "trigger": "minecraft:inventory_changed",
      "conditions": {
        "items": [
          {
            "predicates": {
              "minecraft:enchantments": [
                {
                  "enchantments": "enchantplus:bow/storm_arrow"
                }
              ]
            }
          }
        ]
      }
    }
  }
}