{
  "type": "minecraft:chest",
  "pools": [
    {
      "rolls": 1,
      "entries": [
        {
          "type": "minecraft:sequence",
          "children": [
            {
              "type": "minecraft:loot_table",
              "value": "yggdrasil:alfheim_tree/chest/compound/barrel_common",
              "weight": 1
            },
            {
              "type": "minecraft:loot_table",
              "value": "yggdrasil:alfheim_tree/chest/compound/barrel_rare",
              "weight": 1
            }
          ]
        }
      ]
    }
  ],
  "random_sequence": "yggdrasil:alfheim_tree/chest"
}