{
  "type": "minecraft:chest",
  "pools": [
    {
      "bonus_rolls": 0.0,
      "entries": [
        {
          "type": "minecraft:loot_table",
          "value": "yggdrasil:alfheim_tree/chest/compound/reward_rare",
          "weight": 2
        }
      ],
      "rolls": 1.0
    },
    {
      "bonus_rolls": 0.0,
      "entries": [
        {
          "type": "minecraft:loot_table",
          "value": "yggdrasil:alfheim_tree/chest/compound/enchant_unique",
          "weight": 2,
          "conditions": [
            {
              "condition": "random_chance",
              "chance": 0.25
            }
          ]
        }
      ],
      "rolls": 1.0
    },
    {
      "bonus_rolls": 0.0,
      "entries": [
        {
          "type": "minecraft:loot_table",
          "value": "yggdrasil:alfheim_tree/chest/compound/reward_common"
        }
      ],
      "rolls": {
        "type": "minecraft:uniform",
        "max": 3.0,
        "min": 1.0
      }
    },
    {
      "bonus_rolls": 0.0,
      "conditions": [
        {
          "chance": 0.25,
          "condition": "minecraft:random_chance"
        }
      ],
      "entries": [
        {
          "type": "minecraft:loot_table",
          "value": "yggdrasil:alfheim_tree/chest/compound/reward_unique"
        }
      ],
      "rolls": 1.0
    }
  ],
  "random_sequence": "yggdrasil:alfheim_tree/chest"
}