{
  "type": "minecraft:chest",
  "pools": [
    {
      "bonus_rolls": 0.0,
      "entries": [
        {
          "type": "minecraft:loot_table",
          "value": "yggdrasil:alfheim_tree/chest/compound/reward_common",
          "weight": 8
        }
      ],
      "rolls": 3.0
    },
    {
      "bonus_rolls": 0.0,
      "entries": [
        {
          "type": "minecraft:loot_table",
          "value": "yggdrasil:alfheim_tree/chest/compound/enchant_rare",
          "weight": 2,
          "conditions": [
            {
              "condition": "random_chance",
              "chance": 0.25
            }
          ]
        }
      ],
      "rolls": 1.0
    }
  ],
  "random_sequence": "yggdrasil:alfheim_tree/chest"
}