{
    "name": "nmr:redstone_dungeon/features",
    "fallback": "minecraft:empty",
    "elements": [{
        "weight": 2,
        "element": {
            "element_type": "minecraft:empty_pool_element"
        }
    },{
        "weight": 2,
        "element": {
            "location": "nmr:redstone_dungeon/feature/feature_1",
            "processors": "minecraft:empty",
            "projection": "rigid",
            "element_type": "minecraft:single_pool_element"
        }
    },{
        "weight": 2,
        "element": {
            "location": "nmr:redstone_dungeon/feature/feature_2",
            "processors": "minecraft:empty",
            "projection": "rigid",
            "element_type": "minecraft:single_pool_element"
        }
    },{
        "weight": 2,
        "element": {
            "location": "nmr:redstone_dungeon/feature/feature_3",
            "processors": "minecraft:empty",
            "projection": "rigid",
            "element_type": "minecraft:single_pool_element"
        }
    },{
        "weight": 2,
        "element": {
            "location": "nmr:redstone_dungeon/feature/feature_4",
            "processors": "minecraft:empty",
            "projection": "rigid",
            "element_type": "minecraft:single_pool_element"
        }
    },{
        "weight": 2,
        "element": {
            "location": "nmr:redstone_dungeon/feature/feature_5",
            "processors": "minecraft:empty",
            "projection": "rigid",
            "element_type": "minecraft:single_pool_element"
        }
    },{
        "weight": 2,
        "element": {
            "location": "nmr:redstone_dungeon/feature/feature_6",
            "processors": "minecraft:empty",
            "projection": "rigid",
            "element_type": "minecraft:single_pool_element"
        }
    },{
        "weight": 1,
        "element": {
            "location": "nmr:redstone_dungeon/feature/feature_7",
            "processors": "minecraft:empty",
            "projection": "rigid",
            "element_type": "minecraft:single_pool_element"
        }
    },{
        "weight": 2,
        "element": {
            "location": "nmr:redstone_dungeon/feature/feature_8",
            "processors": "minecraft:empty",
            "projection": "rigid",
            "element_type": "minecraft:single_pool_element"
        }
    },{
        "weight": 2,
        "element": {
            "location": "nmr:redstone_dungeon/feature/feature_9",
            "processors": "minecraft:empty",
            "projection": "rigid",
            "element_type": "minecraft:single_pool_element"
        }
    },{
        "weight": 2,
        "element": {
            "location": "nmr:redstone_dungeon/feature/feature_10",
            "processors": "minecraft:empty",
            "projection": "rigid",
            "element_type": "minecraft:single_pool_element"
        }
    }]
}