{
  "type": "minecraft:vegetation_patch",
  "config": {
    "surface": "floor",
    "depth": 1,
    "vertical_range": 3,
    "extra_bottom_block_chance": 0,
    "extra_edge_column_chance": 0.1,
    "vegetation_chance": 1.0,
    "xz_radius": 2,
    "replaceable": "#dke:end_stone",
    "ground_state": {
      "type": "minecraft:simple_state_provider",
      "state": {
        "Name": "minecraft:snow_block"
      }
    },
    "vegetation_feature": {
      "feature": {
        "type": "minecraft:simple_block",
        "config": {
          "to_place": {
            "type": "minecraft:simple_state_provider",
            "state": {
              "Name": "minecraft:snow",
              "Properties": {
                "layers": "1"
              }
            }
          }
        }
      },
      "placement": []
    }
  }
}
