{
  "values": [
    {
      "id": "enchantplus:helmet/bright_vision",
      "required": false
    },
    {
      "id": "enchantplus:armor/lifeplus",
      "required": false
    },
    {
      "id": "enchantplus:armor/fury",
      "required": false
    },
    {
      "id": "enchantplus:leggings/leaping",
      "required": false
    },
    {
      "id": "enchantplus:boots/agility",
      "required": false
    },
    {
      "id": "enchantplus:boots/sky_walk",
      "required": false
    },
    {
      "id": "enchantplus:bow/accuracy_shot",
      "required": false
    },
    {
      "id": "enchantplus:sword/attack_speed",
      "required": false
    },
    {
      "id": "enchantplus:sword/xp_boost",
      "required": false
    },
    {
      "id": "enchantplus:sword/poison_aspect",
      "required": false
    },
    {
      "id": "enchantplus:sword/life_steal",
      "required": false
    },
    {
      "id": "enchantplus:sword/fear",
      "required": false
    },
    {
      "id": "enchantplus:leggings/dwarfed",
      "required": false
    },
    {
      "id": "enchantplus:axe/timber",
      "required": false
    },
    {
      "id": "enchantplus:hoe/scyther",
      "required": false
    },
    {
      "id": "enchantplus:tools/auto_smelt",
      "required": false
    }
  ],
  "replace": false
}