{
    "description": {
        "translate": "enchantment.enchantplus.dwarfed",
        "fallback": "Dwarfed"
    },
    "supported_items": "#minecraft:enchantable/leg_armor",
    "exclusive_set": "#enchantplus:exclusive_set/size",
    "weight": 6,
    "max_level": 4,
    "min_cost": {
        "base": 8,
        "per_level_above_first": 12
    },
    "max_cost": {
        "base": 35,
        "per_level_above_first": 8
    },
    "anvil_cost": 3,
    "slots": [
        "legs"
    ],
    "effects": {
        "minecraft:attributes": [
            {
                "id": "minecraft:enchantment.drawf",
                "attribute": "minecraft:generic.scale",
                "amount": {
                    "type": "minecraft:lookup",
                    "values": [
                        -0.15,
                        -0.25,
                        -0.35,
                        -0.5
                    ],
                    "fallback": -0.15
                },
                "operation": "add_multiplied_base"
            }
        ]
    }
}