{
	"sea_level": 52,
	"disable_mob_generation": false,
	"aquifers_enabled": true,
	"ore_veins_enabled": false,
	"legacy_random_source": false,
	"default_block": {
	  "Name": "minecraft:blackstone"
	},
	"default_fluid": {
	  "Name": "minecraft:water",
	  "Properties": {
		"level": "0"
	  }
	},
	"noise": {
	  "min_y": -48,
	  "height": 384,
	  "size_horizontal": 1,
	  "size_vertical": 2
	},
	"noise_router": {
	  "barrier": {
		"type": "minecraft:noise",
		"noise": "minecraft:aquifer_barrier",
		"xz_scale": 1,
		"y_scale": 0.5
	  },
	  "fluid_level_floodedness": {
		"type": "minecraft:noise",
		"noise": "minecraft:aquifer_fluid_level_floodedness",
		"xz_scale": 1,
		"y_scale": 0.67
	  },
	  "fluid_level_spread": {
		"type": "minecraft:noise",
		"noise": "minecraft:aquifer_fluid_level_spread",
		"xz_scale": 1,
		"y_scale": 0.7142857142857143
	  },
	  "lava": {
		"type": "minecraft:noise",
		"noise": "minecraft:aquifer_lava",
		"xz_scale": 1,
		"y_scale": 1
	  },
	  "temperature": {
		"type": "minecraft:shifted_noise",
		"noise": "minecraft:temperature",
		"xz_scale": 1,
		"y_scale": 0,
		"shift_x": "minecraft:shift_x",
		"shift_y": 0,
		"shift_z": "minecraft:shift_z"
	  },
	  "vegetation": {
		"type": "minecraft:shifted_noise",
		"noise": "minecraft:vegetation",
		"xz_scale": 1,
		"y_scale": 0,
		"shift_x": "minecraft:shift_x",
		"shift_y": 0,
		"shift_z": "minecraft:shift_z"
	  },
	  "continents": "minecraft:overworld/continents",
	  "erosion": "minecraft:overworld/erosion",
	  "depth": "minecraft:overworld/depth",
	  "ridges": "minecraft:overworld/ridges",
	  "initial_density_without_jaggedness": "nmr:base_density",
	  "final_density": "nmr:base_density",
	  "vein_toggle": 0,
	  "vein_ridged": 0,
	  "vein_gap": 0
	},
	"spawn_target": [],
	"surface_rule": {
	  "type": "minecraft:sequence",
	  "sequence": [
		{
		  "type": "minecraft:condition",
		  "if_true": {
			"type": "minecraft:vertical_gradient",
			"random_name": "nmr:gradient",
			"true_at_and_below": {
			  "above_bottom": 0
			},
			"false_at_and_above": {
			  "above_bottom": 3
			}
		  },
		  "then_run": {
			"type": "minecraft:block",
			"result_state": {
			  "Name": "minecraft:bedrock"
			}
		  }
		},
		{
		  "type": "minecraft:condition",
		  "if_true": {
			"type": "minecraft:y_above",
			"anchor": {
			  "absolute": -45
			},
			"surface_depth_multiplier": 0,
			"add_stone_depth": false
		  },
		  "then_run": {
			"type": "minecraft:condition",
			"if_true": {
			  "type": "minecraft:vertical_gradient",
			  "random_name": "wool_gradient",
			  "true_at_and_below": {
				"absolute": -100
			  },
			  "false_at_and_above": {
				"absolute": 20
			  }
			},
			"then_run": {
			  "type": "minecraft:block",
			  "result_state": {
				"Name": "minecraft:black_wool"
			  }
			}
		  }
		},
		{
		  "type": "minecraft:condition",
		  "if_true": {
			"type": "minecraft:not",
			"invert": {
			  "type": "minecraft:water",
			  "offset": 0,
			  "surface_depth_multiplier": 0,
			  "add_stone_depth": false
			}
		  },
		  "then_run": {
			"type": "minecraft:condition",
			"if_true": {
			  "type": "minecraft:stone_depth",
			  "offset": 1,
			  "surface_type": "floor",
			  "add_surface_depth": false,
			  "secondary_depth_range": 0
			},
			"then_run": {
			  "type": "minecraft:block",
			  "result_state": {
				"Name": "minecraft:blackstone"
			  }
			}
		  }
		},
		{
		  "type": "minecraft:condition",
		  "if_true": {
			"type": "minecraft:stone_depth",
			"offset": 0,
			"surface_type": "floor",
			"add_surface_depth": true,
			"secondary_depth_range": 1
		  },
		  "then_run": {
			"type": "minecraft:block",
			"result_state": {
			  "Name": "minecraft:mud"
			}
		  }
		},
		{
		  "type": "minecraft:condition",
		  "if_true": {
			"type": "minecraft:stone_depth",
			"offset": 2,
			"surface_type": "ceiling",
			"add_surface_depth": true,
			"secondary_depth_range": 2
		  },
		  "then_run": {
			"type": "minecraft:block",
			"result_state": {
			  "Name": "minecraft:blackstone"
			}
		  }
		}
	  ]
	}
  }
  