{
    "name": "nmr:piglinauts/buildings",
    "fallback": "minecraft:empty",
    "elements": [{
        "weight": 1,
        "element": {
            "element_type": "minecraft:empty_pool_element"
        }
    },{
        "weight": 3,
        "element": {
            "element_type": "minecraft:single_pool_element",
            "projection": "rigid",
            "processors": "minecraft:empty",
            "location": "nmr:piglinauts/house/house_1"
        }
    },{
        "weight": 3,
        "element": {
            "element_type": "minecraft:single_pool_element",
            "projection": "rigid",
            "processors": "minecraft:empty",
            "location": "nmr:piglinauts/house/house_2"
        }
    },{
        "weight": 3,
        "element": {
            "element_type": "minecraft:single_pool_element",
            "projection": "rigid",
            "processors": "minecraft:empty",
            "location": "nmr:piglinauts/house/house_3"
        }
    },{
        "weight": 3,
        "element": {
            "element_type": "minecraft:single_pool_element",
            "projection": "rigid",
            "processors": "minecraft:empty",
            "location": "nmr:piglinauts/house/house_4"
        }
    },{
        "weight": 3,
        "element": {
            "element_type": "minecraft:single_pool_element",
            "projection": "rigid",
            "processors": "minecraft:empty",
            "location": "nmr:piglinauts/house/house_5"
        }
    },{
        "weight": 3,
        "element": {
            "element_type": "minecraft:single_pool_element",
            "projection": "rigid",
            "processors": "minecraft:empty",
            "location": "nmr:piglinauts/house/house_6"
        }
    },{
        "weight": 3,
        "element": {
            "element_type": "minecraft:single_pool_element",
            "projection": "rigid",
            "processors": "minecraft:empty",
            "location": "nmr:piglinauts/house/house_7"
        }
    },{
        "weight": 3,
        "element": {
            "element_type": "minecraft:single_pool_element",
            "projection": "rigid",
            "processors": "minecraft:empty",
            "location": "nmr:piglinauts/house/house_8"
        }
    },{
        "weight": 3,
        "element": {
            "element_type": "minecraft:single_pool_element",
            "projection": "rigid",
            "processors": "minecraft:empty",
            "location": "nmr:piglinauts/house/house_9"
        }
    },{
        "weight": 3,
        "element": {
            "element_type": "minecraft:single_pool_element",
            "projection": "rigid",
            "processors": "minecraft:empty",
            "location": "nmr:piglinauts/house/house_10"
        }
    },{
        "weight": 3,
        "element": {
            "element_type": "minecraft:single_pool_element",
            "projection": "rigid",
            "processors": "minecraft:empty",
            "location": "nmr:piglinauts/house/house_11"
        }
    },{
        "weight": 3,
        "element": {
            "element_type": "minecraft:single_pool_element",
            "projection": "rigid",
            "processors": "minecraft:empty",
            "location": "nmr:piglinauts/house/house_12"
        }
    }]
}