{
    "name": "nmr:piglinauts/streets",
    "fallback": "minecraft:empty",
    "elements": [{
        "weight": 2,
        "element": {
            "element_type": "minecraft:empty_pool_element"
        }
    },{
        "weight": 5,
        "element": {
            "element_type": "minecraft:single_pool_element",
            "projection": "terrain_matching",
            "processors": "minecraft:empty",
            "location": "nmr:piglinauts/streets/street_straight"
        }
    },{
        "weight": 4,
        "element": {
            "element_type": "minecraft:single_pool_element",
            "projection": "terrain_matching",
            "processors": "minecraft:empty",
            "location": "nmr:piglinauts/streets/street_straight_aslant"
        }
    },{
        "weight": 2,
        "element": {
            "element_type": "minecraft:single_pool_element",
            "projection": "terrain_matching",
            "processors": "minecraft:empty",
            "location": "nmr:piglinauts/streets/street_curve"
        }
    },{
        "weight": 1,
        "element": {
            "element_type": "minecraft:single_pool_element",
            "projection": "terrain_matching",
            "processors": "minecraft:empty",
            "location": "nmr:piglinauts/streets/street_y"
        }
    },{
        "weight": 2,
        "element": {
            "element_type": "minecraft:single_pool_element",
            "projection": "terrain_matching",
            "processors": "minecraft:empty",
            "location": "nmr:piglinauts/streets/street_flat"
        }
    },{
        "weight": 2,
        "element": {
            "element_type": "minecraft:single_pool_element",
            "projection": "terrain_matching",
            "processors": "minecraft:empty",
            "location": "nmr:piglinauts/streets/street_flat_2"
        }
    }]
}