{
    "pools": [
      {
        "rolls": 1,
        "entries": [
          {
            "type": "minecraft:item",
            "name": "minecraft:map",
            "functions": [
              {
                "function": "minecraft:exploration_map",
                "destination": "nmr:amemasu",
                "decoration": "monument",
                "zoom": 1,
                "skip_existing_chunks": false
              },
              {
                "function": "minecraft:set_name",
                "entity": "this",
                "target": "item_name",
                "name": "Amemasu Map"
              }
            ]
          }
        ]
      }
    ]
  }
  