{
    "values": [
        "#all_signs",
        "#banners",
        "#buttons",
        "#candle_cakes",
        "#candles",
        "#cave_vines",
        "#climbable",
        "#coral_plants",
        "#crops",
        "#fence_gates",
        "#fences",
        "#fire",
        "#flower_pots",
        "#flowers",
        "#maintains_farmland",
        "#portals",
        "#pressure_plates",
        "#rails",
        "#saplings",
        "#wool_carpets",
        "light",
        "air",
        "cave_air",
        "void_air",
        "water",
        "lava",
        "tall_grass",
        "torch",
        "redstone_torch",
        "soul_torch",
        "wall_torch",
        "redstone_wall_torch",
        "soul_wall_torch",
        "lantern",
        "soul_lantern",
        "end_rod",
        "glow_lichen",
        "bell",
        "lightning_rod",
        "moss_carpet",
        "small_amethyst_bud",
        "medium_amethyst_bud",
        "large_amethyst_bud",
        "red_mushroom",
        "brown_mushroom",
        "crimson_fungus",
        "warped_fungus",
        "fern",
        "large_fern",
        "dead_bush",
        "bamboo",
        "bamboo_sapling",
        "sugar_cane",
        "crimson_roots",
        "warped_roots",
        "nether_sprouts",
        "hanging_roots",
        "frogspawn",
        "turtle_egg",
        "cocoa",
        "nether_wart",
        "lily_pad",
        "seagrass",
        "kelp",
        "kelp_plant",
        "sea_pickle",
        "cobweb",
        "repeater",
        "comparator",
        "lever",
        "tripwire",
        "tripwire_hook",
        "bubble_column",
        {
            "id": "short_grass",
            "required": false
        },
        {
            "id": "grass",
            "required": false
        }
    ]
}