{
    "description": {
        "translate": "enchantment.enchantplus.sky_walk",
        "fallback": "Sky Walk"
    },
    "slots": [
        "feet"
    ],
    "exclusive_set": "#minecraft:exclusive_set/boots",
    "supported_items": "#minecraft:enchantable/foot_armor",
    "weight": 2,
    "max_level": 1,
    "anvil_cost": 3,
    "min_cost": {
        "base": 25,
        "per_level_above_first": 9
    },
    "max_cost": {
        "base": 45,
        "per_level_above_first": 9
    },
    "effects": {
        "minecraft:tick": [
            {
                "effect": {
                    "type": "minecraft:apply_mob_effect",
                    "to_apply": "minecraft:levitation",
                    "min_duration": 1,
                    "max_duration": 1,
                    "min_amplifier": 0,
                    "max_amplifier": 0
                },
                "requirements": {
                    "condition": "minecraft:all_of",
                    "terms": [
                        {
                            "condition": "minecraft:entity_properties",
                            "entity": "this",
                            "predicate": {
                                "flags": {
                                    "is_sneaking": false
                                }
                            }
                        },
                        {
                            "condition": "minecraft:location_check",
                            "offsetY": -1,
                            "predicate": {
                                "block": {
                                    "blocks": "#minecraft:replaceable"
                                }
                            }
                        },
                        {
                            "condition": "minecraft:location_check",
                            "offsetY": -2,
                            "predicate": {
                                "block": {
                                    "blocks": "#minecraft:replaceable"
                                }
                            }
                        },
                        {
                            "condition": "minecraft:location_check",
                            "offsetY": -3,
                            "predicate": {
                                "block": {
                                    "blocks": "#minecraft:replaceable"
                                }
                            }
                        },
                        {
                            "condition": "minecraft:location_check",
                            "offsetY": -4,
                            "predicate": {
                                "block": {
                                    "blocks": "#minecraft:replaceable"
                                }
                            }
                        },
                        {
                            "condition": "minecraft:location_check",
                            "offsetY": -5,
                            "predicate": {
                                "block": {
                                    "blocks": "#minecraft:replaceable"
                                }
                            }
                        }
                    ]
                }
            },
            {
                "effect": {
                    "type": "minecraft:apply_mob_effect",
                    "to_apply": "minecraft:slow_falling",
                    "min_duration": 1,
                    "max_duration": 1,
                    "min_amplifier": 0,
                    "max_amplifier": 0
                },
                "requirements": {
                    "condition": "minecraft:all_of",
                    "terms": [
                        {
                            "condition": "minecraft:entity_properties",
                            "entity": "this",
                            "predicate": {
                                "flags": {
                                    "is_sneaking": true
                                }
                            }
                        },
                        {
                            "condition": "minecraft:location_check",
                            "offsetY": -1,
                            "predicate": {
                                "block": {
                                    "blocks": "#minecraft:replaceable"
                                }
                            }
                        },
                        {
                            "condition": "minecraft:location_check",
                            "offsetY": -2,
                            "predicate": {
                                "block": {
                                    "blocks": "#minecraft:replaceable"
                                }
                            }
                        },
                        {
                            "condition": "minecraft:location_check",
                            "offsetY": -3,
                            "predicate": {
                                "block": {
                                    "blocks": "#minecraft:replaceable"
                                }
                            }
                        },
                        {
                            "condition": "minecraft:location_check",
                            "offsetY": -4,
                            "predicate": {
                                "block": {
                                    "blocks": "#minecraft:replaceable"
                                }
                            }
                        },
                        {
                            "condition": "minecraft:location_check",
                            "offsetY": -5,
                            "predicate": {
                                "block": {
                                    "blocks": "#minecraft:replaceable"
                                }
                            }
                        }
                    ]
                }
            }
        ]
    }
}