{
  "format_version": "1",
  "items": {
    "minecraft:brick": [
      {
        "name": "gmdl_3f1168c",
        "allow_offhand": true,
        "icon": "gmdl_3f1168c",
        "custom_model_data": 8603000
      }
    ],
    "minecraft:crossbow": [
      {
        "name": "gmdl_7b4b00c",
        "allow_offhand": true,
        "icon": "gmdl_7b4b00c",
        "custom_model_data": 8603000
      },
      {
        "name": "gmdl_7b4b00c",
        "allow_offhand": true,
        "icon": "gmdl_7b4b00c",
        "custom_model_data": 8603000
      },
      {
        "name": "gmdl_7b4b00c",
        "allow_offhand": true,
        "icon": "gmdl_7b4b00c",
        "custom_model_data": 8603000
      },
      {
        "name": "gmdl_7b4b00c",
        "allow_offhand": true,
        "icon": "gmdl_7b4b00c",
        "custom_model_data": 8603000
      },
      {
        "name": "gmdl_7b4b00c",
        "allow_offhand": true,
        "icon": "gmdl_7b4b00c",
        "custom_model_data": 8603000
      },
      {
        "name": "gmdl_7b4b00c",
        "allow_offhand": true,
        "icon": "gmdl_7b4b00c",
        "custom_model_data": 8603000
      }
    ],
    "minecraft:crossbow_arrow": [
      {
        "name": "gmdl_3d17825",
        "allow_offhand": true,
        "icon": "gmdl_3d17825",
        "custom_model_data": 8603000
      }
    ],
    "minecraft:crossbow_firework": [
      {
        "name": "gmdl_903e204",
        "allow_offhand": true,
        "icon": "gmdl_903e204",
        "custom_model_data": 8603000
      }
    ],
    "minecraft:crossbow_pulling_0": [
      {
        "name": "gmdl_659925f",
        "allow_offhand": true,
        "icon": "gmdl_659925f",
        "custom_model_data": 8603000
      }
    ],
    "minecraft:crossbow_pulling_1": [
      {
        "name": "gmdl_b530dff",
        "allow_offhand": true,
        "icon": "gmdl_b530dff",
        "custom_model_data": 8603000
      }
    ],
    "minecraft:crossbow_pulling_2": [
      {
        "name": "gmdl_55fc9b5",
        "allow_offhand": true,
        "icon": "gmdl_55fc9b5",
        "custom_model_data": 8603000
      }
    ],
    "minecraft:diamond_pickaxe": [
      {
        "name": "gmdl_943df98",
        "allow_offhand": true,
        "icon": "pickaxe",
        "frame": 4,
        "custom_model_data": 8603000
      }
    ],
    "minecraft:elytra": [
      {
        "name": "gmdl_f105757",
        "allow_offhand": true,
        "icon": "gmdl_f105757",
        "custom_model_data": 8603000
      }
    ],
    "minecraft:iron_boots": [
      {
        "name": "gmdl_3287e27",
        "allow_offhand": true,
        "icon": "gmdl_3287e27",
        "custom_model_data": 8603000
      }
    ],
    "minecraft:iron_chestplate": [
      {
        "name": "gmdl_b917157",
        "allow_offhand": true,
        "icon": "gmdl_b917157",
        "custom_model_data": 8603000
      }
    ],
    "minecraft:iron_helmet": [
      {
        "name": "gmdl_a07fa62",
        "allow_offhand": true,
        "icon": "gmdl_a07fa62",
        "custom_model_data": 8603000
      }
    ],
    "minecraft:iron_leggings": [
      {
        "name": "gmdl_fe80a71",
        "allow_offhand": true,
        "icon": "gmdl_fe80a71",
        "custom_model_data": 8603000
      }
    ],
    "minecraft:shield": [
      {
        "name": "gmdl_a645ee0",
        "allow_offhand": true,
        "icon": "shield",
        "frame": 0,
        "custom_model_data": 8603000
      },
      {
        "name": "gmdl_a645ee0",
        "allow_offhand": true,
        "icon": "shield",
        "frame": 0,
        "custom_model_data": 8603000
      }
    ],
    "minecraft:stone_sword": [
      {
        "name": "gmdl_d8643ee",
        "allow_offhand": true,
        "icon": "sword",
        "frame": 1,
        "custom_model_data": 8603000
      }
    ],
    "minecraft:warped_fungus_on_a_stick": [
      {
        "name": "gmdl_c7c1e1c",
        "allow_offhand": true,
        "icon": "warped_fungus_on_a_stick",
        "frame": 0,
        "custom_model_data": 8603000
      },
      {
        "name": "gmdl_022a6f6",
        "allow_offhand": true,
        "icon": "warped_fungus_on_a_stick",
        "frame": 0,
        "custom_model_data": 8603001
      }
    ]
  }
}
