{
    "pools": [
      {
        "rolls": 1,
        "entries": [
          {
            "type": "minecraft:item",
            "name": "minecraft:chainmail_boots",
            "functions": [
              {
                "function": "minecraft:set_name",
                "entity": "this",
                "target": "item_name",
                "name": "Boots of Growth"
              },
              {
                "function": "minecraft:enchant_with_levels",
                "levels": {
                  "min": {
                    "type": "minecraft:constant",
                    "value": 10
                  },
                  "max": {
                    "type": "minecraft:constant",
                    "value": 50
                  }
                },
                "treasure": true
              },
              {
                "function": "minecraft:set_lore",
                "entity": "this",
                "lore": [
                  {
                    "text": "  "
                  },
                  {
                    "text": "Ability:",
                    "color": "green",
                    "bold": false,
                    "italic": false
                  },
                  {
                    "text": "Lets the wearer grow to 1.5 times",
                    "color": "green",
                    "bold": false,
                    "italic": false
                  },
                  {
                    "text": "the size when the full set is worn.",
                    "color": "green",
                    "bold": false,
                    "italic": false
                  }
                ],
                "mode": "insert"
              }
            ]
          }
        ]
      }
    ]
  }
  