{
    "name": "nmr:astral_plane_skeletons",
    "fallback": "minecraft:empty",
    "elements": [
        {
            "weight": 1,
            "element": {
                "projection": "rigid",
                "element_type": "minecraft:single_pool_element",
                "location": "nmr:astral_plane/skeleton_1",
                "processors": "minecraft:empty"
            }
        },
        {
            "weight": 1,
            "element": {
                "projection": "rigid",
                "element_type": "minecraft:single_pool_element",
                "location": "nmr:astral_plane/skeleton_2",
                "processors": "minecraft:empty"
            }
        },
        {
            "weight": 1,
            "element": {
                "projection": "rigid",
                "element_type": "minecraft:single_pool_element",
                "location": "nmr:astral_plane/skeleton_3",
                "processors": "minecraft:empty"
            }
        },
        {
            "weight": 1,
            "element": {
                "projection": "rigid",
                "element_type": "minecraft:single_pool_element",
                "location": "nmr:astral_plane/skeleton_4",
                "processors": "minecraft:empty"
            }
        },
        {
            "weight": 1,
            "element": {
                "projection": "rigid",
                "element_type": "minecraft:single_pool_element",
                "location": "nmr:astral_plane/skeleton_5",
                "processors": "minecraft:empty"
            }
        },
        {
            "weight": 1,
            "element": {
                "projection": "rigid",
                "element_type": "minecraft:single_pool_element",
                "location": "nmr:astral_plane/skeleton_6",
                "processors": "minecraft:empty"
            }
        }
    ]
}