{
    "name": "nmr:astral_plane_exit_portals",
    "fallback": "minecraft:empty",
    "elements": [
        {
            "weight": 1,
            "element": {
                "projection": "rigid",
                "element_type": "minecraft:single_pool_element",
                "location": "nmr:astral_plane/exit_portal_1",
                "processors": "minecraft:empty"
            }
        },
        {
            "weight": 1,
            "element": {
                "projection": "rigid",
                "element_type": "minecraft:single_pool_element",
                "location": "nmr:astral_plane/exit_portal_2",
                "processors": "minecraft:empty"
            }
        },
        {
            "weight": 1,
            "element": {
                "projection": "rigid",
                "element_type": "minecraft:single_pool_element",
                "location": "nmr:astral_plane/exit_portal_3",
                "processors": "minecraft:empty"
            }
        },
        {
            "weight": 1,
            "element": {
                "projection": "rigid",
                "element_type": "minecraft:single_pool_element",
                "location": "nmr:astral_plane/exit_portal_4",
                "processors": "minecraft:empty"
            }
        },
        {
            "weight": 1,
            "element": {
                "projection": "rigid",
                "element_type": "minecraft:single_pool_element",
                "location": "nmr:astral_plane/exit_portal_5",
                "processors": "minecraft:empty"
            }
        }
    ]
}