{
    "name": "nmr:forest_spawner",
    "fallback": "minecraft:empty",
    "elements": [
        {
            "weight": 10,
            "element": {
                "projection": "rigid",
                "element_type": "minecraft:single_pool_element",
                "location": "nmr:spawner/hedgehog",
                "processors": "minecraft:empty"
            }
        },
        {
            "weight": 5,
            "element": {
                "projection": "rigid",
                "element_type": "minecraft:single_pool_element",
                "location": "nmr:spawner/snail",
                "processors": "minecraft:empty"
            }
        },
        {
            "weight": 5,
            "element": {
                "projection": "rigid",
                "element_type": "minecraft:single_pool_element",
                "location": "nmr:spawner/rats",
                "processors": "minecraft:empty"
            }
        }
    ]
}