{
    "name": "nmr:penguins",
    "fallback": "minecraft:empty",
    "elements": [
        {
            "weight": 1,
            "element": {
                "projection": "rigid",
                "element_type": "minecraft:single_pool_element",
                "location": "nmr:penguins/structure_1",
                "processors": "minecraft:empty"
            }
        },
        {
            "weight": 1,
            "element": {
                "projection": "rigid",
                "element_type": "minecraft:single_pool_element",
                "location": "nmr:penguins/structure_2",
                "processors": "minecraft:empty"
            }
        },
        {
            "weight": 1,
            "element": {
                "projection": "rigid",
                "element_type": "minecraft:single_pool_element",
                "location": "nmr:penguins/structure_3",
                "processors": "minecraft:empty"
            }
        }
    ]
}