{
    "name": "nmr:pig_pens",
    "fallback": "minecraft:empty",
    "elements": [
        {
            "weight": 1,
            "element": {
                "projection": "rigid",
                "element_type": "minecraft:single_pool_element",
                "location": "nmr:pig_pen_1",
                "processors": "minecraft:empty"
            }
        },
        {
            "weight": 1,
            "element": {
                "projection": "rigid",
                "element_type": "minecraft:single_pool_element",
                "location": "nmr:pig_pen_2",
                "processors": "minecraft:empty"
            }
        },
        {
            "weight": 1,
            "element": {
                "projection": "rigid",
                "element_type": "minecraft:single_pool_element",
                "location": "nmr:pig_pen_3",
                "processors": "minecraft:empty"
            }
        },
        {
            "weight": 1,
            "element": {
                "projection": "rigid",
                "element_type": "minecraft:single_pool_element",
                "location": "nmr:pig_pen_4",
                "processors": "minecraft:empty"
            }
        }
    ]
}