{
    "anvil_cost": 1,
    "description": {
        "translate": "enchantment.enchantplus.magical_water",
        "fallback": "Magical Water"
    },
    "effects": {
        "minecraft:hit_block": [
            {
                "effect": {
                    "type": "minecraft:all_of",
                    "effects": [
                        {
                            "type": "minecraft:set_block_properties",
                            "properties": {
                                "waterlogged": "true"
                            }
                        },
                        {
                            "type": "minecraft:damage_item",
                            "amount": 1.0
                        }
                    ]
                },
                "requirements": {
                    "condition": "minecraft:location_check",
                    "predicate": {
                        "block": {
                            "state": {
                                "waterlogged": "false"
                            }
                        }
                    }
                }
            }
        ]
    },
    "max_cost": {
        "base": 200,
        "per_level_above_first": 9
    },
    "max_level": 1,
    "min_cost": {
        "base": 200,
        "per_level_above_first": 9
    },
    "slots": [
        "mainhand"
    ],
    "supported_items": "#minecraft:enchantable/trident",
    "weight": 2
}