{
    "name": "nmr:pillagernauts/features",
    "fallback": "minecraft:empty",
    "elements": [{
        "weight": 8,
        "element": {
            "element_type": "minecraft:empty_pool_element"
        }
    },{
        "weight": 1,
        "element": {
            "location": "nmr:pillagernauts/feature_cage_1",
            "processors": "minecraft:empty",
            "projection": "rigid",
            "element_type": "minecraft:single_pool_element"
        }
    },{
        "weight": 1,
        "element": {
            "location": "nmr:pillagernauts/feature_cage_2",
            "processors": "minecraft:empty",
            "projection": "rigid",
            "element_type": "minecraft:single_pool_element"
        }
    },{
        "weight": 1,
        "element": {
            "location": "nmr:pillagernauts/feature_logs",
            "processors": "minecraft:empty",
            "projection": "rigid",
            "element_type": "minecraft:single_pool_element"
        }
    },{
        "weight": 1,
        "element": {
            "location": "nmr:pillagernauts/feature_targets",
            "processors": "minecraft:empty",
            "projection": "rigid",
            "element_type": "minecraft:single_pool_element"
        }
    },{
        "weight": 1,
        "element": {
            "location": "nmr:pillagernauts/feature_tent_1",
            "processors": "minecraft:empty",
            "projection": "rigid",
            "element_type": "minecraft:single_pool_element"
        }
    },{
        "weight": 1,
        "element": {
            "location": "nmr:pillagernauts/feature_tent_2",
            "processors": "minecraft:empty",
            "projection": "rigid",
            "element_type": "minecraft:single_pool_element"
        }
    }]
}