{"stats":{"minecraft:killed":{"minecraft:spider":2,"minecraft:skeleton":3,"minecraft:pillager":2,"minecraft:zombie":5,"minecraft:drowned":5},"minecraft:used":{"minecraft:pink_tulip":1,"minecraft:stone_pickaxe":50,"minecraft:decorated_pot":1,"minecraft:birch_boat":2,"minecraft:wooden_pickaxe":13,"minecraft:rotten_flesh":3,"minecraft:torch":5,"minecraft:dirt":19,"minecraft:crafting_table":7,"minecraft:white_bed":3,"minecraft:spruce_log":1,"minecraft:birch_door":3,"minecraft:bread":22,"minecraft:iron_axe":40,"minecraft:leather_helmet":1,"minecraft:lilac":2,"minecraft:stone_axe":56,"minecraft:wooden_sword":51,"minecraft:cobblestone":1,"minecraft:pufferfish_bucket":1,"minecraft:written_book":1,"minecraft:furnace":1,"minecraft:horn_coral_block":3},"minecraft:custom":{"minecraft:interact_with_furnace":7,"minecraft:mob_kills":17,"minecraft:interact_with_crafting_table":23,"minecraft:open_barrel":2,"minecraft:bell_ring":1,"minecraft:leave_game":8,"minecraft:time_since_death":34142,"minecraft:sleep_in_bed":3,"minecraft:climb_one_cm":1091,"minecraft:time_since_rest":28605,"minecraft:sprint_one_cm":106848,"minecraft:damage_taken":1324,"minecraft:walk_one_cm":165603,"minecraft:drop":44,"minecraft:damage_dealt":3339,"minecraft:swim_one_cm":24743,"minecraft:talked_to_villager":1,"minecraft:fly_one_cm":163708,"minecraft:open_chest":26,"minecraft:crouch_one_cm":11442,"minecraft:play_time":73639,"minecraft:deaths":1,"minecraft:sneak_time":3709,"minecraft:walk_under_water_one_cm":27731,"minecraft:boat_one_cm":76871,"minecraft:jump":959,"minecraft:walk_on_water_one_cm":16319,"minecraft:total_world_time":73639,"minecraft:interact_with_smoker":1,"minecraft:fall_one_cm":17145},"minecraft:mined":{"minecraft:dark_oak_planks":4,"minecraft:sandstone_slab":2,"minecraft:spruce_planks":2,"minecraft:white_bed":2,"minecraft:brown_mushroom":1,"minecraft:mossy_cobblestone":4,"minecraft:smoker":1,"minecraft:crafting_table":6,"minecraft:short_grass":23,"minecraft:grass_block":7,"minecraft:stone_brick_wall":1,"minecraft:decorated_pot":9,"minecraft:white_stained_glass_pane":3,"minecraft:lectern":1,"minecraft:mushroom_stem":2,"minecraft:cobblestone":11,"minecraft:spruce_leaves":7,"minecraft:red_mushroom":1,"minecraft:sandstone":4,"minecraft:wall_torch":10,"minecraft:sandstone_stairs":5,"minecraft:spruce_stairs":2,"minecraft:large_fern":2,"minecraft:hay_block":10,"minecraft:furnace":1,"minecraft:birch_log":6,"minecraft:iron_ore":10,"minecraft:chiseled_sandstone":4,"minecraft:lilac":12,"minecraft:spruce_log":3,"minecraft:birch_door":2,"minecraft:lantern":4,"minecraft:dirt":22,"minecraft:pink_tulip":1,"minecraft:stone":11,"minecraft:horn_coral_block":2,"minecraft:fern":5,"minecraft:potted_allium":2},"minecraft:killed_by":{"minecraft:vindicator":1},"minecraft:picked_up":{"minecraft:birch_door":2,"minecraft:birch_log":6,"minecraft:prismarine_shard":6,"minecraft:crafting_table":6,"minecraft:allium":2,"minecraft:sandstone_slab":1,"minecraft:lilac":11,"minecraft:flower_pot":2,"minecraft:smoker":1,"minecraft:red_mushroom":1,"minecraft:potion":1,"minecraft:enchanted_book":2,"minecraft:dead_horn_coral_block":1,"minecraft:brick":8,"minecraft:string":4,"minecraft:dirt":29,"minecraft:lantern":3,"minecraft:bone":2,"minecraft:beetroot":4,"minecraft:bow":1,"minecraft:wheat_seeds":3,"minecraft:spruce_planks":1,"minecraft:written_book":1,"minecraft:poppy":1,"minecraft:lectern":1,"minecraft:furnace":1,"minecraft:dark_oak_sapling":1,"minecraft:raw_iron":10,"minecraft:sandstone":3,"minecraft:copper_ingot":1,"minecraft:torch":8,"minecraft:spruce_stairs":1,"minecraft:spruce_log":3,"minecraft:white_bed":2,"minecraft:trident":1,"minecraft:carrot":3,"minecraft:chiseled_sandstone":3,"minecraft:spider_eye":1,"minecraft:mossy_cobblestone":4,"minecraft:dark_oak_planks":4,"minecraft:arrow":2,"minecraft:rotten_flesh":7,"minecraft:stone_axe":1,"minecraft:decorated_pot":7,"minecraft:writable_book":1,"minecraft:hay_block":10,"minecraft:sandstone_stairs":3,"minecraft:pink_tulip":1,"minecraft:emerald":1,"minecraft:cobblestone":22},"minecraft:dropped":{"minecraft:enchanted_book":1,"minecraft:stone_axe":2,"minecraft:wheat_seeds":3,"minecraft:lilac":9,"minecraft:mossy_cobblestone":4,"minecraft:dark_oak_sapling":1,"minecraft:decorated_pot":3,"minecraft:beetroot":2,"minecraft:rotten_flesh":4,"minecraft:copper_ingot":3,"minecraft:spruce_stairs":1,"minecraft:red_mushroom":1,"minecraft:echo_shard":4,"minecraft:poppy":1,"minecraft:flower_pot":2,"minecraft:allium":2,"minecraft:torch":1,"minecraft:spruce_planks":1,"minecraft:wooden_sword":1,"minecraft:bow":1,"minecraft:spider_eye":1,"minecraft:wooden_pickaxe":1,"minecraft:written_book":2,"minecraft:lectern":1,"minecraft:bone":2,"minecraft:brick":8},"minecraft:crafted":{"minecraft:wooden_sword":1,"minecraft:crafting_table":1,"minecraft:spruce_planks":16,"minecraft:birch_boat":2,"minecraft:wooden_pickaxe":1,"minecraft:furnace":1,"minecraft:birch_planks":24,"minecraft:stone_axe":2,"minecraft:bread":31,"minecraft:air":0,"minecraft:iron_chestplate":1,"minecraft:iron_axe":1,"minecraft:stick":16,"minecraft:iron_ingot":10,"minecraft:stone_pickaxe":1,"minecraft:white_bed":1,"minecraft:birch_door":3,"minecraft:wheat":90}},"DataVersion":3953}