{"stats":{"minecraft:killed":{"minecraft:vindicator":7,"minecraft:spider":3,"minecraft:dolphin":1,"minecraft:skeleton":7,"minecraft:guardian":2,"minecraft:drowned":56,"minecraft:creeper":1,"minecraft:pillager":13,"minecraft:zombie":8},"minecraft:used":{"minecraft:spruce_slab":5,"minecraft:decorated_pot":2,"minecraft:chest":11,"minecraft:spruce_planks":6,"minecraft:shield":14,"minecraft:rotten_flesh":15,"minecraft:iron_chestplate":1,"minecraft:torch":9,"minecraft:dirt":31,"minecraft:prismarine_bricks":1,"minecraft:tuff":16,"minecraft:spruce_fence":2,"minecraft:birch_door":8,"minecraft:dark_oak_planks":23,"minecraft:iron_axe":473,"minecraft:light_blue_bed":3,"minecraft:dark_oak_button":3,"minecraft:barrel":3,"minecraft:dark_oak_boat":2,"minecraft:written_book":1,"minecraft:furnace":2,"minecraft:oxidized_copper":10,"minecraft:horn_coral_block":3,"minecraft:cobbled_deepslate":62,"minecraft:brown_bed":6,"minecraft:dark_oak_stairs":2,"minecraft:water_bucket":20,"minecraft:mossy_stone_bricks":1,"minecraft:pink_tulip":1,"minecraft:birch_planks":3,"minecraft:stone_pickaxe":131,"minecraft:prismarine":1,"minecraft:wooden_pickaxe":13,"minecraft:birch_boat":4,"minecraft:golden_apple":4,"minecraft:crafting_table":18,"minecraft:dead_fire_coral_block":2,"minecraft:white_bed":3,"minecraft:smoker":1,"minecraft:dark_oak_door":9,"minecraft:spruce_log":1,"minecraft:flower_pot":1,"minecraft:firework_rocket":12,"minecraft:bread":54,"minecraft:iron_pickaxe":202,"minecraft:leather_helmet":1,"minecraft:lilac":2,"minecraft:stone_axe":56,"minecraft:wooden_sword":51,"minecraft:cobblestone":11,"minecraft:pufferfish_bucket":1,"minecraft:bucket":19,"minecraft:splash_potion":3},"minecraft:broken":{"minecraft:stone_pickaxe":1,"minecraft:iron_axe":3},"minecraft:custom":{"minecraft:mob_kills":99,"minecraft:interact_with_crafting_table":41,"minecraft:open_barrel":110,"minecraft:bell_ring":1,"minecraft:damage_dealt_resisted":54,"minecraft:leave_game":10,"minecraft:time_since_death":161524,"minecraft:climb_one_cm":3039,"minecraft:sprint_one_cm":161349,"minecraft:walk_one_cm":413506,"minecraft:damage_blocked_by_shield":645,"minecraft:drop":132,"minecraft:talked_to_villager":1,"minecraft:play_time":201021,"minecraft:deaths":1,"minecraft:sneak_time":19197,"minecraft:walk_under_water_one_cm":201384,"minecraft:boat_one_cm":353445,"minecraft:jump":1559,"minecraft:walk_on_water_one_cm":77868,"minecraft:total_world_time":201021,"minecraft:interact_with_furnace":13,"minecraft:pot_flower":1,"minecraft:sleep_in_bed":8,"minecraft:time_since_rest":8579,"minecraft:damage_taken":3468,"minecraft:damage_absorbed":153,"minecraft:damage_dealt":20656,"minecraft:swim_one_cm":131259,"minecraft:fly_one_cm":210799,"minecraft:open_chest":78,"minecraft:crouch_one_cm":51913,"minecraft:interact_with_smoker":2,"minecraft:fall_one_cm":26908},"minecraft:mined":{"minecraft:dark_oak_planks":16,"minecraft:dark_prismarine":1,"minecraft:dark_prismarine_stairs":1,"minecraft:tuff":21,"minecraft:spruce_planks":20,"minecraft:white_bed":2,"minecraft:mossy_cobblestone":4,"minecraft:fire_coral_wall_fan":4,"minecraft:jungle_leaves":1,"minecraft:dark_oak_log":43,"minecraft:sea_lantern":5,"minecraft:spruce_trapdoor":3,"minecraft:ladder":1,"minecraft:spruce_fence":6,"minecraft:grass_block":8,"minecraft:stone_brick_wall":1,"minecraft:decorated_pot":14,"minecraft:brick_stairs":2,"minecraft:spruce_leaves":7,"minecraft:bubble_coral_block":6,"minecraft:chiseled_stone_bricks":3,"minecraft:red_mushroom":1,"minecraft:sandstone":6,"minecraft:sandstone_stairs":5,"minecraft:large_fern":2,"minecraft:hay_block":10,"minecraft:horn_coral":1,"minecraft:tall_seagrass":4,"minecraft:furnace":1,"minecraft:iron_ore":10,"minecraft:barrel":1,"minecraft:cobbled_deepslate":16,"minecraft:chiseled_sandstone":4,"minecraft:suspicious_sand":1,"minecraft:brown_bed":9,"minecraft:dark_oak_stairs":18,"minecraft:deepslate_iron_ore":8,"minecraft:lantern":4,"minecraft:brain_coral_wall_fan":1,"minecraft:pink_tulip":1,"minecraft:stone":16,"minecraft:brain_coral_block":6,"minecraft:fire_coral_block":8,"minecraft:white_wool":1,"minecraft:brain_coral":1,"minecraft:spruce_slab":6,"minecraft:potted_allium":2,"minecraft:sandstone_slab":2,"minecraft:cut_sandstone":16,"minecraft:brown_mushroom":1,"minecraft:kelp_plant":3,"minecraft:potted_lily_of_the_valley":1,"minecraft:smoker":1,"minecraft:stone_brick_slab":7,"minecraft:polished_granite":1,"minecraft:oxidized_cut_copper_stairs":2,"minecraft:crafting_table":11,"minecraft:short_grass":27,"minecraft:oxidized_copper":18,"minecraft:chest":6,"minecraft:white_stained_glass_pane":3,"minecraft:lectern":1,"minecraft:mushroom_stem":2,"minecraft:polished_diorite_slab":1,"minecraft:cobblestone":16,"minecraft:prismarine":1,"minecraft:wall_torch":13,"minecraft:seagrass":1,"minecraft:prismarine_bricks":8,"minecraft:spruce_stairs":2,"minecraft:bubble_coral":1,"minecraft:dark_oak_slab":2,"minecraft:light_blue_bed":3,"minecraft:dark_oak_door":7,"minecraft:sea_pickle":2,"minecraft:birch_log":6,"minecraft:lilac":12,"minecraft:spruce_log":3,"minecraft:stone_brick_stairs":1,"minecraft:birch_door":6,"minecraft:cherry_leaves":1,"minecraft:bubble_coral_wall_fan":3,"minecraft:gravel":2,"minecraft:dirt":25,"minecraft:cracked_stone_bricks":1,"minecraft:prismarine_stairs":3,"minecraft:stone_bricks":5,"minecraft:mossy_stone_bricks":2,"minecraft:emerald_block":2,"minecraft:horn_coral_block":2,"minecraft:deepslate":102,"minecraft:fern":5,"minecraft:polished_granite_slab":3,"minecraft:suspicious_gravel":1},"minecraft:killed_by":{"minecraft:vindicator":1},"minecraft:picked_up":{"minecraft:prismarine_stairs":3,"minecraft:crafting_table":11,"minecraft:iron_chestplate":1,"minecraft:birch_door":6,"minecraft:allium":3,"minecraft:sandstone_slab":1,"minecraft:splash_potion":1,"minecraft:ladder":1,"minecraft:flower_pot":2,"minecraft:prismarine_shard":10,"minecraft:brown_bed":8,"minecraft:enchanted_book":4,"minecraft:potion":1,"minecraft:dead_horn_coral_block":1,"minecraft:brick":11,"minecraft:string":4,"minecraft:explorer_pottery_sherd":1,"minecraft:beetroot":4,"minecraft:sea_pickle":2,"minecraft:cracked_stone_bricks":1,"minecraft:cobbled_deepslate":99,"minecraft:spruce_planks":15,"minecraft:written_book":3,"minecraft:poppy":1,"minecraft:spruce_slab":6,"minecraft:lectern":1,"minecraft:chest":7,"minecraft:spruce_trapdoor":3,"minecraft:iron_boots":1,"minecraft:furnace":1,"minecraft:dark_oak_door":7,"minecraft:dark_oak_sapling":1,"minecraft:tipped_arrow":5,"minecraft:raw_iron":18,"minecraft:sandstone":3,"minecraft:copper_ingot":2,"minecraft:torch":14,"minecraft:spruce_stairs":1,"minecraft:spruce_fence":5,"minecraft:trident":2,"minecraft:carrot":3,"minecraft:light_blue_bed":3,"minecraft:prismarine_crystals":2,"minecraft:dark_oak_planks":14,"minecraft:arrow":12,"minecraft:rotten_flesh":20,"minecraft:decorated_pot":8,"minecraft:hay_block":10,"minecraft:sandstone_stairs":3,"minecraft:pink_tulip":1,"minecraft:brick_stairs":2,"minecraft:nautilus_shell":1,"minecraft:white_wool":1,"minecraft:cobblestone":28,"minecraft:birch_log":6,"minecraft:oxidized_cut_copper_stairs":2,"minecraft:oxidized_copper":15,"minecraft:lilac":11,"minecraft:cut_sandstone":3,"minecraft:dark_oak_boat":1,"minecraft:smoker":1,"minecraft:red_mushroom":1,"minecraft:tuff":16,"minecraft:prismarine_bricks":1,"minecraft:dirt":32,"minecraft:lantern":3,"minecraft:bone":2,"minecraft:stone_bricks":3,"minecraft:bow":1,"minecraft:wheat_seeds":3,"minecraft:mossy_stone_bricks":1,"minecraft:prismarine":1,"minecraft:dark_oak_stairs":18,"minecraft:emerald_block":2,"minecraft:dark_oak_slab":1,"minecraft:birch_boat":2,"minecraft:stone_brick_slab":4,"minecraft:gravel":1,"minecraft:dead_fire_coral_block":5,"minecraft:spruce_log":3,"minecraft:white_bed":2,"minecraft:dark_oak_log":32,"minecraft:chiseled_sandstone":3,"minecraft:barrel":2,"minecraft:spider_eye":1,"minecraft:leather_helmet":1,"minecraft:mossy_cobblestone":4,"minecraft:dark_prismarine":1,"minecraft:firework_rocket":5,"minecraft:stone_axe":1,"minecraft:writable_book":1,"minecraft:polished_granite_slab":1,"minecraft:crossbow":1,"minecraft:emerald":8,"minecraft:charcoal":5},"minecraft:dropped":{"minecraft:enchanted_book":1,"minecraft:iron_sword":1,"minecraft:dark_oak_stairs":13,"minecraft:wheat_seeds":3,"minecraft:lilac":9,"minecraft:mossy_cobblestone":4,"minecraft:dark_oak_sapling":1,"minecraft:decorated_pot":3,"minecraft:dark_oak_slab":2,"minecraft:iron_helmet":1,"minecraft:cobblestone":1,"minecraft:dark_oak_button":1,"minecraft:cracked_stone_bricks":1,"minecraft:copper_ingot":4,"minecraft:spruce_stairs":1,"minecraft:leather_helmet":2,"minecraft:red_mushroom":1,"minecraft:dirt":1,"minecraft:torch":1,"minecraft:iron_leggings":1,"minecraft:wooden_sword":1,"minecraft:iron_pickaxe":1,"minecraft:paper":9,"minecraft:dark_oak_planks":3,"minecraft:oxidized_copper":8,"minecraft:stone_brick_slab":2,"minecraft:fishing_rod":1,"minecraft:white_wool":1,"minecraft:bone":2,"minecraft:gravel":2,"minecraft:dark_oak_door":1,"minecraft:stone_axe":5,"minecraft:cobbled_deepslate":16,"minecraft:tuff":1,"minecraft:beetroot":2,"minecraft:rotten_flesh":9,"minecraft:iron_boots":2,"minecraft:spruce_fence":2,"minecraft:dead_fire_coral_block":3,"minecraft:prismarine_stairs":1,"minecraft:echo_shard":4,"minecraft:poppy":1,"minecraft:shield":1,"minecraft:flower_pot":2,"minecraft:sea_pickle":10,"minecraft:allium":3,"minecraft:spruce_planks":2,"minecraft:mossy_stone_bricks":1,"minecraft:iron_chestplate":2,"minecraft:ladder":1,"minecraft:birch_door":1,"minecraft:stone_bricks":4,"minecraft:brown_bed":2,"minecraft:barrel":1,"minecraft:spider_eye":1,"minecraft:spruce_slab":1,"minecraft:arrow":7,"minecraft:bow":1,"minecraft:wooden_pickaxe":1,"minecraft:nautilus_shell":1,"minecraft:dark_prismarine":1,"minecraft:written_book":6,"minecraft:lectern":1,"minecraft:brick":8,"minecraft:bread":11},"minecraft:crafted":{"minecraft:wooden_sword":1,"minecraft:raw_iron":9,"minecraft:dark_oak_boat":1,"minecraft:birch_boat":2,"minecraft:furnace":2,"minecraft:dark_oak_door":3,"minecraft:iron_boots":1,"minecraft:iron_axe":2,"minecraft:stone_pickaxe":1,"minecraft:chest":8,"minecraft:birch_door":3,"minecraft:dark_oak_planks":132,"minecraft:wheat":90,"minecraft:crafting_table":7,"minecraft:spruce_planks":16,"minecraft:wooden_pickaxe":1,"minecraft:dark_oak_button":5,"minecraft:birch_planks":24,"minecraft:stone_axe":3,"minecraft:bread":33,"minecraft:air":0,"minecraft:iron_chestplate":1,"minecraft:shield":1,"minecraft:stick":24,"minecraft:iron_ingot":27,"minecraft:iron_pickaxe":1,"minecraft:white_bed":1}},"DataVersion":3953}