{"stats":{"minecraft:picked_up":{"minecraft:prismarine_stairs":3,"minecraft:birch_door":6,"minecraft:iron_chestplate":2,"minecraft:wheat":348,"minecraft:anvil":6,"minecraft:flower_pot":2,"minecraft:prismarine_shard":10,"minecraft:smithing_table":2,"minecraft:brown_bed":9,"minecraft:enchanted_book":4,"minecraft:potion":1,"minecraft:amethyst_block":2,"minecraft:dark_oak_trapdoor":10,"minecraft:string":18,"minecraft:explorer_pottery_sherd":1,"minecraft:pufferfish":2,"minecraft:beetroot":4,"minecraft:sea_pickle":2,"minecraft:cobbled_deepslate":102,"minecraft:spruce_planks":23,"minecraft:white_tulip":2,"minecraft:written_book":3,"minecraft:iron_boots":1,"minecraft:furnace":1,"minecraft:dark_oak_door":7,"minecraft:tipped_arrow":5,"minecraft:torch":22,"minecraft:spruce_stairs":3,"minecraft:rotten_flesh":27,"minecraft:iron_block":1,"minecraft:cod":10,"minecraft:cobblestone":78,"minecraft:nautilus_shell":1,"minecraft:birch_log":6,"minecraft:oxidized_copper":15,"minecraft:lilac":11,"minecraft:andesite":1,"minecraft:dark_oak_boat":1,"minecraft:smoker":1,"minecraft:tuff":16,"minecraft:prismarine_bricks":1,"minecraft:dirt":127,"minecraft:lantern":3,"minecraft:leather_boots":1,"minecraft:bone":7,"minecraft:bow":1,"minecraft:wheat_seeds":898,"minecraft:grindstone":1,"minecraft:mossy_stone_bricks":1,"minecraft:prismarine":1,"minecraft:dark_oak_log":71,"minecraft:chiseled_sandstone":3,"minecraft:barrel":5,"minecraft:mossy_cobblestone":4,"minecraft:dark_prismarine":1,"minecraft:polished_andesite":1,"minecraft:sugar":1,"minecraft:yellow_carpet":8,"minecraft:writable_book":1,"minecraft:polished_granite_slab":1,"minecraft:crossbow":1,"minecraft:emerald":10,"minecraft:oak_sapling":2,"minecraft:dark_oak_fence":4,"minecraft:fishing_rod":1,"minecraft:charcoal":31,"minecraft:crafting_table":17,"minecraft:allium":3,"minecraft:sandstone_slab":1,"minecraft:splash_potion":1,"minecraft:ladder":13,"minecraft:dead_horn_coral_block":1,"minecraft:brick":11,"minecraft:cornflower":1,"minecraft:cracked_stone_bricks":1,"minecraft:beef":4,"minecraft:andesite_stairs":1,"minecraft:poppy":1,"minecraft:spruce_slab":10,"minecraft:lectern":1,"minecraft:chest":13,"minecraft:birch_sapling":1,"minecraft:spruce_trapdoor":4,"minecraft:dark_oak_sapling":1,"minecraft:raw_iron":18,"minecraft:sandstone":3,"minecraft:copper_ingot":2,"minecraft:spruce_fence":6,"minecraft:trident":2,"minecraft:carrot":3,"minecraft:redstone":7,"minecraft:light_blue_bed":3,"minecraft:prismarine_crystals":2,"minecraft:dark_oak_planks":18,"minecraft:arrow":30,"minecraft:decorated_pot":8,"minecraft:hay_block":10,"minecraft:sandstone_stairs":3,"minecraft:pink_tulip":1,"minecraft:totem_of_undying":1,"minecraft:flow_armor_trim_smithing_template":1,"minecraft:tuff_bricks":1,"minecraft:brick_stairs":2,"minecraft:mutton":4,"minecraft:white_wool":221,"minecraft:oxidized_cut_copper_stairs":2,"minecraft:salmon":3,"minecraft:cut_sandstone":3,"minecraft:leather":3,"minecraft:red_mushroom":1,"minecraft:filled_map":1,"minecraft:birch_planks":5,"minecraft:oak_log":3,"minecraft:lily_pad":1,"minecraft:gunpowder":5,"minecraft:paper":22,"minecraft:stone_bricks":3,"minecraft:cobweb":1,"minecraft:soul_sand":2,"minecraft:dark_oak_stairs":31,"minecraft:book":15,"minecraft:scaffolding":30,"minecraft:smooth_basalt":2,"minecraft:dark_oak_slab":4,"minecraft:emerald_block":2,"minecraft:birch_boat":2,"minecraft:stone_brick_slab":4,"minecraft:dandelion":2,"minecraft:gravel":1,"minecraft:dead_fire_coral_block":5,"minecraft:amethyst_shard":26,"minecraft:white_bed":5,"minecraft:spruce_log":3,"minecraft:spider_eye":1,"minecraft:leather_helmet":1,"minecraft:firework_rocket":5,"minecraft:dried_kelp_block":10,"minecraft:stone_axe":1},"minecraft:used":{"minecraft:spruce_slab":9,"minecraft:ladder":1,"minecraft:decorated_pot":2,"minecraft:chest":17,"minecraft:shield":25,"minecraft:rotten_flesh":22,"minecraft:iron_chestplate":1,"minecraft:tuff":16,"minecraft:axolotl_bucket":2,"minecraft:light_blue_bed":3,"minecraft:dark_oak_slab":2,"minecraft:dark_oak_button":3,"minecraft:dark_oak_boat":2,"minecraft:written_book":1,"minecraft:scaffolding":29,"minecraft:furnace":3,"minecraft:dark_oak_stairs":8,"minecraft:mossy_stone_bricks":1,"minecraft:stone_pickaxe":131,"minecraft:prismarine":1,"minecraft:oak_planks":3,"minecraft:wooden_pickaxe":13,"minecraft:white_wool":1,"minecraft:golden_apple":5,"minecraft:shears":238,"minecraft:firework_rocket":12,"minecraft:bread":89,"minecraft:lilac":2,"minecraft:wooden_sword":51,"minecraft:pufferfish_bucket":1,"minecraft:grindstone":1,"minecraft:oak_boat":1,"minecraft:cobweb":5,"minecraft:stone_sword":5,"minecraft:stone_shovel":67,"minecraft:spruce_planks":9,"minecraft:torch":29,"minecraft:dirt":97,"minecraft:anvil":3,"minecraft:prismarine_bricks":1,"minecraft:spruce_stairs":1,"minecraft:yellow_carpet":1,"minecraft:spruce_fence":3,"minecraft:birch_door":8,"minecraft:dark_oak_planks":52,"minecraft:iron_axe":652,"minecraft:totem_of_undying":1,"minecraft:barrel":6,"minecraft:oxidized_copper":10,"minecraft:horn_coral_block":3,"minecraft:cobbled_deepslate":76,"minecraft:brown_bed":7,"minecraft:water_bucket":33,"minecraft:pink_tulip":1,"minecraft:birch_planks":3,"minecraft:birch_boat":4,"minecraft:crafting_table":27,"minecraft:dead_fire_coral_block":2,"minecraft:white_bed":6,"minecraft:spruce_log":1,"minecraft:smoker":1,"minecraft:dark_oak_door":9,"minecraft:flower_pot":1,"minecraft:iron_pickaxe":288,"minecraft:leather_helmet":1,"minecraft:stone_axe":103,"minecraft:fishing_rod":20,"minecraft:cobblestone":37,"minecraft:bucket":34,"minecraft:splash_potion":3},"minecraft:killed_by":{"minecraft:vindicator":1},"minecraft:crafted":{"minecraft:oak_planks":12,"minecraft:dark_oak_boat":1,"minecraft:birch_boat":2,"minecraft:dark_oak_door":3,"minecraft:iron_boots":1,"minecraft:chest":8,"minecraft:birch_door":3,"minecraft:crafting_table":11,"minecraft:spruce_planks":16,"minecraft:wooden_pickaxe":1,"minecraft:birch_planks":24,"minecraft:iron_chestplate":1,"minecraft:shield":1,"minecraft:stick":24,"minecraft:iron_ingot":36,"minecraft:iron_pickaxe":2,"minecraft:stone_sword":1,"minecraft:shears":1,"minecraft:wooden_sword":1,"minecraft:raw_iron":9,"minecraft:stone_shovel":1,"minecraft:furnace":3,"minecraft:iron_axe":2,"minecraft:stone_pickaxe":1,"minecraft:dark_oak_planks":172,"minecraft:wheat":90,"minecraft:dark_oak_button":5,"minecraft:stone_axe":4,"minecraft:air":0,"minecraft:bread":144,"minecraft:oak_boat":1,"minecraft:white_bed":2},"minecraft:broken":{"minecraft:shears":1,"minecraft:stone_pickaxe":1,"minecraft:iron_axe":3,"minecraft:iron_pickaxe":1},"minecraft:custom":{"minecraft:interact_with_crafting_table":63,"minecraft:open_barrel":134,"minecraft:bell_ring":7,"minecraft:leave_game":14,"minecraft:time_since_death":283731,"minecraft:sprint_one_cm":282029,"minecraft:damage_blocked_by_shield":945,"minecraft:drop":219,"minecraft:talked_to_villager":1,"minecraft:play_time":323228,"minecraft:deaths":1,"minecraft:jump":2719,"minecraft:interact_with_brewingstand":1,"minecraft:walk_on_water_one_cm":83044,"minecraft:interact_with_furnace":13,"minecraft:interact_with_cartography_table":1,"minecraft:sleep_in_bed":13,"minecraft:damage_dealt":25759,"minecraft:crouch_one_cm":109466,"minecraft:interact_with_smoker":2,"minecraft:interact_with_smithing_table":1,"minecraft:mob_kills":127,"minecraft:interact_with_anvil":3,"minecraft:damage_dealt_resisted":54,"minecraft:climb_one_cm":21360,"minecraft:walk_one_cm":696795,"minecraft:sneak_time":33644,"minecraft:walk_under_water_one_cm":215171,"minecraft:boat_one_cm":449057,"minecraft:total_world_time":323228,"minecraft:pot_flower":1,"minecraft:interact_with_grindstone":1,"minecraft:time_since_rest":13218,"minecraft:damage_absorbed":193,"minecraft:damage_taken":5440,"minecraft:swim_one_cm":153110,"minecraft:fly_one_cm":360121,"minecraft:open_chest":140,"minecraft:fish_caught":15,"minecraft:fall_one_cm":58722},"minecraft:dropped":{"minecraft:iron_sword":1,"minecraft:soul_sand":1,"minecraft:birch_planks":5,"minecraft:dark_oak_stairs":19,"minecraft:dark_oak_sapling":1,"minecraft:decorated_pot":3,"minecraft:dark_oak_slab":3,"minecraft:dark_oak_button":1,"minecraft:cracked_stone_bricks":1,"minecraft:leather_helmet":2,"minecraft:red_mushroom":1,"minecraft:dirt":10,"minecraft:dark_oak_fence":4,"minecraft:cornflower":1,"minecraft:dark_oak_trapdoor":10,"minecraft:wooden_sword":1,"minecraft:sugar":1,"minecraft:iron_pickaxe":1,"minecraft:dark_oak_planks":4,"minecraft:fishing_rod":1,"minecraft:white_wool":1,"minecraft:bone":7,"minecraft:gravel":2,"minecraft:white_tulip":2,"minecraft:dark_oak_door":1,"minecraft:stone_axe":5,"minecraft:cobbled_deepslate":18,"minecraft:wheat":15,"minecraft:birch_sapling":1,"minecraft:beetroot":2,"minecraft:rotten_flesh":35,"minecraft:dead_fire_coral_block":3,"minecraft:echo_shard":4,"minecraft:poppy":1,"minecraft:gunpowder":5,"minecraft:charcoal":2,"minecraft:ladder":1,"minecraft:birch_door":1,"minecraft:spruce_slab":1,"minecraft:arrow":33,"minecraft:written_book":6,"minecraft:lectern":1,"minecraft:enchanted_book":1,"minecraft:bread":11,"minecraft:wheat_seeds":898,"minecraft:lilac":9,"minecraft:mossy_cobblestone":4,"minecraft:iron_helmet":1,"minecraft:cobblestone":1,"minecraft:copper_ingot":4,"minecraft:spruce_stairs":2,"minecraft:yellow_carpet":7,"minecraft:polished_andesite":1,"minecraft:torch":1,"minecraft:iron_leggings":1,"minecraft:paper":15,"minecraft:oxidized_copper":8,"minecraft:smooth_basalt":2,"minecraft:stone_brick_slab":2,"minecraft:dandelion":2,"minecraft:tuff_bricks":1,"minecraft:tuff":1,"minecraft:iron_boots":2,"minecraft:spruce_fence":2,"minecraft:prismarine_stairs":1,"minecraft:shield":1,"minecraft:flower_pot":2,"minecraft:sea_pickle":10,"minecraft:allium":3,"minecraft:spruce_trapdoor":1,"minecraft:spruce_planks":3,"minecraft:iron_chestplate":3,"minecraft:andesite":1,"minecraft:mossy_stone_bricks":1,"minecraft:andesite_stairs":1,"minecraft:oak_sapling":2,"minecraft:brown_bed":2,"minecraft:stone_bricks":4,"minecraft:barrel":1,"minecraft:spider_eye":1,"minecraft:bow":1,"minecraft:wooden_pickaxe":1,"minecraft:nautilus_shell":1,"minecraft:dark_prismarine":1,"minecraft:brick":8},"minecraft:killed":{"minecraft:witch":2,"minecraft:spider":9,"minecraft:dolphin":1,"minecraft:skeleton":9,"minecraft:guardian":2,"minecraft:zombie_villager":1,"minecraft:creeper":1,"minecraft:sheep":2,"minecraft:pillager":14,"minecraft:zombie":12,"minecraft:cow":2,"minecraft:vex":4,"minecraft:evoker":1,"minecraft:vindicator":8,"minecraft:drowned":57},"minecraft:mined":{"minecraft:dark_oak_planks":20,"minecraft:polished_granite_slab":3,"minecraft:dark_prismarine_stairs":1,"minecraft:spruce_planks":28,"minecraft:white_bed":5,"minecraft:farmland":12,"minecraft:fire_coral_wall_fan":4,"minecraft:andesite_stairs":1,"minecraft:jungle_leaves":1,"minecraft:spruce_trapdoor":4,"minecraft:cave_vines_plant":1,"minecraft:grass_block":62,"minecraft:stone_brick_wall":1,"minecraft:yellow_carpet":8,"minecraft:bubble_coral_block":6,"minecraft:tuff_bricks":1,"minecraft:chiseled_stone_bricks":3,"minecraft:sandstone_stairs":5,"minecraft:tall_seagrass":4,"minecraft:dark_oak_trapdoor":10,"minecraft:iron_ore":10,"minecraft:cobbled_deepslate":18,"minecraft:barrel":4,"minecraft:anvil":6,"minecraft:dark_oak_stairs":31,"minecraft:brown_bed":10,"minecraft:cave_vines":4,"minecraft:pink_tulip":1,"minecraft:brain_coral_block":6,"minecraft:spruce_slab":10,"minecraft:sandstone_slab":2,"minecraft:cut_sandstone":16,"minecraft:brown_mushroom":1,"minecraft:kelp_plant":3,"minecraft:smoker":1,"minecraft:amethyst_cluster":6,"minecraft:oxidized_cut_copper_stairs":2,"minecraft:oxidized_copper":18,"minecraft:chest":12,"minecraft:white_stained_glass_pane":3,"minecraft:mushroom_stem":2,"minecraft:polished_diorite_slab":1,"minecraft:cobblestone":19,"minecraft:grindstone":1,"minecraft:prismarine":1,"minecraft:wall_torch":14,"minecraft:amethyst_block":2,"minecraft:seagrass":1,"minecraft:dark_oak_slab":5,"minecraft:dark_oak_door":7,"minecraft:birch_log":13,"minecraft:wheat":467,"minecraft:lilac":12,"minecraft:birch_door":6,"minecraft:stone_brick_stairs":1,"minecraft:oak_log":5,"minecraft:dirt":40,"minecraft:smooth_basalt":2,"minecraft:prismarine_stairs":3,"minecraft:oak_leaves":35,"minecraft:horn_coral_block":2,"minecraft:deepslate":103,"minecraft:emerald_block":2,"minecraft:suspicious_gravel":1,"minecraft:dark_prismarine":1,"minecraft:tuff":21,"minecraft:mossy_cobblestone":4,"minecraft:dark_oak_log":101,"minecraft:sea_lantern":5,"minecraft:ladder":2,"minecraft:dark_oak_fence":6,"minecraft:spruce_fence":7,"minecraft:decorated_pot":14,"minecraft:brick_stairs":2,"minecraft:spruce_leaves":7,"minecraft:red_mushroom":1,"minecraft:sandstone":6,"minecraft:large_fern":2,"minecraft:hay_block":10,"minecraft:horn_coral":1,"minecraft:furnace":1,"minecraft:chiseled_sandstone":4,"minecraft:suspicious_sand":1,"minecraft:andesite":1,"minecraft:stripped_spruce_log":2,"minecraft:bookshelf":5,"minecraft:deepslate_iron_ore":8,"minecraft:lantern":4,"minecraft:brain_coral_wall_fan":1,"minecraft:stone":65,"minecraft:fire_coral_block":8,"minecraft:white_wool":246,"minecraft:brain_coral":1,"minecraft:potted_allium":2,"minecraft:smithing_table":2,"minecraft:scaffolding":10,"minecraft:soul_sand":1,"minecraft:potted_lily_of_the_valley":1,"minecraft:basalt":2,"minecraft:stone_brick_slab":7,"minecraft:dandelion":1,"minecraft:polished_granite":1,"minecraft:crafting_table":17,"minecraft:short_grass":89,"minecraft:lectern":1,"minecraft:dried_kelp_block":11,"minecraft:spruce_stairs":3,"minecraft:prismarine_bricks":8,"minecraft:bubble_coral":1,"minecraft:light_blue_bed":3,"minecraft:sea_pickle":2,"minecraft:spruce_log":3,"minecraft:birch_leaves":1,"minecraft:cherry_leaves":1,"minecraft:bubble_coral_wall_fan":3,"minecraft:gravel":2,"minecraft:cobweb":5,"minecraft:cracked_stone_bricks":1,"minecraft:polished_andesite":3,"minecraft:stone_bricks":5,"minecraft:mossy_stone_bricks":2,"minecraft:fern":5}},"DataVersion":3953}