{"stats":{"minecraft:killed":{"minecraft:vindicator":6,"minecraft:spider":3,"minecraft:skeleton":3,"minecraft:drowned":5,"minecraft:pillager":13,"minecraft:zombie":7},"minecraft:used":{"minecraft:decorated_pot":1,"minecraft:spruce_planks":5,"minecraft:shield":7,"minecraft:rotten_flesh":3,"minecraft:iron_chestplate":1,"minecraft:torch":5,"minecraft:dirt":31,"minecraft:prismarine_bricks":1,"minecraft:birch_door":7,"minecraft:dark_oak_planks":5,"minecraft:iron_axe":203,"minecraft:light_blue_bed":3,"minecraft:written_book":1,"minecraft:furnace":1,"minecraft:horn_coral_block":3,"minecraft:brown_bed":1,"minecraft:dark_oak_stairs":2,"minecraft:pink_tulip":1,"minecraft:birch_planks":3,"minecraft:stone_pickaxe":89,"minecraft:wooden_pickaxe":13,"minecraft:birch_boat":4,"minecraft:golden_apple":2,"minecraft:crafting_table":9,"minecraft:white_bed":3,"minecraft:spruce_log":1,"minecraft:firework_rocket":10,"minecraft:bread":32,"minecraft:leather_helmet":1,"minecraft:lilac":2,"minecraft:stone_axe":56,"minecraft:wooden_sword":51,"minecraft:cobblestone":5,"minecraft:pufferfish_bucket":1},"minecraft:broken":{"minecraft:iron_axe":1},"minecraft:custom":{"minecraft:mob_kills":38,"minecraft:interact_with_crafting_table":27,"minecraft:open_barrel":51,"minecraft:bell_ring":1,"minecraft:damage_dealt_resisted":54,"minecraft:leave_game":9,"minecraft:time_since_death":71334,"minecraft:climb_one_cm":2591,"minecraft:sprint_one_cm":129178,"minecraft:walk_one_cm":250177,"minecraft:damage_blocked_by_shield":356,"minecraft:drop":65,"minecraft:talked_to_villager":1,"minecraft:play_time":110831,"minecraft:deaths":1,"minecraft:sneak_time":7128,"minecraft:walk_under_water_one_cm":48986,"minecraft:boat_one_cm":281748,"minecraft:jump":1184,"minecraft:walk_on_water_one_cm":25140,"minecraft:total_world_time":110831,"minecraft:interact_with_furnace":7,"minecraft:sleep_in_bed":6,"minecraft:time_since_rest":435,"minecraft:damage_taken":1995,"minecraft:damage_absorbed":78,"minecraft:damage_dealt":8160,"minecraft:swim_one_cm":40614,"minecraft:fly_one_cm":175350,"minecraft:open_chest":29,"minecraft:crouch_one_cm":22854,"minecraft:interact_with_smoker":1,"minecraft:fall_one_cm":20275},"minecraft:mined":{"minecraft:dark_oak_planks":15,"minecraft:spruce_planks":17,"minecraft:white_bed":2,"minecraft:mossy_cobblestone":4,"minecraft:dark_oak_log":33,"minecraft:sea_lantern":5,"minecraft:ladder":1,"minecraft:spruce_fence":3,"minecraft:stone_brick_wall":1,"minecraft:grass_block":7,"minecraft:decorated_pot":9,"minecraft:spruce_leaves":7,"minecraft:red_mushroom":1,"minecraft:sandstone":6,"minecraft:sandstone_stairs":5,"minecraft:large_fern":2,"minecraft:hay_block":10,"minecraft:furnace":1,"minecraft:iron_ore":10,"minecraft:chiseled_sandstone":4,"minecraft:suspicious_sand":1,"minecraft:brown_bed":4,"minecraft:dark_oak_stairs":11,"minecraft:lantern":4,"minecraft:pink_tulip":1,"minecraft:stone":12,"minecraft:fire_coral_block":1,"minecraft:white_wool":1,"minecraft:potted_allium":2,"minecraft:sandstone_slab":2,"minecraft:cut_sandstone":16,"minecraft:brown_mushroom":1,"minecraft:smoker":1,"minecraft:crafting_table":8,"minecraft:short_grass":23,"minecraft:white_stained_glass_pane":3,"minecraft:lectern":1,"minecraft:mushroom_stem":2,"minecraft:polished_diorite_slab":1,"minecraft:cobblestone":12,"minecraft:wall_torch":11,"minecraft:seagrass":1,"minecraft:prismarine_bricks":8,"minecraft:spruce_stairs":2,"minecraft:dark_oak_slab":1,"minecraft:light_blue_bed":3,"minecraft:sea_pickle":1,"minecraft:birch_log":6,"minecraft:lilac":12,"minecraft:spruce_log":3,"minecraft:birch_door":6,"minecraft:dirt":25,"minecraft:prismarine_stairs":3,"minecraft:horn_coral_block":2,"minecraft:fern":5},"minecraft:killed_by":{"minecraft:vindicator":1},"minecraft:picked_up":{"minecraft:prismarine_stairs":3,"minecraft:iron_chestplate":1,"minecraft:crafting_table":8,"minecraft:birch_door":6,"minecraft:allium":3,"minecraft:sandstone_slab":1,"minecraft:ladder":1,"minecraft:flower_pot":2,"minecraft:prismarine_shard":6,"minecraft:brown_bed":3,"minecraft:enchanted_book":2,"minecraft:potion":1,"minecraft:dead_horn_coral_block":1,"minecraft:brick":8,"minecraft:string":4,"minecraft:beetroot":4,"minecraft:sea_pickle":2,"minecraft:spruce_planks":13,"minecraft:written_book":1,"minecraft:poppy":1,"minecraft:spruce_slab":1,"minecraft:lectern":1,"minecraft:iron_boots":1,"minecraft:furnace":1,"minecraft:dark_oak_sapling":1,"minecraft:raw_iron":10,"minecraft:sandstone":3,"minecraft:copper_ingot":1,"minecraft:torch":13,"minecraft:spruce_stairs":1,"minecraft:spruce_fence":2,"minecraft:trident":1,"minecraft:carrot":3,"minecraft:light_blue_bed":3,"minecraft:dark_oak_planks":13,"minecraft:arrow":2,"minecraft:rotten_flesh":7,"minecraft:decorated_pot":7,"minecraft:hay_block":10,"minecraft:sandstone_stairs":3,"minecraft:pink_tulip":1,"minecraft:white_wool":1,"minecraft:cobblestone":23,"minecraft:birch_log":6,"minecraft:lilac":11,"minecraft:cut_sandstone":3,"minecraft:red_mushroom":1,"minecraft:smoker":1,"minecraft:prismarine_bricks":1,"minecraft:dirt":32,"minecraft:lantern":3,"minecraft:bone":2,"minecraft:bow":1,"minecraft:wheat_seeds":3,"minecraft:dark_oak_stairs":11,"minecraft:dark_oak_slab":1,"minecraft:birch_boat":2,"minecraft:white_bed":2,"minecraft:spruce_log":3,"minecraft:dark_oak_log":31,"minecraft:chiseled_sandstone":3,"minecraft:spider_eye":1,"minecraft:leather_helmet":1,"minecraft:mossy_cobblestone":4,"minecraft:stone_axe":1,"minecraft:writable_book":1,"minecraft:crossbow":1,"minecraft:emerald":7},"minecraft:dropped":{"minecraft:enchanted_book":1,"minecraft:dark_oak_stairs":6,"minecraft:wheat_seeds":3,"minecraft:lilac":9,"minecraft:mossy_cobblestone":4,"minecraft:dark_oak_sapling":1,"minecraft:decorated_pot":3,"minecraft:dark_oak_slab":1,"minecraft:copper_ingot":3,"minecraft:spruce_stairs":1,"minecraft:leather_helmet":2,"minecraft:red_mushroom":1,"minecraft:dirt":1,"minecraft:torch":1,"minecraft:wooden_sword":1,"minecraft:dark_oak_planks":1,"minecraft:white_wool":1,"minecraft:bone":2,"minecraft:stone_axe":2,"minecraft:beetroot":2,"minecraft:rotten_flesh":4,"minecraft:iron_boots":2,"minecraft:spruce_fence":1,"minecraft:prismarine_stairs":1,"minecraft:echo_shard":4,"minecraft:poppy":1,"minecraft:flower_pot":2,"minecraft:sea_pickle":10,"minecraft:allium":3,"minecraft:spruce_planks":1,"minecraft:iron_chestplate":1,"minecraft:ladder":1,"minecraft:brown_bed":2,"minecraft:spider_eye":1,"minecraft:spruce_slab":1,"minecraft:bow":1,"minecraft:wooden_pickaxe":1,"minecraft:nautilus_shell":1,"minecraft:written_book":2,"minecraft:brick":8,"minecraft:lectern":1},"minecraft:crafted":{"minecraft:wooden_sword":1,"minecraft:birch_boat":2,"minecraft:furnace":1,"minecraft:iron_boots":1,"minecraft:iron_axe":2,"minecraft:stone_pickaxe":1,"minecraft:birch_door":3,"minecraft:dark_oak_planks":40,"minecraft:wheat":90,"minecraft:crafting_table":2,"minecraft:spruce_planks":16,"minecraft:wooden_pickaxe":1,"minecraft:birch_planks":24,"minecraft:stone_axe":2,"minecraft:bread":31,"minecraft:air":0,"minecraft:iron_chestplate":1,"minecraft:shield":1,"minecraft:stick":16,"minecraft:iron_ingot":10,"minecraft:white_bed":1}},"DataVersion":3953}