{"stats":{"minecraft:killed":{"minecraft:witch":2,"minecraft:spider":5,"minecraft:dolphin":1,"minecraft:skeleton":7,"minecraft:guardian":2,"minecraft:creeper":1,"minecraft:pillager":14,"minecraft:zombie":8,"minecraft:evoker":1,"minecraft:vex":4,"minecraft:vindicator":8,"minecraft:drowned":56},"minecraft:used":{"minecraft:spruce_slab":5,"minecraft:decorated_pot":2,"minecraft:chest":11,"minecraft:shield":14,"minecraft:rotten_flesh":22,"minecraft:iron_chestplate":1,"minecraft:tuff":16,"minecraft:light_blue_bed":3,"minecraft:dark_oak_button":3,"minecraft:dark_oak_boat":2,"minecraft:written_book":1,"minecraft:scaffolding":7,"minecraft:furnace":2,"minecraft:dark_oak_stairs":2,"minecraft:mossy_stone_bricks":1,"minecraft:stone_pickaxe":131,"minecraft:prismarine":1,"minecraft:wooden_pickaxe":13,"minecraft:golden_apple":5,"minecraft:firework_rocket":12,"minecraft:bread":66,"minecraft:lilac":2,"minecraft:wooden_sword":51,"minecraft:pufferfish_bucket":1,"minecraft:spruce_planks":6,"minecraft:torch":18,"minecraft:dirt":31,"minecraft:prismarine_bricks":1,"minecraft:yellow_carpet":1,"minecraft:spruce_fence":3,"minecraft:birch_door":8,"minecraft:dark_oak_planks":32,"minecraft:iron_axe":531,"minecraft:totem_of_undying":1,"minecraft:barrel":3,"minecraft:oxidized_copper":10,"minecraft:horn_coral_block":3,"minecraft:cobbled_deepslate":76,"minecraft:brown_bed":6,"minecraft:water_bucket":20,"minecraft:pink_tulip":1,"minecraft:birch_planks":3,"minecraft:birch_boat":4,"minecraft:crafting_table":20,"minecraft:dead_fire_coral_block":2,"minecraft:white_bed":3,"minecraft:spruce_log":1,"minecraft:smoker":1,"minecraft:dark_oak_door":9,"minecraft:flower_pot":1,"minecraft:iron_pickaxe":258,"minecraft:leather_helmet":1,"minecraft:stone_axe":56,"minecraft:cobblestone":35,"minecraft:bucket":19,"minecraft:splash_potion":3},"minecraft:broken":{"minecraft:stone_pickaxe":1,"minecraft:iron_axe":3,"minecraft:iron_pickaxe":1},"minecraft:custom":{"minecraft:interact_with_crafting_table":44,"minecraft:open_barrel":110,"minecraft:bell_ring":1,"minecraft:leave_game":12,"minecraft:time_since_death":186704,"minecraft:sprint_one_cm":191607,"minecraft:damage_blocked_by_shield":645,"minecraft:drop":151,"minecraft:talked_to_villager":1,"minecraft:play_time":226201,"minecraft:deaths":1,"minecraft:jump":1893,"minecraft:walk_on_water_one_cm":78730,"minecraft:interact_with_furnace":13,"minecraft:sleep_in_bed":8,"minecraft:damage_dealt":23062,"minecraft:crouch_one_cm":66991,"minecraft:interact_with_smoker":2,"minecraft:mob_kills":110,"minecraft:damage_dealt_resisted":54,"minecraft:climb_one_cm":9118,"minecraft:walk_one_cm":503735,"minecraft:sneak_time":23018,"minecraft:walk_under_water_one_cm":207740,"minecraft:boat_one_cm":353445,"minecraft:total_world_time":226201,"minecraft:pot_flower":1,"minecraft:time_since_rest":33759,"minecraft:damage_absorbed":193,"minecraft:damage_taken":4477,"minecraft:swim_one_cm":131259,"minecraft:fly_one_cm":240607,"minecraft:open_chest":91,"minecraft:fall_one_cm":34275},"minecraft:mined":{"minecraft:dark_oak_planks":16,"minecraft:polished_granite_slab":3,"minecraft:dark_prismarine_stairs":1,"minecraft:spruce_planks":25,"minecraft:white_bed":2,"minecraft:fire_coral_wall_fan":4,"minecraft:andesite_stairs":1,"minecraft:jungle_leaves":1,"minecraft:spruce_trapdoor":4,"minecraft:cave_vines_plant":1,"minecraft:grass_block":8,"minecraft:stone_brick_wall":1,"minecraft:yellow_carpet":8,"minecraft:bubble_coral_block":6,"minecraft:chiseled_stone_bricks":3,"minecraft:sandstone_stairs":5,"minecraft:tall_seagrass":4,"minecraft:iron_ore":10,"minecraft:cobbled_deepslate":18,"minecraft:barrel":1,"minecraft:brown_bed":9,"minecraft:dark_oak_stairs":18,"minecraft:cave_vines":4,"minecraft:pink_tulip":1,"minecraft:brain_coral_block":6,"minecraft:spruce_slab":7,"minecraft:sandstone_slab":2,"minecraft:cut_sandstone":16,"minecraft:brown_mushroom":1,"minecraft:kelp_plant":3,"minecraft:smoker":1,"minecraft:oxidized_cut_copper_stairs":2,"minecraft:oxidized_copper":18,"minecraft:chest":10,"minecraft:white_stained_glass_pane":3,"minecraft:mushroom_stem":2,"minecraft:polished_diorite_slab":1,"minecraft:cobblestone":19,"minecraft:prismarine":1,"minecraft:wall_torch":13,"minecraft:amethyst_block":2,"minecraft:seagrass":1,"minecraft:dark_oak_slab":2,"minecraft:dark_oak_door":7,"minecraft:birch_log":6,"minecraft:wheat":177,"minecraft:lilac":12,"minecraft:birch_door":6,"minecraft:stone_brick_stairs":1,"minecraft:dirt":27,"minecraft:prismarine_stairs":3,"minecraft:oak_leaves":35,"minecraft:deepslate":103,"minecraft:horn_coral_block":2,"minecraft:emerald_block":2,"minecraft:suspicious_gravel":1,"minecraft:dark_prismarine":1,"minecraft:tuff":21,"minecraft:mossy_cobblestone":4,"minecraft:dark_oak_log":43,"minecraft:sea_lantern":5,"minecraft:ladder":1,"minecraft:spruce_fence":7,"minecraft:decorated_pot":14,"minecraft:brick_stairs":2,"minecraft:spruce_leaves":7,"minecraft:red_mushroom":1,"minecraft:sandstone":6,"minecraft:large_fern":2,"minecraft:hay_block":10,"minecraft:horn_coral":1,"minecraft:furnace":1,"minecraft:chiseled_sandstone":4,"minecraft:suspicious_sand":1,"minecraft:andesite":1,"minecraft:stripped_spruce_log":1,"minecraft:bookshelf":4,"minecraft:deepslate_iron_ore":8,"minecraft:lantern":4,"minecraft:brain_coral_wall_fan":1,"minecraft:stone":56,"minecraft:fire_coral_block":8,"minecraft:white_wool":1,"minecraft:brain_coral":1,"minecraft:potted_allium":2,"minecraft:scaffolding":3,"minecraft:potted_lily_of_the_valley":1,"minecraft:stone_brick_slab":7,"minecraft:dandelion":1,"minecraft:polished_granite":1,"minecraft:crafting_table":12,"minecraft:short_grass":50,"minecraft:lectern":1,"minecraft:prismarine_bricks":8,"minecraft:spruce_stairs":2,"minecraft:bubble_coral":1,"minecraft:light_blue_bed":3,"minecraft:sea_pickle":2,"minecraft:spruce_log":3,"minecraft:cherry_leaves":1,"minecraft:bubble_coral_wall_fan":3,"minecraft:gravel":2,"minecraft:cracked_stone_bricks":1,"minecraft:polished_andesite":3,"minecraft:stone_bricks":5,"minecraft:mossy_stone_bricks":2,"minecraft:fern":5},"minecraft:killed_by":{"minecraft:vindicator":1},"minecraft:picked_up":{"minecraft:prismarine_stairs":3,"minecraft:birch_door":6,"minecraft:iron_chestplate":1,"minecraft:wheat":137,"minecraft:flower_pot":2,"minecraft:prismarine_shard":10,"minecraft:brown_bed":8,"minecraft:enchanted_book":4,"minecraft:potion":1,"minecraft:amethyst_block":2,"minecraft:string":7,"minecraft:explorer_pottery_sherd":1,"minecraft:beetroot":4,"minecraft:sea_pickle":2,"minecraft:cobbled_deepslate":102,"minecraft:spruce_planks":19,"minecraft:written_book":3,"minecraft:iron_boots":1,"minecraft:furnace":1,"minecraft:dark_oak_door":7,"minecraft:tipped_arrow":5,"minecraft:torch":15,"minecraft:spruce_stairs":1,"minecraft:rotten_flesh":20,"minecraft:cobblestone":70,"minecraft:nautilus_shell":1,"minecraft:birch_log":6,"minecraft:oxidized_copper":15,"minecraft:lilac":11,"minecraft:andesite":1,"minecraft:dark_oak_boat":1,"minecraft:smoker":1,"minecraft:tuff":16,"minecraft:prismarine_bricks":1,"minecraft:dirt":35,"minecraft:lantern":3,"minecraft:bone":2,"minecraft:bow":1,"minecraft:wheat_seeds":389,"minecraft:mossy_stone_bricks":1,"minecraft:prismarine":1,"minecraft:dark_oak_log":32,"minecraft:chiseled_sandstone":3,"minecraft:barrel":2,"minecraft:mossy_cobblestone":4,"minecraft:dark_prismarine":1,"minecraft:polished_andesite":1,"minecraft:yellow_carpet":8,"minecraft:sugar":1,"minecraft:writable_book":1,"minecraft:polished_granite_slab":1,"minecraft:crossbow":1,"minecraft:emerald":10,"minecraft:oak_sapling":2,"minecraft:charcoal":6,"minecraft:crafting_table":12,"minecraft:allium":3,"minecraft:sandstone_slab":1,"minecraft:splash_potion":1,"minecraft:ladder":1,"minecraft:dead_horn_coral_block":1,"minecraft:brick":11,"minecraft:cracked_stone_bricks":1,"minecraft:andesite_stairs":1,"minecraft:poppy":1,"minecraft:spruce_slab":7,"minecraft:lectern":1,"minecraft:chest":11,"minecraft:spruce_trapdoor":4,"minecraft:dark_oak_sapling":1,"minecraft:raw_iron":18,"minecraft:sandstone":3,"minecraft:copper_ingot":2,"minecraft:spruce_fence":6,"minecraft:trident":2,"minecraft:carrot":3,"minecraft:redstone":7,"minecraft:light_blue_bed":3,"minecraft:prismarine_crystals":2,"minecraft:dark_oak_planks":14,"minecraft:arrow":28,"minecraft:decorated_pot":8,"minecraft:hay_block":10,"minecraft:sandstone_stairs":3,"minecraft:pink_tulip":1,"minecraft:totem_of_undying":1,"minecraft:flow_armor_trim_smithing_template":1,"minecraft:brick_stairs":2,"minecraft:white_wool":1,"minecraft:oxidized_cut_copper_stairs":2,"minecraft:cut_sandstone":3,"minecraft:red_mushroom":1,"minecraft:filled_map":1,"minecraft:paper":6,"minecraft:stone_bricks":3,"minecraft:cobweb":1,"minecraft:dark_oak_stairs":18,"minecraft:book":12,"minecraft:scaffolding":15,"minecraft:dark_oak_slab":1,"minecraft:emerald_block":2,"minecraft:birch_boat":2,"minecraft:stone_brick_slab":4,"minecraft:dandelion":1,"minecraft:gravel":1,"minecraft:dead_fire_coral_block":5,"minecraft:white_bed":2,"minecraft:spruce_log":3,"minecraft:spider_eye":1,"minecraft:leather_helmet":1,"minecraft:firework_rocket":5,"minecraft:stone_axe":1},"minecraft:dropped":{"minecraft:iron_sword":1,"minecraft:dark_oak_stairs":13,"minecraft:dark_oak_sapling":1,"minecraft:decorated_pot":3,"minecraft:dark_oak_slab":2,"minecraft:dark_oak_button":1,"minecraft:cracked_stone_bricks":1,"minecraft:leather_helmet":2,"minecraft:red_mushroom":1,"minecraft:dirt":4,"minecraft:wooden_sword":1,"minecraft:sugar":1,"minecraft:iron_pickaxe":1,"minecraft:dark_oak_planks":3,"minecraft:fishing_rod":1,"minecraft:white_wool":1,"minecraft:bone":2,"minecraft:gravel":2,"minecraft:dark_oak_door":1,"minecraft:stone_axe":5,"minecraft:cobbled_deepslate":18,"minecraft:beetroot":2,"minecraft:rotten_flesh":26,"minecraft:dead_fire_coral_block":3,"minecraft:echo_shard":4,"minecraft:poppy":1,"minecraft:charcoal":1,"minecraft:ladder":1,"minecraft:birch_door":1,"minecraft:spruce_slab":1,"minecraft:arrow":7,"minecraft:written_book":6,"minecraft:lectern":1,"minecraft:enchanted_book":1,"minecraft:bread":11,"minecraft:wheat_seeds":389,"minecraft:lilac":9,"minecraft:mossy_cobblestone":4,"minecraft:iron_helmet":1,"minecraft:cobblestone":1,"minecraft:copper_ingot":4,"minecraft:spruce_stairs":1,"minecraft:yellow_carpet":7,"minecraft:torch":1,"minecraft:iron_leggings":1,"minecraft:paper":15,"minecraft:oxidized_copper":8,"minecraft:dandelion":1,"minecraft:stone_brick_slab":2,"minecraft:tuff":1,"minecraft:iron_boots":2,"minecraft:spruce_fence":2,"minecraft:prismarine_stairs":1,"minecraft:shield":1,"minecraft:flower_pot":2,"minecraft:sea_pickle":10,"minecraft:allium":3,"minecraft:spruce_trapdoor":1,"minecraft:spruce_planks":2,"minecraft:iron_chestplate":2,"minecraft:andesite":1,"minecraft:mossy_stone_bricks":1,"minecraft:andesite_stairs":1,"minecraft:brown_bed":2,"minecraft:spider_eye":1,"minecraft:barrel":1,"minecraft:stone_bricks":4,"minecraft:bow":1,"minecraft:wooden_pickaxe":1,"minecraft:nautilus_shell":1,"minecraft:dark_prismarine":1,"minecraft:brick":8},"minecraft:crafted":{"minecraft:dark_oak_boat":1,"minecraft:birch_boat":2,"minecraft:dark_oak_door":3,"minecraft:iron_boots":1,"minecraft:chest":8,"minecraft:birch_door":3,"minecraft:crafting_table":9,"minecraft:spruce_planks":16,"minecraft:wooden_pickaxe":1,"minecraft:birch_planks":24,"minecraft:iron_chestplate":1,"minecraft:shield":1,"minecraft:stick":24,"minecraft:iron_ingot":27,"minecraft:iron_pickaxe":2,"minecraft:wooden_sword":1,"minecraft:raw_iron":9,"minecraft:furnace":2,"minecraft:iron_axe":2,"minecraft:stone_pickaxe":1,"minecraft:dark_oak_planks":132,"minecraft:wheat":90,"minecraft:dark_oak_button":5,"minecraft:stone_axe":3,"minecraft:air":0,"minecraft:bread":78,"minecraft:white_bed":1}},"DataVersion":3953}