{"stats":{"minecraft:killed":{"minecraft:vindicator":7,"minecraft:spider":3,"minecraft:skeleton":7,"minecraft:drowned":24,"minecraft:creeper":1,"minecraft:pillager":13,"minecraft:zombie":8},"minecraft:used":{"minecraft:spruce_slab":5,"minecraft:chest":9,"minecraft:decorated_pot":1,"minecraft:spruce_planks":6,"minecraft:shield":13,"minecraft:rotten_flesh":5,"minecraft:iron_chestplate":1,"minecraft:torch":6,"minecraft:dirt":31,"minecraft:prismarine_bricks":1,"minecraft:tuff":8,"minecraft:spruce_fence":2,"minecraft:birch_door":8,"minecraft:dark_oak_planks":23,"minecraft:iron_axe":324,"minecraft:light_blue_bed":3,"minecraft:dark_oak_button":1,"minecraft:barrel":3,"minecraft:dark_oak_boat":2,"minecraft:written_book":1,"minecraft:oxidized_copper":10,"minecraft:furnace":1,"minecraft:horn_coral_block":3,"minecraft:cobbled_deepslate":10,"minecraft:brown_bed":4,"minecraft:mossy_stone_bricks":1,"minecraft:water_bucket":19,"minecraft:dark_oak_stairs":2,"minecraft:pink_tulip":1,"minecraft:birch_planks":3,"minecraft:stone_pickaxe":131,"minecraft:prismarine":1,"minecraft:wooden_pickaxe":13,"minecraft:birch_boat":4,"minecraft:golden_apple":2,"minecraft:crafting_table":16,"minecraft:white_bed":3,"minecraft:dark_oak_door":1,"minecraft:smoker":1,"minecraft:spruce_log":1,"minecraft:flower_pot":1,"minecraft:firework_rocket":12,"minecraft:bread":44,"minecraft:iron_pickaxe":73,"minecraft:leather_helmet":1,"minecraft:lilac":2,"minecraft:stone_axe":56,"minecraft:wooden_sword":51,"minecraft:cobblestone":11,"minecraft:pufferfish_bucket":1,"minecraft:bucket":18,"minecraft:splash_potion":1},"minecraft:broken":{"minecraft:stone_pickaxe":1,"minecraft:iron_axe":2},"minecraft:custom":{"minecraft:mob_kills":64,"minecraft:interact_with_crafting_table":37,"minecraft:open_barrel":66,"minecraft:bell_ring":1,"minecraft:damage_dealt_resisted":54,"minecraft:leave_game":9,"minecraft:time_since_death":113314,"minecraft:climb_one_cm":3039,"minecraft:sprint_one_cm":152614,"minecraft:walk_one_cm":338643,"minecraft:damage_blocked_by_shield":590,"minecraft:drop":96,"minecraft:talked_to_villager":1,"minecraft:play_time":152811,"minecraft:deaths":1,"minecraft:sneak_time":13384,"minecraft:walk_under_water_one_cm":78923,"minecraft:boat_one_cm":353445,"minecraft:jump":1402,"minecraft:walk_on_water_one_cm":56659,"minecraft:total_world_time":152811,"minecraft:interact_with_furnace":7,"minecraft:pot_flower":1,"minecraft:sleep_in_bed":7,"minecraft:time_since_rest":27557,"minecraft:damage_taken":2610,"minecraft:damage_absorbed":78,"minecraft:damage_dealt":13428,"minecraft:swim_one_cm":85213,"minecraft:fly_one_cm":208653,"minecraft:open_chest":53,"minecraft:crouch_one_cm":39570,"minecraft:interact_with_smoker":1,"minecraft:fall_one_cm":26006},"minecraft:mined":{"minecraft:dark_oak_planks":16,"minecraft:dark_prismarine":1,"minecraft:tuff":17,"minecraft:spruce_planks":20,"minecraft:white_bed":2,"minecraft:mossy_cobblestone":4,"minecraft:jungle_leaves":1,"minecraft:dark_oak_log":35,"minecraft:sea_lantern":5,"minecraft:ladder":1,"minecraft:spruce_fence":5,"minecraft:grass_block":8,"minecraft:stone_brick_wall":1,"minecraft:decorated_pot":9,"minecraft:spruce_leaves":7,"minecraft:red_mushroom":1,"minecraft:sandstone":6,"minecraft:sandstone_stairs":5,"minecraft:tall_seagrass":1,"minecraft:large_fern":2,"minecraft:hay_block":10,"minecraft:furnace":1,"minecraft:cobbled_deepslate":2,"minecraft:iron_ore":10,"minecraft:barrel":1,"minecraft:chiseled_sandstone":4,"minecraft:suspicious_sand":1,"minecraft:dark_oak_stairs":18,"minecraft:brown_bed":7,"minecraft:deepslate_iron_ore":8,"minecraft:lantern":4,"minecraft:pink_tulip":1,"minecraft:stone":12,"minecraft:fire_coral_block":1,"minecraft:white_wool":1,"minecraft:spruce_slab":6,"minecraft:potted_allium":2,"minecraft:sandstone_slab":2,"minecraft:cut_sandstone":16,"minecraft:brown_mushroom":1,"minecraft:kelp_plant":2,"minecraft:potted_lily_of_the_valley":1,"minecraft:smoker":1,"minecraft:crafting_table":11,"minecraft:short_grass":27,"minecraft:oxidized_copper":16,"minecraft:chest":4,"minecraft:white_stained_glass_pane":3,"minecraft:lectern":1,"minecraft:mushroom_stem":2,"minecraft:polished_diorite_slab":1,"minecraft:cobblestone":14,"minecraft:prismarine":1,"minecraft:wall_torch":13,"minecraft:seagrass":1,"minecraft:prismarine_bricks":8,"minecraft:spruce_stairs":2,"minecraft:dark_oak_slab":2,"minecraft:light_blue_bed":3,"minecraft:sea_pickle":1,"minecraft:birch_log":6,"minecraft:lilac":12,"minecraft:spruce_log":3,"minecraft:birch_door":6,"minecraft:cherry_leaves":1,"minecraft:gravel":1,"minecraft:dirt":25,"minecraft:cracked_stone_bricks":1,"minecraft:prismarine_stairs":3,"minecraft:stone_bricks":2,"minecraft:mossy_stone_bricks":1,"minecraft:deepslate":60,"minecraft:horn_coral_block":2,"minecraft:fern":5,"minecraft:suspicious_gravel":1},"minecraft:killed_by":{"minecraft:vindicator":1},"minecraft:picked_up":{"minecraft:prismarine_stairs":3,"minecraft:iron_chestplate":1,"minecraft:crafting_table":11,"minecraft:birch_door":6,"minecraft:allium":3,"minecraft:sandstone_slab":1,"minecraft:ladder":1,"minecraft:flower_pot":2,"minecraft:prismarine_shard":6,"minecraft:brown_bed":6,"minecraft:enchanted_book":2,"minecraft:potion":1,"minecraft:dead_horn_coral_block":1,"minecraft:brick":8,"minecraft:string":4,"minecraft:beetroot":4,"minecraft:sea_pickle":2,"minecraft:cracked_stone_bricks":1,"minecraft:cobbled_deepslate":54,"minecraft:spruce_planks":15,"minecraft:written_book":1,"minecraft:poppy":1,"minecraft:spruce_slab":6,"minecraft:lectern":1,"minecraft:chest":5,"minecraft:tipped_arrow":5,"minecraft:iron_boots":1,"minecraft:furnace":1,"minecraft:dark_oak_sapling":1,"minecraft:raw_iron":18,"minecraft:sandstone":3,"minecraft:copper_ingot":1,"minecraft:torch":14,"minecraft:spruce_stairs":1,"minecraft:spruce_fence":4,"minecraft:trident":1,"minecraft:carrot":3,"minecraft:light_blue_bed":3,"minecraft:dark_oak_planks":14,"minecraft:arrow":12,"minecraft:rotten_flesh":9,"minecraft:decorated_pot":7,"minecraft:sandstone_stairs":3,"minecraft:hay_block":10,"minecraft:pink_tulip":1,"minecraft:cobblestone":25,"minecraft:white_wool":1,"minecraft:birch_log":6,"minecraft:oxidized_copper":13,"minecraft:lilac":11,"minecraft:cut_sandstone":3,"minecraft:dark_oak_boat":1,"minecraft:red_mushroom":1,"minecraft:smoker":1,"minecraft:tuff":12,"minecraft:prismarine_bricks":1,"minecraft:dirt":32,"minecraft:lantern":3,"minecraft:bone":2,"minecraft:stone_bricks":2,"minecraft:bow":1,"minecraft:wheat_seeds":3,"minecraft:mossy_stone_bricks":1,"minecraft:prismarine":1,"minecraft:dark_oak_stairs":18,"minecraft:dark_oak_slab":1,"minecraft:birch_boat":2,"minecraft:gravel":1,"minecraft:white_bed":2,"minecraft:spruce_log":3,"minecraft:barrel":2,"minecraft:dark_oak_log":32,"minecraft:chiseled_sandstone":3,"minecraft:spider_eye":1,"minecraft:leather_helmet":1,"minecraft:mossy_cobblestone":4,"minecraft:dark_prismarine":1,"minecraft:stone_axe":1,"minecraft:writable_book":1,"minecraft:crossbow":1,"minecraft:emerald":8},"minecraft:dropped":{"minecraft:enchanted_book":1,"minecraft:dark_oak_stairs":13,"minecraft:wheat_seeds":3,"minecraft:lilac":9,"minecraft:mossy_cobblestone":4,"minecraft:dark_oak_sapling":1,"minecraft:decorated_pot":3,"minecraft:dark_oak_slab":2,"minecraft:cracked_stone_bricks":1,"minecraft:copper_ingot":3,"minecraft:spruce_stairs":1,"minecraft:leather_helmet":2,"minecraft:red_mushroom":1,"minecraft:dirt":1,"minecraft:torch":1,"minecraft:wooden_sword":1,"minecraft:paper":9,"minecraft:dark_oak_planks":3,"minecraft:white_wool":1,"minecraft:bone":2,"minecraft:dark_oak_door":1,"minecraft:gravel":1,"minecraft:stone_axe":2,"minecraft:cobbled_deepslate":16,"minecraft:beetroot":2,"minecraft:rotten_flesh":4,"minecraft:iron_boots":2,"minecraft:spruce_fence":1,"minecraft:prismarine_stairs":1,"minecraft:echo_shard":4,"minecraft:poppy":1,"minecraft:flower_pot":2,"minecraft:sea_pickle":10,"minecraft:allium":3,"minecraft:spruce_planks":2,"minecraft:iron_chestplate":1,"minecraft:birch_door":1,"minecraft:ladder":1,"minecraft:stone_bricks":2,"minecraft:brown_bed":2,"minecraft:barrel":1,"minecraft:spider_eye":1,"minecraft:spruce_slab":1,"minecraft:arrow":1,"minecraft:bow":1,"minecraft:wooden_pickaxe":1,"minecraft:nautilus_shell":1,"minecraft:dark_prismarine":1,"minecraft:written_book":2,"minecraft:brick":8,"minecraft:lectern":1},"minecraft:crafted":{"minecraft:wooden_sword":1,"minecraft:dark_oak_boat":1,"minecraft:birch_boat":2,"minecraft:furnace":1,"minecraft:dark_oak_door":3,"minecraft:iron_boots":1,"minecraft:iron_axe":2,"minecraft:stone_pickaxe":1,"minecraft:chest":8,"minecraft:birch_door":3,"minecraft:dark_oak_planks":128,"minecraft:wheat":90,"minecraft:crafting_table":6,"minecraft:spruce_planks":16,"minecraft:wooden_pickaxe":1,"minecraft:dark_oak_button":1,"minecraft:birch_planks":24,"minecraft:stone_axe":2,"minecraft:bread":33,"minecraft:air":0,"minecraft:iron_chestplate":1,"minecraft:shield":1,"minecraft:iron_pickaxe":1,"minecraft:stick":16,"minecraft:iron_ingot":10,"minecraft:white_bed":1}},"DataVersion":3953}