{"stats":{"minecraft:killed":{"minecraft:vindicator":2,"minecraft:spider":2,"minecraft:skeleton":3,"minecraft:drowned":5,"minecraft:pillager":6,"minecraft:zombie":5},"minecraft:used":{"minecraft:decorated_pot":1,"minecraft:spruce_planks":3,"minecraft:rotten_flesh":3,"minecraft:iron_chestplate":1,"minecraft:torch":5,"minecraft:dirt":31,"minecraft:birch_door":3,"minecraft:iron_axe":96,"minecraft:light_blue_bed":1,"minecraft:written_book":1,"minecraft:furnace":1,"minecraft:horn_coral_block":3,"minecraft:brown_bed":1,"minecraft:dark_oak_stairs":2,"minecraft:pink_tulip":1,"minecraft:birch_planks":3,"minecraft:stone_pickaxe":50,"minecraft:wooden_pickaxe":13,"minecraft:birch_boat":2,"minecraft:golden_apple":2,"minecraft:crafting_table":7,"minecraft:white_bed":3,"minecraft:spruce_log":1,"minecraft:bread":25,"minecraft:leather_helmet":1,"minecraft:lilac":2,"minecraft:stone_axe":56,"minecraft:wooden_sword":51,"minecraft:cobblestone":1,"minecraft:pufferfish_bucket":1},"minecraft:custom":{"minecraft:mob_kills":23,"minecraft:interact_with_crafting_table":23,"minecraft:open_barrel":18,"minecraft:bell_ring":1,"minecraft:leave_game":8,"minecraft:time_since_death":46142,"minecraft:climb_one_cm":1115,"minecraft:sprint_one_cm":114704,"minecraft:walk_one_cm":195249,"minecraft:drop":51,"minecraft:talked_to_villager":1,"minecraft:play_time":85639,"minecraft:deaths":1,"minecraft:sneak_time":5055,"minecraft:walk_under_water_one_cm":32788,"minecraft:boat_one_cm":142553,"minecraft:jump":1030,"minecraft:walk_on_water_one_cm":21350,"minecraft:total_world_time":85639,"minecraft:interact_with_furnace":7,"minecraft:sleep_in_bed":4,"minecraft:time_since_rest":2701,"minecraft:damage_taken":1679,"minecraft:damage_absorbed":78,"minecraft:damage_dealt":4696,"minecraft:swim_one_cm":27717,"minecraft:fly_one_cm":165633,"minecraft:open_chest":29,"minecraft:crouch_one_cm":16996,"minecraft:interact_with_smoker":1,"minecraft:fall_one_cm":17816},"minecraft:mined":{"minecraft:dark_oak_planks":6,"minecraft:spruce_planks":13,"minecraft:white_bed":2,"minecraft:mossy_cobblestone":4,"minecraft:ladder":1,"minecraft:spruce_fence":2,"minecraft:stone_brick_wall":1,"minecraft:grass_block":7,"minecraft:decorated_pot":9,"minecraft:spruce_leaves":7,"minecraft:red_mushroom":1,"minecraft:sandstone":4,"minecraft:sandstone_stairs":5,"minecraft:large_fern":2,"minecraft:hay_block":10,"minecraft:furnace":1,"minecraft:iron_ore":10,"minecraft:chiseled_sandstone":4,"minecraft:brown_bed":4,"minecraft:dark_oak_stairs":8,"minecraft:lantern":4,"minecraft:pink_tulip":1,"minecraft:stone":11,"minecraft:potted_allium":2,"minecraft:sandstone_slab":2,"minecraft:brown_mushroom":1,"minecraft:smoker":1,"minecraft:crafting_table":6,"minecraft:short_grass":23,"minecraft:white_stained_glass_pane":3,"minecraft:lectern":1,"minecraft:mushroom_stem":2,"minecraft:cobblestone":11,"minecraft:wall_torch":10,"minecraft:spruce_stairs":2,"minecraft:dark_oak_slab":1,"minecraft:light_blue_bed":2,"minecraft:birch_log":6,"minecraft:lilac":12,"minecraft:spruce_log":3,"minecraft:birch_door":2,"minecraft:dirt":25,"minecraft:horn_coral_block":2,"minecraft:fern":5},"minecraft:killed_by":{"minecraft:vindicator":1},"minecraft:picked_up":{"minecraft:iron_chestplate":1,"minecraft:crafting_table":6,"minecraft:birch_door":2,"minecraft:allium":2,"minecraft:sandstone_slab":1,"minecraft:ladder":1,"minecraft:flower_pot":2,"minecraft:prismarine_shard":6,"minecraft:brown_bed":3,"minecraft:enchanted_book":2,"minecraft:potion":1,"minecraft:dead_horn_coral_block":1,"minecraft:brick":8,"minecraft:string":4,"minecraft:beetroot":4,"minecraft:spruce_planks":10,"minecraft:written_book":1,"minecraft:poppy":1,"minecraft:lectern":1,"minecraft:furnace":1,"minecraft:dark_oak_sapling":1,"minecraft:raw_iron":10,"minecraft:sandstone":3,"minecraft:copper_ingot":1,"minecraft:torch":8,"minecraft:spruce_stairs":1,"minecraft:spruce_fence":1,"minecraft:trident":1,"minecraft:carrot":3,"minecraft:light_blue_bed":2,"minecraft:dark_oak_planks":4,"minecraft:arrow":2,"minecraft:rotten_flesh":7,"minecraft:decorated_pot":7,"minecraft:hay_block":10,"minecraft:sandstone_stairs":3,"minecraft:pink_tulip":1,"minecraft:cobblestone":22,"minecraft:birch_log":6,"minecraft:lilac":11,"minecraft:red_mushroom":1,"minecraft:smoker":1,"minecraft:dirt":32,"minecraft:lantern":3,"minecraft:bone":2,"minecraft:bow":1,"minecraft:wheat_seeds":3,"minecraft:dark_oak_stairs":8,"minecraft:white_bed":2,"minecraft:spruce_log":3,"minecraft:chiseled_sandstone":3,"minecraft:spider_eye":1,"minecraft:leather_helmet":1,"minecraft:mossy_cobblestone":4,"minecraft:stone_axe":1,"minecraft:writable_book":1,"minecraft:crossbow":1,"minecraft:emerald":4},"minecraft:dropped":{"minecraft:enchanted_book":1,"minecraft:wheat_seeds":3,"minecraft:lilac":9,"minecraft:mossy_cobblestone":4,"minecraft:dark_oak_sapling":1,"minecraft:decorated_pot":3,"minecraft:copper_ingot":3,"minecraft:spruce_stairs":1,"minecraft:leather_helmet":2,"minecraft:red_mushroom":1,"minecraft:torch":1,"minecraft:wooden_sword":1,"minecraft:bone":2,"minecraft:stone_axe":2,"minecraft:beetroot":2,"minecraft:rotten_flesh":4,"minecraft:echo_shard":4,"minecraft:poppy":1,"minecraft:flower_pot":2,"minecraft:allium":2,"minecraft:spruce_planks":1,"minecraft:iron_chestplate":1,"minecraft:ladder":1,"minecraft:brown_bed":2,"minecraft:spider_eye":1,"minecraft:bow":1,"minecraft:wooden_pickaxe":1,"minecraft:nautilus_shell":1,"minecraft:written_book":2,"minecraft:brick":8,"minecraft:lectern":1},"minecraft:crafted":{"minecraft:wooden_sword":1,"minecraft:birch_boat":2,"minecraft:furnace":1,"minecraft:iron_axe":1,"minecraft:stone_pickaxe":1,"minecraft:birch_door":3,"minecraft:wheat":90,"minecraft:crafting_table":1,"minecraft:spruce_planks":16,"minecraft:wooden_pickaxe":1,"minecraft:birch_planks":24,"minecraft:stone_axe":2,"minecraft:bread":31,"minecraft:air":0,"minecraft:iron_chestplate":1,"minecraft:stick":16,"minecraft:iron_ingot":10,"minecraft:white_bed":1}},"DataVersion":3953}