{"stats":{"minecraft:killed":{"minecraft:vindicator":7,"minecraft:spider":3,"minecraft:skeleton":5,"minecraft:drowned":5,"minecraft:creeper":1,"minecraft:pillager":13,"minecraft:zombie":8},"minecraft:used":{"minecraft:decorated_pot":1,"minecraft:spruce_planks":5,"minecraft:shield":9,"minecraft:rotten_flesh":3,"minecraft:iron_chestplate":1,"minecraft:torch":5,"minecraft:dirt":31,"minecraft:prismarine_bricks":1,"minecraft:spruce_fence":2,"minecraft:birch_door":7,"minecraft:dark_oak_planks":23,"minecraft:iron_axe":230,"minecraft:light_blue_bed":3,"minecraft:dark_oak_boat":2,"minecraft:written_book":1,"minecraft:furnace":1,"minecraft:horn_coral_block":3,"minecraft:brown_bed":2,"minecraft:dark_oak_stairs":2,"minecraft:pink_tulip":1,"minecraft:birch_planks":3,"minecraft:stone_pickaxe":89,"minecraft:wooden_pickaxe":13,"minecraft:birch_boat":4,"minecraft:golden_apple":2,"minecraft:crafting_table":15,"minecraft:white_bed":3,"minecraft:spruce_log":1,"minecraft:firework_rocket":10,"minecraft:bread":39,"minecraft:leather_helmet":1,"minecraft:lilac":2,"minecraft:stone_axe":56,"minecraft:wooden_sword":51,"minecraft:cobblestone":6,"minecraft:pufferfish_bucket":1},"minecraft:broken":{"minecraft:iron_axe":1},"minecraft:custom":{"minecraft:mob_kills":43,"minecraft:interact_with_crafting_table":34,"minecraft:open_barrel":58,"minecraft:bell_ring":1,"minecraft:damage_dealt_resisted":54,"minecraft:leave_game":9,"minecraft:time_since_death":83314,"minecraft:climb_one_cm":3039,"minecraft:sprint_one_cm":152057,"minecraft:walk_one_cm":288781,"minecraft:damage_blocked_by_shield":415,"minecraft:drop":66,"minecraft:talked_to_villager":1,"minecraft:play_time":122811,"minecraft:deaths":1,"minecraft:sneak_time":8261,"minecraft:walk_under_water_one_cm":52304,"minecraft:boat_one_cm":353445,"minecraft:jump":1361,"minecraft:walk_on_water_one_cm":26443,"minecraft:total_world_time":122811,"minecraft:interact_with_furnace":7,"minecraft:sleep_in_bed":6,"minecraft:time_since_rest":12415,"minecraft:damage_taken":2221,"minecraft:damage_absorbed":78,"minecraft:damage_dealt":9154,"minecraft:swim_one_cm":42629,"minecraft:fly_one_cm":207908,"minecraft:open_chest":29,"minecraft:crouch_one_cm":27185,"minecraft:interact_with_smoker":1,"minecraft:fall_one_cm":26006},"minecraft:mined":{"minecraft:dark_oak_planks":16,"minecraft:spruce_planks":18,"minecraft:white_bed":2,"minecraft:mossy_cobblestone":4,"minecraft:jungle_leaves":1,"minecraft:dark_oak_log":33,"minecraft:sea_lantern":5,"minecraft:ladder":1,"minecraft:spruce_fence":5,"minecraft:grass_block":8,"minecraft:stone_brick_wall":1,"minecraft:decorated_pot":9,"minecraft:spruce_leaves":7,"minecraft:red_mushroom":1,"minecraft:sandstone":6,"minecraft:sandstone_stairs":5,"minecraft:large_fern":2,"minecraft:hay_block":10,"minecraft:furnace":1,"minecraft:iron_ore":10,"minecraft:chiseled_sandstone":4,"minecraft:suspicious_sand":1,"minecraft:dark_oak_stairs":14,"minecraft:brown_bed":5,"minecraft:lantern":4,"minecraft:pink_tulip":1,"minecraft:stone":12,"minecraft:fire_coral_block":1,"minecraft:white_wool":1,"minecraft:potted_allium":2,"minecraft:sandstone_slab":2,"minecraft:cut_sandstone":16,"minecraft:brown_mushroom":1,"minecraft:potted_lily_of_the_valley":1,"minecraft:smoker":1,"minecraft:crafting_table":10,"minecraft:short_grass":27,"minecraft:white_stained_glass_pane":3,"minecraft:lectern":1,"minecraft:mushroom_stem":2,"minecraft:polished_diorite_slab":1,"minecraft:cobblestone":12,"minecraft:wall_torch":11,"minecraft:seagrass":1,"minecraft:prismarine_bricks":8,"minecraft:spruce_stairs":2,"minecraft:dark_oak_slab":2,"minecraft:light_blue_bed":3,"minecraft:sea_pickle":1,"minecraft:birch_log":6,"minecraft:lilac":12,"minecraft:spruce_log":3,"minecraft:birch_door":6,"minecraft:cherry_leaves":1,"minecraft:dirt":25,"minecraft:prismarine_stairs":3,"minecraft:horn_coral_block":2,"minecraft:fern":5},"minecraft:killed_by":{"minecraft:vindicator":1},"minecraft:picked_up":{"minecraft:prismarine_stairs":3,"minecraft:iron_chestplate":1,"minecraft:crafting_table":10,"minecraft:birch_door":6,"minecraft:allium":3,"minecraft:sandstone_slab":1,"minecraft:ladder":1,"minecraft:flower_pot":2,"minecraft:prismarine_shard":6,"minecraft:brown_bed":4,"minecraft:enchanted_book":2,"minecraft:potion":1,"minecraft:dead_horn_coral_block":1,"minecraft:brick":8,"minecraft:string":4,"minecraft:beetroot":4,"minecraft:sea_pickle":2,"minecraft:spruce_planks":13,"minecraft:written_book":1,"minecraft:poppy":1,"minecraft:spruce_slab":1,"minecraft:lectern":1,"minecraft:iron_boots":1,"minecraft:furnace":1,"minecraft:dark_oak_sapling":1,"minecraft:raw_iron":10,"minecraft:sandstone":3,"minecraft:copper_ingot":1,"minecraft:torch":13,"minecraft:spruce_stairs":1,"minecraft:spruce_fence":4,"minecraft:trident":1,"minecraft:carrot":3,"minecraft:light_blue_bed":3,"minecraft:dark_oak_planks":14,"minecraft:arrow":3,"minecraft:rotten_flesh":7,"minecraft:decorated_pot":7,"minecraft:sandstone_stairs":3,"minecraft:hay_block":10,"minecraft:pink_tulip":1,"minecraft:cobblestone":23,"minecraft:white_wool":1,"minecraft:birch_log":6,"minecraft:lilac":11,"minecraft:cut_sandstone":3,"minecraft:dark_oak_boat":1,"minecraft:red_mushroom":1,"minecraft:smoker":1,"minecraft:prismarine_bricks":1,"minecraft:dirt":32,"minecraft:lantern":3,"minecraft:bone":2,"minecraft:bow":1,"minecraft:wheat_seeds":3,"minecraft:dark_oak_stairs":11,"minecraft:dark_oak_slab":1,"minecraft:birch_boat":2,"minecraft:white_bed":2,"minecraft:spruce_log":3,"minecraft:dark_oak_log":31,"minecraft:chiseled_sandstone":3,"minecraft:spider_eye":1,"minecraft:leather_helmet":1,"minecraft:mossy_cobblestone":4,"minecraft:stone_axe":1,"minecraft:writable_book":1,"minecraft:crossbow":1,"minecraft:emerald":8},"minecraft:dropped":{"minecraft:enchanted_book":1,"minecraft:dark_oak_stairs":6,"minecraft:wheat_seeds":3,"minecraft:lilac":9,"minecraft:mossy_cobblestone":4,"minecraft:dark_oak_sapling":1,"minecraft:decorated_pot":3,"minecraft:dark_oak_slab":1,"minecraft:copper_ingot":3,"minecraft:spruce_stairs":1,"minecraft:leather_helmet":2,"minecraft:red_mushroom":1,"minecraft:dirt":1,"minecraft:torch":1,"minecraft:wooden_sword":1,"minecraft:dark_oak_planks":1,"minecraft:white_wool":1,"minecraft:bone":2,"minecraft:stone_axe":2,"minecraft:beetroot":2,"minecraft:rotten_flesh":4,"minecraft:iron_boots":2,"minecraft:spruce_fence":1,"minecraft:prismarine_stairs":1,"minecraft:echo_shard":4,"minecraft:poppy":1,"minecraft:flower_pot":2,"minecraft:sea_pickle":10,"minecraft:allium":3,"minecraft:spruce_planks":1,"minecraft:iron_chestplate":1,"minecraft:ladder":1,"minecraft:brown_bed":2,"minecraft:spider_eye":1,"minecraft:spruce_slab":1,"minecraft:arrow":1,"minecraft:bow":1,"minecraft:wooden_pickaxe":1,"minecraft:nautilus_shell":1,"minecraft:written_book":2,"minecraft:brick":8,"minecraft:lectern":1},"minecraft:crafted":{"minecraft:wooden_sword":1,"minecraft:dark_oak_boat":1,"minecraft:birch_boat":2,"minecraft:furnace":1,"minecraft:iron_boots":1,"minecraft:iron_axe":2,"minecraft:stone_pickaxe":1,"minecraft:birch_door":3,"minecraft:dark_oak_planks":40,"minecraft:wheat":90,"minecraft:crafting_table":5,"minecraft:spruce_planks":16,"minecraft:wooden_pickaxe":1,"minecraft:dark_oak_button":1,"minecraft:birch_planks":24,"minecraft:stone_axe":2,"minecraft:bread":33,"minecraft:air":0,"minecraft:iron_chestplate":1,"minecraft:shield":1,"minecraft:stick":16,"minecraft:iron_ingot":10,"minecraft:white_bed":1}},"DataVersion":3953}