{"stats":{"minecraft:killed":{"minecraft:zombie_villager":1,"minecraft:vindicator":5,"minecraft:creeper":1,"minecraft:skeleton":1,"minecraft:pillager":2,"minecraft:zombie":3},"minecraft:used":{"minecraft:water_bucket":1,"minecraft:leather_leggings":1,"minecraft:writable_book":1,"minecraft:spruce_slab":1,"minecraft:spruce_planks":1,"minecraft:shield":5,"minecraft:iron_sword":42,"minecraft:cooked_salmon":1,"minecraft:iron_chestplate":1,"minecraft:torch":1,"minecraft:crafting_table":1,"minecraft:cod_bucket":1,"minecraft:birch_door":2,"minecraft:iron_axe":37,"minecraft:bread":26,"minecraft:light_blue_bed":1,"minecraft:iron_boots":1,"minecraft:stone_axe":3,"minecraft:wooden_sword":34,"minecraft:written_book":1,"minecraft:bucket":2,"minecraft:splash_potion":1,"minecraft:experience_bottle":4,"minecraft:brown_bed":4},"minecraft:custom":{"minecraft:interact_with_furnace":2,"minecraft:mob_kills":14,"minecraft:interact_with_cartography_table":1,"minecraft:interact_with_crafting_table":14,"minecraft:open_barrel":64,"minecraft:bell_ring":11,"minecraft:leave_game":6,"minecraft:time_since_death":2722,"minecraft:sleep_in_bed":6,"minecraft:climb_one_cm":4579,"minecraft:time_since_rest":2782,"minecraft:sprint_one_cm":171398,"minecraft:damage_taken":1544,"minecraft:walk_one_cm":237939,"minecraft:damage_blocked_by_shield":125,"minecraft:drop":45,"minecraft:damage_dealt":2598,"minecraft:damage_dealt_absorbed":7,"minecraft:swim_one_cm":176471,"minecraft:talked_to_villager":1,"minecraft:fly_one_cm":119312,"minecraft:open_chest":26,"minecraft:crouch_one_cm":3890,"minecraft:play_time":119068,"minecraft:deaths":2,"minecraft:sneak_time":2895,"minecraft:walk_under_water_one_cm":60562,"minecraft:boat_one_cm":539068,"minecraft:interact_with_lectern":2,"minecraft:jump":760,"minecraft:walk_on_water_one_cm":46710,"minecraft:total_world_time":119068,"minecraft:fall_one_cm":18106},"minecraft:mined":{"minecraft:dark_oak_planks":17,"minecraft:spruce_planks":8,"minecraft:kelp_plant":1,"minecraft:dark_oak_log":2,"minecraft:cornflower":1,"minecraft:short_grass":4,"minecraft:grass_block":1,"minecraft:spruce_fence":2,"minecraft:decorated_pot":5,"minecraft:chest":1,"minecraft:white_stained_glass_pane":3,"minecraft:wall_torch":5,"minecraft:seagrass":3,"minecraft:large_fern":1,"minecraft:spruce_stairs":3,"minecraft:tall_seagrass":4,"minecraft:light_blue_bed":1,"minecraft:birch_log":2,"minecraft:birch_door":1,"minecraft:dark_oak_stairs":4,"minecraft:brown_bed":4,"minecraft:white_tulip":1,"minecraft:spruce_slab":1},"minecraft:picked_up":{"minecraft:birch_log":2,"minecraft:birch_door":2,"minecraft:iron_chestplate":1,"minecraft:oxidized_copper":3,"minecraft:lilac":1,"minecraft:flower_pot":1,"minecraft:water_bucket":1,"minecraft:cut_sandstone":1,"minecraft:brown_mushroom":1,"minecraft:brown_bed":5,"minecraft:enchanted_book":1,"minecraft:gunpowder":2,"minecraft:cornflower":1,"minecraft:dirt":24,"minecraft:lantern":1,"minecraft:iron_axe":1,"minecraft:bone":1,"minecraft:experience_bottle":4,"minecraft:beetroot":5,"minecraft:wheat_seeds":3,"minecraft:gold_nugget":7,"minecraft:spruce_planks":12,"minecraft:white_tulip":2,"minecraft:written_book":1,"minecraft:poppy":2,"minecraft:spruce_slab":2,"minecraft:dark_oak_stairs":7,"minecraft:dark_oak_sapling":1,"minecraft:dark_oak_slab":1,"minecraft:dandelion":1,"minecraft:torch":10,"minecraft:spruce_stairs":3,"minecraft:spruce_fence":3,"minecraft:lily_of_the_valley":1,"minecraft:ink_sac":3,"minecraft:carrot":1,"minecraft:light_blue_bed":2,"minecraft:dark_oak_log":3,"minecraft:spider_eye":1,"minecraft:dark_oak_planks":19,"minecraft:firework_rocket":10,"minecraft:arrow":1,"minecraft:rotten_flesh":3,"minecraft:stone_axe":1,"minecraft:decorated_pot":4,"minecraft:gold_ingot":2,"minecraft:emerald":5,"minecraft:baked_potato":1,"minecraft:heartbreak_pottery_sherd":1},"minecraft:dropped":{"minecraft:water_bucket":1,"minecraft:enchanted_book":1,"minecraft:dark_oak_stairs":2,"minecraft:wheat_seeds":2,"minecraft:lilac":1,"minecraft:dark_oak_sapling":1,"minecraft:decorated_pot":4,"minecraft:wheat":1,"minecraft:rotten_flesh":3,"minecraft:spruce_fence":1,"minecraft:pufferfish":3,"minecraft:poppy":2,"minecraft:dark_oak_log":1,"minecraft:ink_sac":7,"minecraft:spruce_planks":1,"minecraft:iron_chestplate":1,"minecraft:wooden_axe":1,"minecraft:cut_sandstone":1,"minecraft:brown_bed":1,"minecraft:writable_book":1,"minecraft:spider_eye":1,"minecraft:spruce_slab":1,"minecraft:iron_axe":1,"minecraft:nautilus_shell":2,"minecraft:heartbreak_pottery_sherd":1,"minecraft:written_book":1,"minecraft:light_blue_bed":1,"minecraft:oxidized_copper":1},"minecraft:crafted":{"minecraft:wooden_sword":1,"minecraft:crafting_table":1,"minecraft:iron_sword":1,"minecraft:birch_planks":16,"minecraft:bread":11,"minecraft:shield":1,"minecraft:iron_pickaxe":1,"minecraft:stick":8,"minecraft:wooden_axe":1}},"DataVersion":3953}