{"stats":{"minecraft:killed":{"minecraft:vindicator":3},"minecraft:used":{"minecraft:writable_book":1,"minecraft:bread":9,"minecraft:cooked_salmon":1,"minecraft:stone_axe":3,"minecraft:torch":1,"minecraft:wooden_sword":26,"minecraft:written_book":1,"minecraft:bucket":1,"minecraft:cod_bucket":1,"minecraft:experience_bottle":4},"minecraft:custom":{"minecraft:time_since_rest":23904,"minecraft:interact_with_furnace":2,"minecraft:sprint_one_cm":86807,"minecraft:damage_taken":369,"minecraft:walk_one_cm":124548,"minecraft:mob_kills":3,"minecraft:drop":25,"minecraft:damage_dealt":982,"minecraft:open_barrel":1,"minecraft:interact_with_crafting_table":7,"minecraft:talked_to_villager":1,"minecraft:swim_one_cm":38821,"minecraft:interact_with_cartography_table":1,"minecraft:fly_one_cm":55916,"minecraft:open_chest":10,"minecraft:crouch_one_cm":398,"minecraft:play_time":53068,"minecraft:bell_ring":11,"minecraft:sneak_time":434,"minecraft:walk_under_water_one_cm":18598,"minecraft:boat_one_cm":135819,"minecraft:interact_with_lectern":2,"minecraft:jump":316,"minecraft:leave_game":6,"minecraft:walk_on_water_one_cm":8451,"minecraft:time_since_death":53068,"minecraft:sleep_in_bed":1,"minecraft:total_world_time":53068,"minecraft:climb_one_cm":1225,"minecraft:fall_one_cm":8427},"minecraft:mined":{"minecraft:dark_oak_planks":2,"minecraft:light_blue_bed":1,"minecraft:birch_log":2,"minecraft:decorated_pot":4,"minecraft:white_stained_glass_pane":3,"minecraft:wall_torch":3,"minecraft:large_fern":1},"minecraft:picked_up":{"minecraft:birch_log":2,"minecraft:dark_oak_sapling":1,"minecraft:lilac":1,"minecraft:brown_mushroom":1,"minecraft:torch":6,"minecraft:enchanted_book":1,"minecraft:ink_sac":3,"minecraft:light_blue_bed":1,"minecraft:spider_eye":1,"minecraft:dirt":4,"minecraft:lantern":1,"minecraft:dark_oak_planks":2,"minecraft:firework_rocket":10,"minecraft:experience_bottle":4,"minecraft:rotten_flesh":3,"minecraft:beetroot":5,"minecraft:decorated_pot":3,"minecraft:stone_axe":1,"minecraft:wheat_seeds":2,"minecraft:gold_nugget":7,"minecraft:gold_ingot":2,"minecraft:written_book":1,"minecraft:emerald":4,"minecraft:poppy":2},"minecraft:dropped":{"minecraft:enchanted_book":1,"minecraft:poppy":2,"minecraft:wheat_seeds":2,"minecraft:lilac":1,"minecraft:ink_sac":7,"minecraft:wooden_axe":1,"minecraft:dark_oak_sapling":1,"minecraft:decorated_pot":3,"minecraft:rotten_flesh":3,"minecraft:spider_eye":1,"minecraft:writable_book":1,"minecraft:nautilus_shell":1,"minecraft:written_book":1},"minecraft:crafted":{"minecraft:wooden_sword":1,"minecraft:stick":4,"minecraft:wooden_axe":1,"minecraft:birch_planks":16}},"DataVersion":3953}