{"stats":{"minecraft:killed":{"minecraft:vindicator":4,"minecraft:pillager":2},"minecraft:used":{"minecraft:leather_leggings":1,"minecraft:writable_book":1,"minecraft:spruce_planks":1,"minecraft:iron_sword":2,"minecraft:cooked_salmon":1,"minecraft:iron_chestplate":1,"minecraft:torch":1,"minecraft:crafting_table":1,"minecraft:cod_bucket":1,"minecraft:iron_axe":27,"minecraft:bread":13,"minecraft:light_blue_bed":1,"minecraft:iron_boots":1,"minecraft:stone_axe":3,"minecraft:wooden_sword":34,"minecraft:written_book":1,"minecraft:bucket":1,"minecraft:experience_bottle":4},"minecraft:custom":{"minecraft:interact_with_furnace":2,"minecraft:mob_kills":6,"minecraft:interact_with_cartography_table":1,"minecraft:interact_with_crafting_table":9,"minecraft:open_barrel":26,"minecraft:bell_ring":11,"minecraft:leave_game":6,"minecraft:time_since_death":77068,"minecraft:sleep_in_bed":4,"minecraft:climb_one_cm":3884,"minecraft:time_since_rest":1846,"minecraft:sprint_one_cm":105284,"minecraft:damage_taken":569,"minecraft:walk_one_cm":162122,"minecraft:drop":37,"minecraft:damage_dealt":1484,"minecraft:damage_dealt_absorbed":7,"minecraft:swim_one_cm":40855,"minecraft:talked_to_villager":1,"minecraft:fly_one_cm":59812,"minecraft:open_chest":11,"minecraft:crouch_one_cm":2484,"minecraft:play_time":77068,"minecraft:sneak_time":1435,"minecraft:walk_under_water_one_cm":28896,"minecraft:boat_one_cm":368084,"minecraft:interact_with_lectern":2,"minecraft:jump":395,"minecraft:walk_on_water_one_cm":20780,"minecraft:total_world_time":77068,"minecraft:fall_one_cm":9900},"minecraft:mined":{"minecraft:dark_oak_planks":12,"minecraft:spruce_planks":7,"minecraft:dark_oak_log":1,"minecraft:spruce_fence":2,"minecraft:decorated_pot":5,"minecraft:white_stained_glass_pane":3,"minecraft:wall_torch":5,"minecraft:large_fern":1,"minecraft:spruce_stairs":2,"minecraft:light_blue_bed":1,"minecraft:birch_log":2,"minecraft:dark_oak_stairs":3,"minecraft:brown_bed":1,"minecraft:spruce_slab":1},"minecraft:picked_up":{"minecraft:birch_log":2,"minecraft:iron_chestplate":1,"minecraft:lilac":1,"minecraft:water_bucket":1,"minecraft:brown_mushroom":1,"minecraft:brown_bed":2,"minecraft:enchanted_book":1,"minecraft:dirt":4,"minecraft:lantern":1,"minecraft:iron_axe":1,"minecraft:experience_bottle":4,"minecraft:beetroot":5,"minecraft:wheat_seeds":2,"minecraft:gold_nugget":7,"minecraft:spruce_planks":10,"minecraft:written_book":1,"minecraft:poppy":2,"minecraft:spruce_slab":1,"minecraft:dark_oak_stairs":3,"minecraft:dark_oak_sapling":1,"minecraft:torch":8,"minecraft:spruce_stairs":2,"minecraft:spruce_fence":3,"minecraft:ink_sac":3,"minecraft:light_blue_bed":2,"minecraft:dark_oak_log":1,"minecraft:spider_eye":1,"minecraft:dark_oak_planks":12,"minecraft:firework_rocket":10,"minecraft:rotten_flesh":3,"minecraft:stone_axe":1,"minecraft:decorated_pot":4,"minecraft:gold_ingot":2,"minecraft:emerald":4,"minecraft:heartbreak_pottery_sherd":1},"minecraft:dropped":{"minecraft:water_bucket":1,"minecraft:enchanted_book":1,"minecraft:dark_oak_stairs":2,"minecraft:wheat_seeds":2,"minecraft:lilac":1,"minecraft:dark_oak_sapling":1,"minecraft:decorated_pot":4,"minecraft:rotten_flesh":3,"minecraft:spruce_fence":1,"minecraft:poppy":2,"minecraft:ink_sac":7,"minecraft:iron_chestplate":1,"minecraft:wooden_axe":1,"minecraft:brown_bed":1,"minecraft:writable_book":1,"minecraft:spider_eye":1,"minecraft:spruce_slab":1,"minecraft:iron_axe":1,"minecraft:nautilus_shell":2,"minecraft:heartbreak_pottery_sherd":1,"minecraft:written_book":1,"minecraft:light_blue_bed":1},"minecraft:crafted":{"minecraft:wooden_sword":1,"minecraft:crafting_table":1,"minecraft:iron_sword":1,"minecraft:birch_planks":16,"minecraft:bread":7,"minecraft:shield":1,"minecraft:stick":4,"minecraft:wooden_axe":1}},"DataVersion":3953}