{"stats":{"minecraft:picked_up":{"minecraft:fishing_rod":2,"minecraft:crafting_table":2,"minecraft:iron_chestplate":3,"minecraft:birch_door":2,"minecraft:wheat":4,"minecraft:flower_pot":1,"minecraft:prismarine_shard":8,"minecraft:brown_mushroom":1,"minecraft:brown_bed":5,"minecraft:enchanted_book":2,"minecraft:stone_brick_stairs":1,"minecraft:shield":2,"minecraft:amethyst_block":3,"minecraft:cornflower":1,"minecraft:red_bed":3,"minecraft:string":27,"minecraft:iron_axe":1,"minecraft:cooked_salmon":10,"minecraft:smooth_stone_slab":2,"minecraft:iron_leggings":2,"minecraft:experience_bottle":7,"minecraft:beetroot":5,"minecraft:cracked_stone_bricks":1,"minecraft:gold_nugget":10,"minecraft:cobbled_deepslate":47,"minecraft:spruce_planks":14,"minecraft:beef":7,"minecraft:andesite_stairs":1,"minecraft:white_tulip":4,"minecraft:player_head":1,"minecraft:written_book":7,"minecraft:poppy":2,"minecraft:iron_pickaxe":3,"minecraft:spruce_slab":2,"minecraft:chest":2,"minecraft:iron_boots":2,"minecraft:dark_oak_door":1,"minecraft:tipped_arrow":9,"minecraft:dark_oak_sapling":3,"minecraft:raw_iron":1,"minecraft:copper_ingot":20,"minecraft:torch":11,"minecraft:spruce_stairs":3,"minecraft:spruce_fence":3,"minecraft:recovery_compass":1,"minecraft:trident":3,"minecraft:carrot":85,"minecraft:light_blue_bed":2,"minecraft:dark_oak_planks":23,"minecraft:arrow":55,"minecraft:rotten_flesh":92,"minecraft:decorated_pot":6,"minecraft:hay_block":12,"minecraft:saddle":3,"minecraft:gold_ingot":8,"minecraft:cod":2,"minecraft:heartbreak_pottery_sherd":1,"minecraft:cobblestone":18,"minecraft:birch_log":2,"minecraft:golden_carrot":3,"minecraft:lilac":1,"minecraft:oxidized_copper":3,"minecraft:dark_oak_button":2,"minecraft:water_bucket":1,"minecraft:andesite":1,"minecraft:leather":19,"minecraft:cut_sandstone":1,"minecraft:dark_oak_boat":1,"minecraft:ochre_froglight":1,"minecraft:filled_map":2,"minecraft:tuff":8,"minecraft:oak_log":3,"minecraft:gunpowder":2,"minecraft:dirt":25,"minecraft:lantern":1,"minecraft:polished_granite":2,"minecraft:bone":21,"minecraft:stone_bricks":9,"minecraft:apple":3,"minecraft:wheat_seeds":28,"minecraft:raw_gold":6,"minecraft:mossy_stone_bricks":2,"minecraft:soul_sand":1,"minecraft:iron_sword":4,"minecraft:dark_oak_stairs":7,"minecraft:scaffolding":2,"minecraft:dark_oak_slab":1,"minecraft:birch_boat":1,"minecraft:dandelion":1,"minecraft:gravel":4,"minecraft:ink_sac":3,"minecraft:lily_of_the_valley":1,"minecraft:dark_oak_log":38,"minecraft:spider_eye":4,"minecraft:dark_prismarine":3,"minecraft:polished_andesite":5,"minecraft:firework_rocket":10,"minecraft:yellow_carpet":4,"minecraft:stone_axe":6,"minecraft:iron_helmet":2,"minecraft:bread":12,"minecraft:emerald":7,"minecraft:baked_potato":1,"minecraft:oak_sapling":1},"minecraft:used":{"minecraft:trident":33,"minecraft:writable_book":1,"minecraft:spruce_slab":1,"minecraft:spruce_planks":3,"minecraft:shield":32,"minecraft:iron_sword":276,"minecraft:cooked_salmon":1,"minecraft:rotten_flesh":6,"minecraft:iron_chestplate":1,"minecraft:torch":1,"minecraft:carrot":42,"minecraft:cod_bucket":1,"minecraft:yellow_carpet":1,"minecraft:birch_door":2,"minecraft:dark_oak_planks":144,"minecraft:iron_axe":37,"minecraft:light_blue_bed":1,"minecraft:iron_boots":1,"minecraft:stone_brick_stairs":1,"minecraft:stone_bricks":3,"minecraft:dark_oak_boat":1,"minecraft:written_book":1,"minecraft:scaffolding":2,"minecraft:cobbled_deepslate":2,"minecraft:brown_bed":4,"minecraft:dark_oak_sapling":4,"minecraft:water_bucket":1,"minecraft:leather_leggings":1,"minecraft:amethyst_block":3,"minecraft:polished_andesite":5,"minecraft:crafting_table":2,"minecraft:red_bed":2,"minecraft:ochre_froglight":1,"minecraft:dark_oak_door":1,"minecraft:apple":5,"minecraft:bread":46,"minecraft:iron_pickaxe":27,"minecraft:polished_granite":2,"minecraft:stone_axe":113,"minecraft:wooden_sword":34,"minecraft:cobblestone":10,"minecraft:bucket":2,"minecraft:andesite_stairs":1,"minecraft:andesite":1,"minecraft:splash_potion":1,"minecraft:experience_bottle":7},"minecraft:killed_by":{"minecraft:drowned":3,"minecraft:skeleton":1,"minecraft:guardian":1},"minecraft:crafted":{"minecraft:wooden_sword":1,"minecraft:oak_planks":12,"minecraft:player_head":1,"minecraft:chest":1,"minecraft:dark_oak_planks":140,"minecraft:wheat":108,"minecraft:crafting_table":2,"minecraft:iron_sword":1,"minecraft:birch_planks":16,"minecraft:bread":11,"minecraft:shield":1,"minecraft:stick":8,"minecraft:iron_pickaxe":1,"minecraft:wooden_axe":1},"minecraft:broken":{"minecraft:iron_sword":1,"minecraft:iron_helmet":1},"minecraft:custom":{"minecraft:interact_with_smithing_table":1,"minecraft:mob_kills":77,"minecraft:interact_with_anvil":3,"minecraft:interact_with_crafting_table":33,"minecraft:open_barrel":83,"minecraft:bell_ring":11,"minecraft:leave_game":8,"minecraft:time_since_death":76665,"minecraft:climb_one_cm":16538,"minecraft:sprint_one_cm":538871,"minecraft:walk_one_cm":668162,"minecraft:damage_blocked_by_shield":850,"minecraft:drop":102,"minecraft:damage_dealt_absorbed":7,"minecraft:talked_to_villager":1,"minecraft:play_time":265755,"minecraft:deaths":7,"minecraft:sneak_time":14339,"minecraft:walk_under_water_one_cm":162633,"minecraft:boat_one_cm":852431,"minecraft:interact_with_lectern":2,"minecraft:jump":1901,"minecraft:interact_with_brewingstand":1,"minecraft:walk_on_water_one_cm":87816,"minecraft:total_world_time":265755,"minecraft:interact_with_furnace":2,"minecraft:interact_with_cartography_table":1,"minecraft:sleep_in_bed":11,"minecraft:time_since_rest":6143,"minecraft:damage_taken":5191,"minecraft:damage_dealt":14404,"minecraft:swim_one_cm":254762,"minecraft:fly_one_cm":334866,"minecraft:open_chest":66,"minecraft:crouch_one_cm":35842,"minecraft:fall_one_cm":42265},"minecraft:dropped":{"minecraft:water_bucket":1,"minecraft:soul_sand":1,"minecraft:dark_oak_stairs":2,"minecraft:wheat_seeds":21,"minecraft:lilac":1,"minecraft:diamond":1,"minecraft:crafting_table":2,"minecraft:dark_oak_sapling":1,"minecraft:decorated_pot":6,"minecraft:cobblestone":4,"minecraft:leather":13,"minecraft:cracked_stone_bricks":1,"minecraft:saddle":3,"minecraft:copper_ingot":3,"minecraft:yellow_carpet":3,"minecraft:emerald":4,"minecraft:pufferfish":3,"minecraft:dirt":1,"minecraft:dark_oak_log":1,"minecraft:ink_sac":7,"minecraft:wooden_axe":1,"minecraft:cut_sandstone":1,"minecraft:gold_nugget":3,"minecraft:writable_book":1,"minecraft:iron_axe":1,"minecraft:oxidized_copper":1,"minecraft:gold_ingot":4,"minecraft:bone":3,"minecraft:gravel":2,"minecraft:stone_axe":1,"minecraft:player_head":1,"minecraft:cobbled_deepslate":14,"minecraft:tuff":6,"minecraft:wheat":3,"minecraft:raw_iron":1,"minecraft:rotten_flesh":8,"minecraft:spruce_fence":1,"minecraft:recovery_compass":1,"minecraft:filled_map":1,"minecraft:poppy":2,"minecraft:tipped_arrow":1,"minecraft:spruce_planks":1,"minecraft:iron_chestplate":1,"minecraft:chest":2,"minecraft:brown_bed":1,"minecraft:spider_eye":1,"minecraft:stone_bricks":5,"minecraft:spruce_slab":1,"minecraft:beef":4,"minecraft:nautilus_shell":2,"minecraft:heartbreak_pottery_sherd":1,"minecraft:dark_prismarine":3,"minecraft:written_book":4,"minecraft:light_blue_bed":1,"minecraft:enchanted_book":2},"minecraft:killed":{"minecraft:vex":1,"minecraft:vindicator":5,"minecraft:spider":4,"minecraft:skeleton":11,"minecraft:drowned":15,"minecraft:zombie_villager":1,"minecraft:creeper":1,"minecraft:pillager":5,"minecraft:zombie":17,"minecraft:cow":2},"minecraft:mined":{"minecraft:dark_oak_planks":20,"minecraft:spruce_planks":9,"minecraft:dark_oak_leaves":7,"minecraft:red_stained_glass":1,"minecraft:andesite_stairs":1,"minecraft:orange_stained_glass":2,"minecraft:dark_oak_log":38,"minecraft:grass_block":2,"minecraft:spruce_fence":2,"minecraft:yellow_carpet":1,"minecraft:decorated_pot":8,"minecraft:kelp":2,"minecraft:hay_block":12,"minecraft:large_fern":1,"minecraft:tall_seagrass":5,"minecraft:andesite":1,"minecraft:brown_bed":4,"minecraft:dark_oak_stairs":4,"minecraft:white_tulip":1,"minecraft:spruce_slab":1,"minecraft:scaffolding":1,"minecraft:red_bed":3,"minecraft:kelp_plant":3,"minecraft:cornflower":1,"minecraft:short_grass":9,"minecraft:chest":1,"minecraft:white_stained_glass_pane":3,"minecraft:tall_grass":4,"minecraft:cobblestone":12,"minecraft:wall_torch":6,"minecraft:amethyst_block":3,"minecraft:seagrass":3,"minecraft:spruce_stairs":3,"minecraft:light_blue_bed":1,"minecraft:birch_log":2,"minecraft:birch_door":1,"minecraft:stone_brick_stairs":1,"minecraft:oak_log":3,"minecraft:ochre_froglight":1,"minecraft:cobweb":16,"minecraft:stone_bricks":4,"minecraft:polished_andesite":3,"minecraft:oak_leaves":2}},"DataVersion":3953}