{"stats":{"minecraft:killed":{"minecraft:vindicator":5,"minecraft:skeleton":1,"minecraft:drowned":15,"minecraft:zombie_villager":1,"minecraft:creeper":1,"minecraft:pillager":2,"minecraft:zombie":3},"minecraft:used":{"minecraft:trident":33,"minecraft:writable_book":1,"minecraft:spruce_slab":1,"minecraft:spruce_planks":1,"minecraft:shield":5,"minecraft:iron_sword":42,"minecraft:cooked_salmon":1,"minecraft:rotten_flesh":6,"minecraft:iron_chestplate":1,"minecraft:torch":1,"minecraft:cod_bucket":1,"minecraft:birch_door":2,"minecraft:iron_axe":37,"minecraft:light_blue_bed":1,"minecraft:iron_boots":1,"minecraft:written_book":1,"minecraft:cobbled_deepslate":2,"minecraft:brown_bed":4,"minecraft:water_bucket":1,"minecraft:leather_leggings":1,"minecraft:crafting_table":1,"minecraft:dark_oak_door":1,"minecraft:bread":26,"minecraft:stone_axe":60,"minecraft:wooden_sword":34,"minecraft:cobblestone":1,"minecraft:bucket":2,"minecraft:splash_potion":1,"minecraft:experience_bottle":4},"minecraft:custom":{"minecraft:mob_kills":29,"minecraft:interact_with_crafting_table":15,"minecraft:open_barrel":64,"minecraft:bell_ring":11,"minecraft:leave_game":6,"minecraft:time_since_death":49,"minecraft:climb_one_cm":4579,"minecraft:sprint_one_cm":177083,"minecraft:walk_one_cm":331955,"minecraft:damage_blocked_by_shield":125,"minecraft:drop":70,"minecraft:damage_dealt_absorbed":7,"minecraft:talked_to_villager":1,"minecraft:play_time":143068,"minecraft:deaths":6,"minecraft:sneak_time":3154,"minecraft:walk_under_water_one_cm":88634,"minecraft:boat_one_cm":541487,"minecraft:interact_with_lectern":2,"minecraft:jump":859,"minecraft:walk_on_water_one_cm":72517,"minecraft:total_world_time":143068,"minecraft:interact_with_furnace":2,"minecraft:interact_with_cartography_table":1,"minecraft:sleep_in_bed":6,"minecraft:time_since_rest":216,"minecraft:damage_taken":2671,"minecraft:damage_dealt":6373,"minecraft:swim_one_cm":202654,"minecraft:fly_one_cm":120138,"minecraft:open_chest":26,"minecraft:crouch_one_cm":4152,"minecraft:fall_one_cm":18106},"minecraft:mined":{"minecraft:dark_oak_planks":17,"minecraft:spruce_planks":8,"minecraft:dark_oak_log":2,"minecraft:grass_block":1,"minecraft:spruce_fence":2,"minecraft:decorated_pot":5,"minecraft:kelp":2,"minecraft:large_fern":1,"minecraft:tall_seagrass":5,"minecraft:brown_bed":4,"minecraft:dark_oak_stairs":4,"minecraft:white_tulip":1,"minecraft:spruce_slab":1,"minecraft:kelp_plant":3,"minecraft:cornflower":1,"minecraft:short_grass":4,"minecraft:chest":1,"minecraft:white_stained_glass_pane":3,"minecraft:wall_torch":5,"minecraft:spruce_stairs":3,"minecraft:seagrass":3,"minecraft:light_blue_bed":1,"minecraft:birch_log":2,"minecraft:birch_door":1},"minecraft:killed_by":{"minecraft:drowned":3,"minecraft:guardian":1},"minecraft:picked_up":{"minecraft:fishing_rod":2,"minecraft:iron_chestplate":2,"minecraft:birch_door":2,"minecraft:crafting_table":2,"minecraft:flower_pot":1,"minecraft:prismarine_shard":8,"minecraft:brown_mushroom":1,"minecraft:brown_bed":5,"minecraft:enchanted_book":2,"minecraft:shield":1,"minecraft:cornflower":1,"minecraft:iron_axe":1,"minecraft:iron_leggings":1,"minecraft:experience_bottle":4,"minecraft:beetroot":5,"minecraft:cracked_stone_bricks":1,"minecraft:gold_nugget":10,"minecraft:cobbled_deepslate":35,"minecraft:spruce_planks":12,"minecraft:white_tulip":2,"minecraft:written_book":4,"minecraft:iron_pickaxe":1,"minecraft:poppy":2,"minecraft:spruce_slab":2,"minecraft:dark_oak_door":1,"minecraft:tipped_arrow":9,"minecraft:dark_oak_sapling":1,"minecraft:raw_iron":1,"minecraft:copper_ingot":12,"minecraft:torch":10,"minecraft:spruce_stairs":3,"minecraft:spruce_fence":3,"minecraft:recovery_compass":1,"minecraft:trident":1,"minecraft:carrot":43,"minecraft:light_blue_bed":2,"minecraft:dark_oak_planks":19,"minecraft:arrow":1,"minecraft:rotten_flesh":68,"minecraft:decorated_pot":4,"minecraft:gold_ingot":4,"minecraft:cod":2,"minecraft:cobblestone":4,"minecraft:heartbreak_pottery_sherd":1,"minecraft:birch_log":2,"minecraft:dark_oak_button":2,"minecraft:lilac":1,"minecraft:oxidized_copper":3,"minecraft:water_bucket":1,"minecraft:cut_sandstone":1,"minecraft:tuff":8,"minecraft:gunpowder":2,"minecraft:dirt":24,"minecraft:lantern":1,"minecraft:bone":4,"minecraft:stone_bricks":5,"minecraft:wheat_seeds":3,"minecraft:raw_gold":6,"minecraft:mossy_stone_bricks":2,"minecraft:iron_sword":1,"minecraft:dark_oak_stairs":7,"minecraft:dark_oak_slab":1,"minecraft:dandelion":1,"minecraft:gravel":4,"minecraft:ink_sac":3,"minecraft:lily_of_the_valley":1,"minecraft:dark_oak_log":3,"minecraft:spider_eye":1,"minecraft:dark_prismarine":3,"minecraft:firework_rocket":10,"minecraft:stone_axe":5,"minecraft:iron_helmet":1,"minecraft:bread":11,"minecraft:emerald":5,"minecraft:baked_potato":1},"minecraft:dropped":{"minecraft:enchanted_book":2,"minecraft:water_bucket":1,"minecraft:dark_oak_stairs":2,"minecraft:wheat_seeds":2,"minecraft:lilac":1,"minecraft:crafting_table":2,"minecraft:dark_oak_sapling":1,"minecraft:decorated_pot":4,"minecraft:cobblestone":1,"minecraft:cracked_stone_bricks":1,"minecraft:copper_ingot":3,"minecraft:pufferfish":3,"minecraft:dark_oak_log":1,"minecraft:ink_sac":7,"minecraft:wooden_axe":1,"minecraft:cut_sandstone":1,"minecraft:writable_book":1,"minecraft:gold_nugget":3,"minecraft:iron_axe":1,"minecraft:oxidized_copper":1,"minecraft:bone":3,"minecraft:gravel":2,"minecraft:stone_axe":1,"minecraft:cobbled_deepslate":14,"minecraft:tuff":6,"minecraft:wheat":1,"minecraft:raw_iron":1,"minecraft:rotten_flesh":8,"minecraft:spruce_fence":1,"minecraft:poppy":2,"minecraft:tipped_arrow":1,"minecraft:spruce_planks":1,"minecraft:iron_chestplate":1,"minecraft:brown_bed":1,"minecraft:spider_eye":1,"minecraft:stone_bricks":4,"minecraft:spruce_slab":1,"minecraft:nautilus_shell":2,"minecraft:dark_prismarine":3,"minecraft:heartbreak_pottery_sherd":1,"minecraft:written_book":3,"minecraft:light_blue_bed":1},"minecraft:crafted":{"minecraft:wooden_sword":1,"minecraft:crafting_table":1,"minecraft:iron_sword":1,"minecraft:birch_planks":16,"minecraft:bread":11,"minecraft:shield":1,"minecraft:stick":8,"minecraft:iron_pickaxe":1,"minecraft:wooden_axe":1}},"DataVersion":3953}