{"stats":{"minecraft:killed":{"minecraft:vindicator":4,"minecraft:pillager":1},"minecraft:used":{"minecraft:leather_leggings":1,"minecraft:writable_book":1,"minecraft:cooked_salmon":1,"minecraft:iron_chestplate":1,"minecraft:torch":1,"minecraft:cod_bucket":1,"minecraft:iron_axe":14,"minecraft:bread":13,"minecraft:light_blue_bed":1,"minecraft:stone_axe":3,"minecraft:wooden_sword":34,"minecraft:written_book":1,"minecraft:bucket":1,"minecraft:experience_bottle":4},"minecraft:custom":{"minecraft:interact_with_furnace":2,"minecraft:mob_kills":5,"minecraft:interact_with_cartography_table":1,"minecraft:interact_with_crafting_table":7,"minecraft:open_barrel":16,"minecraft:bell_ring":11,"minecraft:leave_game":6,"minecraft:time_since_death":65068,"minecraft:sleep_in_bed":3,"minecraft:climb_one_cm":3036,"minecraft:time_since_rest":3493,"minecraft:sprint_one_cm":97245,"minecraft:damage_taken":519,"minecraft:walk_one_cm":146634,"minecraft:drop":33,"minecraft:damage_dealt":1374,"minecraft:damage_dealt_absorbed":7,"minecraft:swim_one_cm":38821,"minecraft:talked_to_villager":1,"minecraft:fly_one_cm":58872,"minecraft:open_chest":11,"minecraft:crouch_one_cm":1320,"minecraft:play_time":65068,"minecraft:sneak_time":597,"minecraft:walk_under_water_one_cm":24001,"minecraft:boat_one_cm":232046,"minecraft:interact_with_lectern":2,"minecraft:jump":367,"minecraft:walk_on_water_one_cm":17759,"minecraft:total_world_time":65068,"minecraft:fall_one_cm":8638},"minecraft:mined":{"minecraft:dark_oak_planks":6,"minecraft:spruce_planks":5,"minecraft:spruce_fence":2,"minecraft:decorated_pot":5,"minecraft:white_stained_glass_pane":3,"minecraft:wall_torch":5,"minecraft:large_fern":1,"minecraft:spruce_stairs":1,"minecraft:light_blue_bed":1,"minecraft:birch_log":2,"minecraft:dark_oak_stairs":1,"minecraft:brown_bed":1},"minecraft:picked_up":{"minecraft:birch_log":2,"minecraft:iron_chestplate":1,"minecraft:lilac":1,"minecraft:water_bucket":1,"minecraft:brown_mushroom":1,"minecraft:brown_bed":2,"minecraft:enchanted_book":1,"minecraft:dirt":4,"minecraft:lantern":1,"minecraft:experience_bottle":4,"minecraft:beetroot":5,"minecraft:wheat_seeds":2,"minecraft:gold_nugget":7,"minecraft:spruce_planks":7,"minecraft:written_book":1,"minecraft:poppy":2,"minecraft:dark_oak_stairs":1,"minecraft:dark_oak_sapling":1,"minecraft:torch":8,"minecraft:spruce_stairs":1,"minecraft:spruce_fence":3,"minecraft:ink_sac":3,"minecraft:light_blue_bed":2,"minecraft:spider_eye":1,"minecraft:dark_oak_planks":6,"minecraft:firework_rocket":10,"minecraft:rotten_flesh":3,"minecraft:stone_axe":1,"minecraft:decorated_pot":4,"minecraft:gold_ingot":2,"minecraft:emerald":4,"minecraft:heartbreak_pottery_sherd":1},"minecraft:dropped":{"minecraft:water_bucket":1,"minecraft:enchanted_book":1,"minecraft:wheat_seeds":2,"minecraft:lilac":1,"minecraft:dark_oak_sapling":1,"minecraft:decorated_pot":4,"minecraft:rotten_flesh":3,"minecraft:spruce_fence":1,"minecraft:poppy":2,"minecraft:ink_sac":7,"minecraft:iron_chestplate":1,"minecraft:wooden_axe":1,"minecraft:brown_bed":1,"minecraft:writable_book":1,"minecraft:spider_eye":1,"minecraft:nautilus_shell":2,"minecraft:heartbreak_pottery_sherd":1,"minecraft:written_book":1,"minecraft:light_blue_bed":1},"minecraft:crafted":{"minecraft:wooden_sword":1,"minecraft:birch_planks":16,"minecraft:stick":4,"minecraft:wooden_axe":1}},"DataVersion":3953}