{
  "type": "minecraft:command",
  "pools": [
    {
      "rolls": 1,
      "entries": [
        {
          "type": "minecraft:loot_table",
          "value": "dke:dragonslayer_sword",
          "conditions": [
            {
              "condition": "minecraft:inverted",
              "term": {
                "condition": "minecraft:entity_properties",
                "entity": "this",
                "predicate": {
                  "nbt": "{Inventory:[{components:{\"minecraft:custom_data\":{dke.item:1b}}}]}"
                }
              }
            }
          ]
        },
        {
          "type": "minecraft:loot_table",
          "value": "dke:dragonsinew_crossbow",
          "conditions": [
            {
              "condition": "minecraft:inverted",
              "term": {
                "condition": "minecraft:entity_properties",
                "entity": "this",
                "predicate": {
                  "nbt": "{Inventory:[{components:{\"minecraft:custom_data\":{dke.item:2b}}}]}"
                }
              }
            }
          ]
        },
        {
          "type": "minecraft:loot_table",
          "value": "dke:dragontooth_pickaxe",
          "conditions": [
            {
              "condition": "minecraft:inverted",
              "term": {
                "condition": "minecraft:entity_properties",
                "entity": "this",
                "predicate": {
                  "nbt": "{Inventory:[{components:{\"minecraft:custom_data\":{dke.item:3b}}}]}"
                }
              }
            }
          ]
        },
        {
          "type": "minecraft:loot_table",
          "value": "dke:dragonhide_curaiss",
          "conditions": [
            {
              "condition": "minecraft:inverted",
              "term": {
                "condition": "minecraft:entity_properties",
                "entity": "this",
                "predicate": {
                  "nbt": "{Inventory:[{id:\"minecraft:iron_chestplate\",components:{\"minecraft:custom_data\":{dke.item:4b}}}]}"
                }
              }
            }
          ]
        },
        {
          "type": "minecraft:loot_table",
          "value": "dke:dragonhide_greaves",
          "conditions": [
            {
              "condition": "minecraft:inverted",
              "term": {
                "condition": "minecraft:entity_properties",
                "entity": "this",
                "predicate": {
                  "nbt": "{Inventory:[{id:\"minecraft:iron_leggings\",components:{\"minecraft:custom_data\":{dke.item:4b}}}]}"
                }
              }
            }
          ]
        },
        {
          "type": "minecraft:loot_table",
          "value": "dke:dragonhide_helmet",
          "conditions": [
            {
              "condition": "minecraft:inverted",
              "term": {
                "condition": "minecraft:entity_properties",
                "entity": "this",
                "predicate": {
                  "nbt": "{Inventory:[{id:\"minecraft:iron_helmet\",components:{\"minecraft:custom_data\":{dke.item:4b}}}]}"
                }
              }
            }
          ]
        },
        {
          "type": "minecraft:loot_table",
          "value": "dke:dragonhide_sabatons",
          "conditions": [
            {
              "condition": "minecraft:inverted",
              "term": {
                "condition": "minecraft:entity_properties",
                "entity": "this",
                "predicate": {
                  "nbt": "{Inventory:[{id:\"minecraft:iron_boots\",components:{\"minecraft:custom_data\":{dke.item:4b}}}]}"
                }
              }
            }
          ]
        },
        {
          "type": "minecraft:loot_table",
          "value": "dke:dragonskull_shield",
          "conditions": [
            {
              "condition": "minecraft:inverted",
              "term": {
                "condition": "minecraft:entity_properties",
                "entity": "this",
                "predicate": {
                  "nbt": "{Inventory:[{components:{\"minecraft:custom_data\":{dke.item:5b}}}]}"
                }
              }
            }
          ]
        },
        {
          "type": "minecraft:loot_table",
          "value": "dke:dragonscale_wings",
          "conditions": [
            {
              "condition": "minecraft:inverted",
              "term": {
                "condition": "minecraft:entity_properties",
                "entity": "this",
                "predicate": {
                  "nbt": "{Inventory:[{components:{\"minecraft:custom_data\":{dke.item:6b}}}]}"
                }
              }
            }
          ]
        },
        {
          "type": "minecraft:loot_table",
          "value": "dke:draconic_scepter",
          "conditions": [
            {
              "condition": "minecraft:inverted",
              "term": {
                "condition": "minecraft:entity_properties",
                "entity": "this",
                "predicate": {
                  "nbt": "{Inventory:[{components:{\"minecraft:custom_data\":{dke.item:7b}}}]}"
                }
              }
            }
          ]
        },
        {
          "type": "minecraft:loot_table",
          "value": "dke:dragon_eyes",
          "conditions": [
            {
              "condition": "minecraft:inverted",
              "term": {
                "condition": "minecraft:entity_properties",
                "entity": "this",
                "predicate": {
                  "nbt": "{Inventory:[{components:{\"minecraft:custom_data\":{dke.item:8b}}}]}"
                }
              }
            }
          ]
        },
        {
          "type": "minecraft:loot_table",
          "value": "dke:dragonheart_anchor",
          "conditions": [
            {
              "condition": "minecraft:inverted",
              "term": {
                "condition": "minecraft:entity_properties",
                "entity": "this",
                "predicate": {
                  "nbt": "{Inventory:[{components:{\"minecraft:custom_data\":{dke.item:9b}}}]}"
                }
              }
            }
          ]
        }
      ]
    },
    {
      "rolls": 1,
      "entries": [
        {
          "type": "minecraft:item",
          "name": "minecraft:book",
          "functions": [
            {
              "function": "minecraft:enchant_randomly",
              "options": [
                "dke:altitude",
                "dke:dragonbane",
                "dke:dragonhearted",
                "dke:dragonhearted",
                "dke:dragonsight",
                "dke:dragonyield",
                "dke:exhalation",
                "dke:kickback",
                "dke:pillaring",
                "dke:voidwalk"
              ]
            }
          ]
        }
      ],
      "conditions": [
        {
          "condition": "minecraft:entity_properties",
          "entity": "this",
          "predicate": {
            "nbt": "{Inventory:[{components:{\"minecraft:custom_data\":{dke.item:1b}}},{components:{\"minecraft:custom_data\":{dke.item:2b}}},{components:{\"minecraft:custom_data\":{dke.item:3b}}},{id:\"minecraft:iron_helmet\",components:{\"minecraft:custom_data\":{dke.item:4b}}},{id:\"minecraft:iron_chestplate\",components:{\"minecraft:custom_data\":{dke.item:4b}}},{id:\"minecraft:iron_leggings\",components:{\"minecraft:custom_data\":{dke.item:4b}}},{id:\"minecraft:iron_boots\",components:{\"minecraft:custom_data\":{dke.item:4b}}},{components:{\"minecraft:custom_data\":{dke.item:5b}}},{components:{\"minecraft:custom_data\":{dke.item:6b}}},{components:{\"minecraft:custom_data\":{dke.item:7b}}},{components:{\"minecraft:custom_data\":{dke.item:8b}}}]}"
          }
        }
      ]
    }
  ]
}
