{
  "pools": [
    {
      "rolls": 1,
      "entries": [
        {
          "type": "minecraft:item",
          "name": "minecraft:polar_bear_spawn_egg",
          "functions": [
            {
              "function": "minecraft:set_custom_model_data",
              "value": 8603000
            },
            {
              "function": "minecraft:set_custom_data",
              "tag": "{dke.item:9b}"
            },
            {
              "function": "minecraft:set_components",
              "components": {
                "minecraft:entity_data": {
                  "id": "minecraft:marker",
                  "Tags" :[
                    "dke.anchor_marker",
                    "dke.entity",
                    "dke.entity.technical",
                    "smithed.entity",
                    "smithed.strict"
                  ]
                }
              }
            },
            {
              "function": "minecraft:set_name",
              "name": {
                "text": "Dragonheart Anchor",
                "color": "dark_purple",
                "italic": false
              }
            }
          ]
        }
      ]
    }
  ]
}
