{
  "pools": [
    {
      "rolls": 1,
      "entries": [
        {
          "type": "minecraft:item",
          "name": "minecraft:stone_sword",
          "functions": [
            {
              "function": "minecraft:set_custom_model_data",
              "value": 8603000
            },
            {
              "function": "minecraft:set_custom_data",
              "tag": "{dke.item:1b}"
            },
            {
              "function": "minecraft:set_name",
              "name": {
                "text": "Dragonslayer Sword",
                "color": "dark_purple",
                "italic": false
              }
            },
            {
              "function": "minecraft:set_attributes",
              "modifiers": [
                {
                  "id": "dke:damage_sword",
                  "attribute": "minecraft:generic.attack_damage",
                  "amount": 15,
                  "operation": "add_value",
                  "slot": "mainhand"
                },
                {
                  "id": "dke:speed_sword",
                  "attribute": "minecraft:generic.attack_speed",
                  "amount": 1.8,
                  "operation": "add_multiplied_base",
                  "slot": "mainhand"
                }
              ]
            },
            {
              "function": "minecraft:set_components",
              "components": {
                "minecraft:enchantments": {
                  "levels": {
                    "dke:deterioration_curse": 1,
                    "dke:wingspan": 5,
                    "dke:dragonbane": 4,
                    "minecraft:looting": 3
                  },
                  "show_in_tooltip": true
                }
              }
            }
          ]
        }
      ]
    }
  ]
}
