{
  "pools": [
    {
      "rolls": 1,
      "entries": [
        {
          "type": "minecraft:item",
          "name": "minecraft:iron_boots",
          "functions": [
            {
              "function": "minecraft:set_custom_model_data",
              "value": 8603000
            },
            {
              "function": "minecraft:set_custom_data",
              "tag": "{dke.item:4b}"
            },
            {
              "function": "minecraft:set_name",
              "name": {
                "text": "Dragonhide Sabatons",
                "color": "dark_purple",
                "italic": false
              }
            },
            {
              "function": "minecraft:set_attributes",
              "modifiers": [
                {
                  "id": "dke:armor_feet",
                  "attribute": "minecraft:generic.armor",
                  "amount": 2,
                  "operation": "add_value",
                  "slot": "feet"
                }
              ]
            },
            {
              "function": "minecraft:set_components",
              "components": {
                "minecraft:enchantments": {
                  "levels": {
                    "dke:deterioration_curse": 1,
                    "dke:dragonyield": 1,
                    "dke:dragonhearted": 2,
                    "dke:voidwalk": 1,
                    "minecraft:feather_falling": 4
                  },
                  "show_in_tooltip": true
                },
                "minecraft:trim": {
                  "material": "minecraft:netherite",
                  "pattern": "minecraft:silence",
                  "show_in_tooltip": false
                }
              }
            }
          ]
        }
      ]
    }
  ]
}
