{
  "pools": [
    {
      "rolls": 1,
      "entries": [
        {
          "type": "minecraft:item",
          "name": "minecraft:warped_fungus_on_a_stick",
          "functions": [
            {
              "function": "minecraft:set_custom_model_data",
              "value": 8603001
            },
            {
              "function": "minecraft:set_custom_data",
              "tag": "{dke.item:8b}"
            },
            {
              "function": "minecraft:set_name",
              "name": {
                "text": "Dragon Eyes",
                "color": "dark_purple",
                "italic": false
              }
            },
            {
              "function": "minecraft:set_components",
              "components": {
                "minecraft:enchantments": {
                  "levels": {
                    "dke:deterioration_curse": 1,
                    "dke:dragon_lungs": 3,
                    "dke:dragonsight": 1,
                    "minecraft:unbreaking": 10
                  },
                  "show_in_tooltip": true
                }
              }
            }
          ]
        }
      ]
    }
  ]
}
