{
  "pools": [
    {
      "rolls": 1,
      "entries": [
        {
          "type": "minecraft:item",
          "name": "minecraft:diamond_pickaxe",
          "functions": [
            {
              "function": "minecraft:set_custom_model_data",
              "value": 8603000
            },
            {
              "function": "minecraft:set_custom_data",
              "tag": "{dke.item:3b}"
            },
            {
              "function": "minecraft:set_name",
              "name": {
                "text": "Dragontooth Pickaxe",
                "color": "dark_purple",
                "italic": false
              }
            },
            {
              "function": "minecraft:set_components",
              "components": {
                "minecraft:enchantments": {
                  "levels": {
                    "dke:deterioration_curse": 1,
                    "dke:pillaring": 3,
                    "dke:dragonbane": 2,
                    "minecraft:fortune": 4
                  },
                  "show_in_tooltip": true
                },
                "minecraft:tool": {
                  "rules": [
                    {
                      "blocks": "#minecraft:needs_diamond_tool",
                      "speed": 64,
                      "correct_for_drops": true
                    },
                    {
                      "blocks": "#minecraft:mineable/pickaxe",
                      "speed": 8,
                      "correct_for_drops": true
                    }
                  ],
                  "default_mining_speed": 6,
                  "damage_per_block": 1
                }
              }
            }
          ]
        }
      ]
    }
  ]
}
