{
  "pools": [
    {
      "rolls": 1,
      "entries": [
        {
          "type": "minecraft:item",
          "name": "minecraft:shield",
          "functions": [
            {
              "function": "minecraft:set_custom_model_data",
              "value": 8603000
            },
            {
              "function": "minecraft:set_custom_data",
              "tag": "{dke.item:5b}"
            },
            {
              "function": "minecraft:set_name",
              "name": {
                "text": "Dragonskull Shield",
                "color": "dark_purple",
                "italic": false
              }
            },
            {
              "function": "minecraft:set_components",
              "components": {
                "minecraft:enchantments": {
                  "levels": {
                    "dke:deterioration_curse": 1,
                    "dke:clear_skies": 1,
                    "dke:kickback": 1
                  },
                  "show_in_tooltip": true
                }
              }
            }
          ]
        }
      ]
    }
  ]
}
