{
	"pools": [
	  {
		"rolls": 5,
		"entries": [
		  {
			"type": "minecraft:item",
			"name": "minecraft:cobweb",
			"weight": 20
		  },
		  {
			"type": "minecraft:item",
			"name": "minecraft:paper",
			"weight": 20,
			"functions": [
			  {
				"function": "minecraft:set_count",
				"count": {
				  "min": 1,
				  "max": 10
				}
			  }
			]
		  },
		  {
			"type": "minecraft:item",
			"name": "minecraft:book",
			"weight": 5,
			"functions": [
			  {
				"function": "minecraft:set_count",
				"count": {
				  "min": 1,
				  "max": 5
				}
			  }
			]
		  },
		  {
			"type": "minecraft:item",
			"name": "minecraft:writable_book",
			"weight": 1
		  }
		]
	  },
	  {
		"rolls": 2,
		"entries": [
		  {
			"type": "minecraft:item",
			"name": "minecraft:feather",
			"weight": 10,
			"functions": [
			  {
				"function": "minecraft:set_count",
				"count": {
				  "min": 1,
				  "max": 5
				}
			  }
			]
		  },
		  {
			"type": "minecraft:loot_table",
			"value": "forsaken:junk/potion",
			"weight": 1
		  }
		]
	  }
	]
  }
  