{
    "name": "nmr:graveyard/gate",
    "fallback": "minecraft:empty",
    "elements": [{
        "weight": 1,
        "element": {
            "element_type": "minecraft:empty_pool_element"
        }
    },{
        "weight": 3,
        "element": {
            "location": "nmr:graveyard/gate/gate_01",
            "processors": "minecraft:empty",
            "projection": "rigid",
            "element_type": "minecraft:single_pool_element"
        }
    },{
        "weight": 3,
        "element": {
            "location": "nmr:graveyard/gate/gate_02",
            "processors": "minecraft:empty",
            "projection": "rigid",
            "element_type": "minecraft:single_pool_element"
        }
    }]
}