{
    "name": "nmr:graveyard/grave",
    "fallback": "minecraft:empty",
    "elements": [{
        "weight": 1,
        "element": {
            "element_type": "minecraft:empty_pool_element"
        }
    },{
        "weight": 1,
        "element": {
            "location": "nmr:graveyard/grave/grave_01",
            "processors": "minecraft:empty",
            "projection": "rigid",
            "element_type": "minecraft:single_pool_element"
        }
    },{
        "weight": 1,
        "element": {
            "location": "nmr:graveyard/grave/grave_02",
            "processors": "minecraft:empty",
            "projection": "rigid",
            "element_type": "minecraft:single_pool_element"
        }
    },{
        "weight": 1,
        "element": {
            "location": "nmr:graveyard/grave/grave_03",
            "processors": "minecraft:empty",
            "projection": "rigid",
            "element_type": "minecraft:single_pool_element"
        }
    },{
        "weight": 1,
        "element": {
            "location": "nmr:graveyard/grave/grave_04",
            "processors": "minecraft:empty",
            "projection": "rigid",
            "element_type": "minecraft:single_pool_element"
        }
    },{
        "weight": 1,
        "element": {
            "location": "nmr:graveyard/grave/grave_05",
            "processors": "minecraft:empty",
            "projection": "rigid",
            "element_type": "minecraft:single_pool_element"
        }
    },{
        "weight": 1,
        "element": {
            "location": "nmr:graveyard/grave/grave_06",
            "processors": "minecraft:empty",
            "projection": "rigid",
            "element_type": "minecraft:single_pool_element"
        }
    },{
        "weight": 1,
        "element": {
            "location": "nmr:graveyard/grave/grave_07",
            "processors": "minecraft:empty",
            "projection": "rigid",
            "element_type": "minecraft:single_pool_element"
        }
    },{
        "weight": 1,
        "element": {
            "location": "nmr:graveyard/grave/grave_08",
            "processors": "minecraft:empty",
            "projection": "rigid",
            "element_type": "minecraft:single_pool_element"
        }
    },{
        "weight": 1,
        "element": {
            "location": "nmr:graveyard/grave/grave_09",
            "processors": "minecraft:empty",
            "projection": "rigid",
            "element_type": "minecraft:single_pool_element"
        }
    },{
        "weight": 1,
        "element": {
            "location": "nmr:graveyard/grave/grave_10",
            "processors": "minecraft:empty",
            "projection": "rigid",
            "element_type": "minecraft:single_pool_element"
        }
    }]
}