  [
    {
      "condition": "minecraft:any_of",
      "terms": [
        {
          "condition": "minecraft:entity_properties",
          "entity": "this",
          "predicate": {
            "vehicle": {
              "nbt": "{Tags:[\"nmr_headmob_base\"]}"
            }
          }
        },
        {
          "condition": "minecraft:entity_properties",
          "entity": "this",
          "predicate": {
            "vehicle": {
              "nbt": "{Tags:[\"nmr_penguin_head\"]}"
            }
          }
        },
        {
          "condition": "minecraft:entity_properties",
          "entity": "this",
          "predicate": {
            "vehicle": {
              "nbt": "{Tags:[\"nmr_celestial_watcher\"]}"
            }
          }
        },
        {
          "condition": "minecraft:entity_properties",
          "entity": "this",
          "predicate": {
            "vehicle": {
              "nbt": "{Tags:[\"nmr_celestial_watcher_head\"]}"
            }
          }
        },
        {
          "condition": "minecraft:entity_properties",
          "entity": "this",
          "predicate": {
            "vehicle": {
              "nbt": "{Tags:[\"nmr_celestial_watcher_sides\"]}"
            }
          }
        },
        {
          "condition": "minecraft:entity_properties",
          "entity": "this",
          "predicate": {
            "vehicle": {
              "type": "elder_guardian",
              "nbt": "{Tags:[\"nmr_marker_set\"]}"
            }
          }
        },
        {
          "condition": "minecraft:entity_properties",
          "entity": "this",
          "predicate": {
            "vehicle": {
              "type": "vex",
              "nbt": "{Tags:[\"nmr_amemasu\"]}"
            }
          }
        }
      ]
    }
  ]
  