[
    {
      "condition": "minecraft:any_of",
      "terms": [
        {
          "condition": "minecraft:entity_properties",
          "entity": "this",
          "predicate": {
            "vehicle": {
              "nbt": "{Tags:[\"nmr_nitwit_set\"]}"
            }
          }
        },
        {
          "condition": "minecraft:entity_properties",
          "entity": "this",
          "predicate": {
            "vehicle": {
              "nbt": "{Tags:[\"nmr_nitwit_interaction\"]}"
            }
          }
        },
        {
          "condition": "minecraft:entity_properties",
          "entity": "this",
          "predicate": {
            "vehicle": {
              "nbt": "{Tags:[\"nmr_nitwit_goal_display\"]}"
            }
          }
        }
      ]
    }
  ]
  