[
  {
    "condition": "minecraft:any_of",
    "terms": [
      {
        "condition": "minecraft:entity_properties",
        "entity": "this",
        "predicate": {
          "vehicle": {
            "type": "text_display",
            "nbt": "{Tags:[\"nmr_health_display\"]}"
          }
        }
      },
      {
        "condition": "minecraft:entity_properties",
        "entity": "this",
        "predicate": {
          "vehicle": {
            "type": "#nmr:has_rarity_display",
            "nbt": "{Tags:[\"nmr_has_display\"]}"
          }
        }
      }
    ]
  }
]
