{
	"type": "minecraft:tree",
	"config": {
		"ignore_vines": true,
		"force_dirt": false,
		"minimum_size": {
			"type": "minecraft:two_layers_feature_size",
			"limit": 1,
			"lower_size": 0,
			"upper_size": 1
		},
		"dirt_provider": {
			"type": "minecraft:simple_state_provider",
			"state": {
				"Name": "minecraft:mud"
			}
		},
		"trunk_provider": {
			"type": "minecraft:weighted_state_provider",
			"entries": [
			  {
				"weight": 100,
				"data": {
				  "Name": "minecraft:obsidian"
				}
			  },
			  {
				"weight": 10,
				"data": {
				  "Name": "minecraft:crying_obsidian"
				}
			  }
			]
		  },
		"foliage_provider": {
			"type": "minecraft:simple_state_provider",
			"state": {
				"Name": "minecraft:air",
				"Properties": {
					"distance": "7",
					"persistent": "true",
					"waterlogged": "false"
				}
			}
		},
		"trunk_placer": {
			"type": "minecraft:giant_trunk_placer",
			"base_height": 3,
			"height_rand_a": 1,
			"height_rand_b": 10
		},
		"foliage_placer": {
			"type": "minecraft:fancy_foliage_placer",
			"radius": 0,
			"offset": 0,
			"height": 0
		},
		"decorators": [
			{
				"type": "minecraft:trunk_vine"
			},
			{
				"type": "minecraft:leave_vine",
				"probability": 0.2
			}
		]
	}
}
