{
    "type": "minecraft:flower",
    "config": {
      "tries": 96,
      "xz_spread": 7,
      "y_spread": 3,
      "feature": {
        "feature": {
          "type": "minecraft:simple_block",
          "config": {
            "to_place": {
              "type": "minecraft:weighted_state_provider",
              "entries": [
                {
                  "weight": 1,
                  "data": {
                    "Name": "minecraft:dead_brain_coral",
                    "Properties": {
                      "waterlogged": "false"
                    }
                  }
                },
                {
                  "weight": 1,
                  "data": {
                    "Name": "minecraft:dead_brain_coral_fan",
                    "Properties": {
                      "waterlogged": "false"
                    }
                  }
                },
                {
                  "weight": 1,
                  "data": {
                    "Name": "minecraft:dead_bubble_coral",
                    "Properties": {
                      "waterlogged": "false"
                    }
                  }
                },
                {
                  "weight": 1,
                  "data": {
                    "Name": "minecraft:dead_bubble_coral_fan",
                    "Properties": {
                      "waterlogged": "false"
                    }
                  }
                },
                {
                  "weight": 1,
                  "data": {
                    "Name": "minecraft:dead_fire_coral",
                    "Properties": {
                      "waterlogged": "false"
                    }
                  }
                },
                {
                  "weight": 1,
                  "data": {
                    "Name": "minecraft:dead_fire_coral_fan",
                    "Properties": {
                      "waterlogged": "false"
                    }
                  }
                },
                {
                  "weight": 1,
                  "data": {
                    "Name": "minecraft:dead_horn_coral",
                    "Properties": {
                      "waterlogged": "false"
                    }
                  }
                },
                {
                  "weight": 1,
                  "data": {
                    "Name": "minecraft:dead_horn_coral_fan",
                    "Properties": {
                      "waterlogged": "false"
                    }
                  }
                },
                {
                  "weight": 1,
                  "data": {
                    "Name": "minecraft:dead_tube_coral",
                    "Properties": {
                      "waterlogged": "false"
                    }
                  }
                },
                {
                  "weight": 1,
                  "data": {
                    "Name": "minecraft:dead_tube_coral_fan",
                    "Properties": {
                      "waterlogged": "false"
                    }
                  }
                },
                {
                  "weight": 25,
                  "data": {
                    "Name": "minecraft:warped_fungus"
                  }
                },
                {
                  "weight": 25,
                  "data": {
                    "Name": "minecraft:warped_roots"
                  }
                },
                {
                  "weight": 25,
                  "data": {
                    "Name": "minecraft:twisting_vines_plant"
                  }
                }
              ]
            }
          }
        },
        "placement": [
          {
            "type": "minecraft:block_predicate_filter",
            "predicate": {
              "type": "minecraft:matching_blocks",
              "blocks": "minecraft:air"
            }
          }
        ]
      }
    }
  }
  