{
    "type": "minecraft:tree",
    "config": {
      "ignore_vines": true,
      "force_dirt": false,
      "minimum_size": {
        "type": "minecraft:two_layers_feature_size",
        "limit": 1,
        "lower_size": 0,
        "upper_size": 1
      },
      "dirt_provider": {
        "type": "minecraft:weighted_state_provider",
        "entries": [
          {
            "weight": 1,
            "data": {
              "Name": "minecraft:mud"
            }
          },
          {
            "weight": 1,
            "data": {
              "Name": "minecraft:sculk"
            }
          }
        ]
      },
      "trunk_provider": {
        "type": "minecraft:simple_state_provider",
        "state": {
          "Name": "minecraft:warped_stem",
          "Properties": {}
        }
      },
      "foliage_provider": {
        "type": "minecraft:simple_state_provider",
        "state": {
          "Name": "minecraft:dark_oak_leaves",
          "Properties": {
            "distance": "7",
            "persistent": "true",
            "waterlogged": "false"
          }
        }
      },
      "trunk_placer": {
        "type": "minecraft:straight_trunk_placer",
        "base_height": 5,
        "height_rand_a": 2,
        "height_rand_b": 0
      },
      "foliage_placer": {
        "type": "minecraft:blob_foliage_placer",
        "radius": 2,
        "offset": 0,
        "height": 3
      },
      "decorators": [
        {
          "type": "minecraft:trunk_vine"
        }
      ]
    }
  }
  