{
    "type": "minecraft:tree",
    "config": {
      "ignore_vines": false,
      "force_dirt": false,
      "minimum_size": {
        "type": "minecraft:two_layers_feature_size",
        "limit": 0,
        "lower_size": 0,
        "upper_size": 0
      },
      "dirt_provider": {
        "type": "minecraft:simple_state_provider",
        "state": {
          "Name": "minecraft:mud"
        }
      },
      "trunk_provider": {
        "type": "minecraft:simple_state_provider",
        "state": {
          "Name": "minecraft:crying_obsidian",
          "Properties": {}
        }
      },
      "foliage_provider": {
        "type": "minecraft:simple_state_provider",
        "state": {
          "Name": "minecraft:dark_oak_leaves",
          "Properties": {
            "distance": "7",
            "persistent": "true",
            "waterlogged": "false"
          }
        }
      },
      "trunk_placer": {
        "type": "minecraft:straight_trunk_placer",
        "base_height": 1,
        "height_rand_a": 0,
        "height_rand_b": 0
      },
      "foliage_placer": {
        "type": "minecraft:bush_foliage_placer",
        "radius": 2,
        "offset": 1,
        "height": 2
      },
      "decorators": []
    }
  }
  