{
    "type": "minecraft:random_patch",
    "config": {
      "tries": 32,
      "xz_spread": 7,
      "y_spread": 3,
      "feature": {
        "feature": {
          "type": "minecraft:simple_block",
          "config": {
            "to_place": {
              "type": "minecraft:weighted_state_provider",
              "entries": [
                {
                  "weight": 6,
                  "data": {
                    "Name": "minecraft:short_grass"
                  }
                },
                {
                  "weight": 3,
                  "data": {
                    "Name": "minecraft:fern"
                  }
                },
                {
                    "weight": 1,
                    "data": {
                      "Name": "minecraft:tall_grass"
                    }
                  },
                  {
                    "weight": 1,
                    "data": {
                      "Name": "minecraft:large_fern"
                    }
                  }
              ]
            }
          }
        },
        "placement": [
          {
            "type": "minecraft:block_predicate_filter",
            "predicate": {
              "type": "minecraft:all_of",
              "predicates": [
                {
                  "type": "minecraft:matching_blocks",
                  "offset": [
                    0,
                    -1,
                    0
                  ],
                  "blocks": "minecraft:mud"
                },
                {
                  "type": "minecraft:matching_blocks",
                  "offset": [
                    0,
                    1,
                    0
                  ],
                  "blocks": "minecraft:air"
                },
                {
                  "type": "minecraft:matching_blocks",
                  "offset": [
                    0,
                    0,
                    0
                  ],
                  "blocks": "minecraft:air"
                }
              ]
            }
          }
        ]
      }
    }
  }
  