{
    "type": "minecraft:block_pile",
    "config": {
      "state_provider": {
        "type": "minecraft:weighted_state_provider",
        "entries": [
          {
            "weight": 100,
            "data": {
              "Name": "minecraft:light",
              "Properties": {
                "waterlogged": "false",
                "level": "2"
              }
            }
          },
          {
            "weight": 50,
            "data": {
              "Name": "minecraft:light",
              "Properties": {
                "level": "3",
                "waterlogged": "false"
              }
            }
          },
          {
            "weight": 30,
            "data": {
              "Name": "minecraft:light",
              "Properties": {
                "level": "4",
                "waterlogged": "false"
              }
            }
          },
          {
            "weight": 20,
            "data": {
              "Name": "minecraft:light",
              "Properties": {
                "level": "5",
                "waterlogged": "false"
              }
            }
          }
        ]
      }
    }
  }
  