{
    "type": "minecraft:block_pile",
    "config": {
      "state_provider": {
        "type": "minecraft:weighted_state_provider",
        "entries": [
          {
            "weight": 150,
            "data": {
              "Name": "minecraft:deepslate",
              "Properties": {
                "axis": "y"
              }
            }
          },
          {
            "weight": 15,
            "data": {
              "Name": "minecraft:deepslate_coal_ore"
            }
          },
          {
            "weight": 15,
            "data": {
              "Name": "minecraft:deepslate_copper_ore"
            }
          },
          {
            "weight": 2,
            "data": {
              "Name": "minecraft:deepslate_diamond_ore"
            }
          },
          {
            "weight": 5,
            "data": {
              "Name": "minecraft:deepslate_emerald_ore"
            }
          },
          {
            "weight": 10,
            "data": {
              "Name": "minecraft:deepslate_gold_ore"
            }
          },
          {
            "weight": 15,
            "data": {
              "Name": "minecraft:deepslate_iron_ore"
            }
          },
          {
            "weight": 10,
            "data": {
              "Name": "minecraft:deepslate_lapis_ore"
            }
          },
          {
            "weight": 10,
            "data": {
              "Name": "minecraft:deepslate_redstone_ore",
              "Properties": {
                "lit": "true"
              }
            }
          }
        ]
      }
    }
  }
  