{
	"type": "minecraft:block_pile",
	"config": {
		"state_provider": {
			"type": "minecraft:weighted_state_provider",
			"entries": [
				{
					"weight": 4,
					"data": {
						"Name": "minecraft:dead_brain_coral_block"
					}
				},
                {
					"weight": 2,
					"data": {
						"Name": "minecraft:dead_bubble_coral_block"
					}
				},
                {
					"weight": 2,
					"data": {
						"Name": "minecraft:dead_fire_coral_block"
					}
				},
                {
					"weight": 2,
					"data": {
						"Name": "minecraft:dead_horn_coral_block"
					}
				},
                {
					"weight": 2,
					"data": {
						"Name": "minecraft:dead_tube_coral_block"
					}
				},
                {
					"weight": 1,
					"data": {
						"Name": "minecraft:cobweb"
					}
				}
			]
		}
	}
}
