{
  "type": "minecraft:tree",
  "config": {
    "ignore_vines": true,
    "force_dirt": false,
    "minimum_size": {
      "type": "minecraft:two_layers_feature_size",
      "limit": 1,
      "lower_size": 0,
      "upper_size": 2
    },
    "dirt_provider": {
      "type": "minecraft:simple_state_provider",
      "state": {
        "Name": "minecraft:mud"
      }
    },
    "trunk_provider": {
      "type": "minecraft:simple_state_provider",
      "state": {
        "Name": "minecraft:basalt",
        "Properties": {
          "axis": "y"
        }
      }
    },
    "foliage_provider": {
      "type": "minecraft:simple_state_provider",
      "state": {
        "Name": "minecraft:dark_oak_leaves",
        "Properties": {
          "distance": "7",
          "persistent": "true",
          "waterlogged": "false"
        }
      }
    },
    "trunk_placer": {
      "type": "minecraft:cherry_trunk_placer",
      "base_height": 7,
      "height_rand_a": 1,
      "height_rand_b": 0,
      "branch_count": {
        "type": "minecraft:weighted_list",
        "distribution": [
          {
            "weight": 1,
            "data": 1
          },
          {
            "weight": 1,
            "data": 2
          },
          {
            "weight": 1,
            "data": 3
          }
        ]
      },
      "branch_horizontal_length": {
        "type": "minecraft:uniform",
        "min_inclusive": 2,
        "max_inclusive": 4
      },
      "branch_start_offset_from_top": {
        "min_inclusive": -4,
        "max_inclusive": -3
      },
      "branch_end_offset_from_top": {
        "type": "minecraft:uniform",
        "min_inclusive": -1,
        "max_inclusive": 0
      }
    },
    "foliage_placer": {
      "type": "minecraft:cherry_foliage_placer",
      "radius": 4,
      "offset": 0,
      "height": 5,
      "wide_bottom_layer_hole_chance": 0.25,
      "corner_hole_chance": 0.25,
      "hanging_leaves_chance": 0.16666667,
      "hanging_leaves_extension_chance": 0.33333334
    },
    "decorators": [
      {
        "type": "minecraft:trunk_vine"
      }
    ]
  }
}
