{
    "type": "minecraft:huge_brown_mushroom",
    "config": {
      "cap_provider": {
        "type": "minecraft:simple_state_provider",
        "state": {
          "Name": "minecraft:sculk",
          "Properties": {}
        }
      },
      "stem_provider": {
        "type": "minecraft:simple_state_provider",
        "state": {
          "Name": "minecraft:basalt",
          "Properties": {
            "axis": "y"
          }
        }
      },
      "foliage_radius": 3
    }
  }
  