{
    "type": "minecraft:random_patch",
    "config": {
      "tries": 128,
      "xz_spread": 8,
      "y_spread": 5,
      "feature": {
        "feature": {
          "type": "minecraft:block_column",
          "config": {
            "direction": "up",
            "allowed_placement": {
              "type": "minecraft:true"
            },
            "prioritize_tip": false,
            "layers": [
              {
                "height": 0,
                "provider": {
                  "type": "minecraft:simple_state_provider",
                  "state": {
                    "Name": "minecraft:soul_soil"
                  }
                }
              },
              {
                "height": 1,
                "provider": {
                  "type": "minecraft:simple_state_provider",
                  "state": {
                    "Name": "minecraft:soul_fire"
                  }
                }
              }
            ]
          }
        },
        "placement": [
          {
            "type": "minecraft:block_predicate_filter",
            "predicate": {
              "type": "minecraft:all_of",
              "predicates": [
                {
                  "type": "minecraft:matching_blocks",
                  "blocks": "minecraft:air"
                },
                {
                  "type": "minecraft:matching_blocks",
                  "offset": [
                    0,
                    -1,
                    0
                  ],
                  "blocks": "minecraft:mud"
                }
              ]
            }
          }
        ]
      }
    }
  }
  