{
    "fallback": "minecraft:empty",
    "elements": [
        {
            "weight": 2,
            "element": {
                "location": "forsaken:homes/decoration/bricks/velux/1",
                "processors": "forsaken:homes/bricks",
                "projection": "rigid",
                "element_type": "minecraft:single_pool_element"
            }
        },
        {
            "weight": 1,
            "element": {
                "projection": "rigid",
                "element_type": "minecraft:empty_pool_element"
            }
        }
    ]
}