{
    "fallback": "minecraft:empty",
    "elements": [
        {
            "weight": 150,
            "element": {
                "projection": "rigid",
                "element_type": "minecraft:empty_pool_element"
            }
        },
        {
            "weight": 1,
            "element": {
                "location": "forsaken:homes/decoration/snowy/f/1",
                "processors": "forsaken:homes/decoration/snowy",
                "projection": "rigid",
                "element_type": "minecraft:single_pool_element"
            }
        },
        {
            "weight": 1,
            "element": {
                "location": "forsaken:homes/decoration/snowy/f/2",
                "processors": "forsaken:homes/decoration/snowy",
                "projection": "rigid",
                "element_type": "minecraft:single_pool_element"
            }
        },
        {
            "weight": 1,
            "element": {
                "location": "forsaken:homes/decoration/snowy/f/3",
                "processors": "forsaken:homes/decoration/snowy",
                "projection": "rigid",
                "element_type": "minecraft:single_pool_element"
            }
        },
        {
            "weight": 1,
            "element": {
                "location": "forsaken:homes/decoration/snowy/f/4",
                "processors": "forsaken:homes/decoration/snowy",
                "projection": "rigid",
                "element_type": "minecraft:single_pool_element"
            }
        },
        {
            "weight": 1,
            "element": {
                "location": "forsaken:homes/decoration/snowy/f/5",
                "processors": "forsaken:homes/decoration/snowy",
                "projection": "rigid",
                "element_type": "minecraft:single_pool_element"
            }
        },
        {
            "weight": 1,
            "element": {
                "location": "forsaken:homes/decoration/snowy/f/6",
                "processors": "forsaken:homes/decoration/snowy",
                "projection": "rigid",
                "element_type": "minecraft:single_pool_element"
            }
        },
        {
            "weight": 1,
            "element": {
                "location": "forsaken:homes/decoration/snowy/f/7",
                "processors": "forsaken:homes/decoration/snowy",
                "projection": "rigid",
                "element_type": "minecraft:single_pool_element"
            }
        }
    ]
}