{
  "minecraft:recipes/decorations/crafting_table": {
    "criteria": {
      "unlock_right_away": "2024-08-07 13:56:47 +0000"
    },
    "done": true
  },
  "ethrium:root": {
    "criteria": {
      "tick": "2024-08-07 13:56:47 +0000"
    },
    "done": true
  },
  "nmr:progression/root": {
    "criteria": {
      "requirement": "2024-08-07 13:56:47 +0000"
    },
    "done": true
  },
  "blazeandcave:biomes/one_with_the_forest": {
    "criteria": {
      "old_growth_birch_forest": "2024-08-07 13:58:39 +0000",
      "old_growth_pine_taiga": "2024-08-07 13:56:48 +0000",
      "dark_forest": "2024-08-07 13:59:03 +0000"
    },
    "done": false
  },
  "blazeandcave:challenges/explorer_of_worlds": {
    "criteria": {
      "old_growth_birch_forest": "2024-08-07 13:58:39 +0000",
      "lukewarm_ocean": "2024-08-09 17:41:20 +0000",
      "ocean": "2024-08-09 17:39:35 +0000",
      "dark_forest": "2024-08-07 13:59:03 +0000",
      "old_growth_pine_taiga": "2024-08-07 13:56:48 +0000",
      "beach": "2024-08-09 17:27:00 +0000",
      "deep_lukewarm_ocean": "2024-08-09 18:27:23 +0000",
      "river": "2024-08-09 17:24:10 +0000",
      "deep_ocean": "2024-08-09 18:27:44 +0000"
    },
    "done": false
  },
  "blazeandcave:bacap/root": {
    "criteria": {
      "location": "2024-08-07 13:56:48 +0000"
    },
    "done": true
  },
  "nmr:technical/setup_player_bossbar": {
    "criteria": {
      "requirement": "2024-08-07 13:56:48 +0000"
    },
    "done": true
  },
  "minecraft:adventure/adventuring_time": {
    "criteria": {
      "lukewarm_ocean": "2024-08-09 17:41:20 +0000",
      "ocean": "2024-08-09 17:39:35 +0000",
      "dark_forest": "2024-08-07 13:59:03 +0000",
      "beach": "2024-08-09 17:27:00 +0000",
      "birch_forest": "2024-08-07 13:58:39 +0000",
      "river": "2024-08-09 17:24:10 +0000",
      "old_growth_taiga": "2024-08-07 13:56:48 +0000"
    },
    "done": false
  },
  "blazeandcave:bacap/advancement_legend": {
    "criteria": {
      "diamonds": "2024-08-09 18:42:36 +0000",
      "benchmarking": "2024-08-09 16:47:00 +0000",
      "living_like_kings": "2024-08-09 17:58:06 +0000",
      "bacap_root": "2024-08-07 13:56:49 +0000",
      "deep_slate_nine": "2024-08-09 18:48:01 +0000",
      "smokin_hot": "2024-08-09 17:22:34 +0000",
      "meet_the_flintstones": "2024-08-09 17:22:07 +0000",
      "mining_root": "2024-08-09 17:17:31 +0000",
      "unbreakable": "2024-08-09 18:23:09 +0000",
      "weaponry_root": "2024-08-09 16:47:26 +0000",
      "suit_up": "2024-08-09 17:33:18 +0000",
      "tarzan": "2024-08-09 16:43:05 +0000",
      "marine_marauder": "2024-08-09 18:46:40 +0000",
      "time_to_chop": "2024-08-09 17:17:57 +0000",
      "not_today_thank_you": "2024-08-09 18:30:39 +0000",
      "spooky_skeleton": "2024-08-09 17:05:03 +0000",
      "ultra_hardcore": "2024-08-09 18:01:05 +0000",
      "viking": "2024-08-09 17:19:37 +0000",
      "the_statue_of_liberty": "2024-08-09 18:48:12 +0000",
      "a_watery_grave": "2024-08-09 16:48:50 +0000",
      "bake_bread": "2024-08-09 16:48:06 +0000",
      "monsters_root": "2024-08-09 16:47:26 +0000",
      "torched": "2024-08-09 17:14:34 +0000",
      "fireworks_display": "2024-08-09 17:55:14 +0000",
      "ew_ew_ew": "2024-08-09 17:26:42 +0000",
      "adventure_root": "2024-08-09 16:44:30 +0000",
      "stone_age": "2024-08-09 17:17:38 +0000",
      "aww_it_broke": "2024-08-09 18:21:16 +0000",
      "kilometre_walk": "2024-08-09 17:59:32 +0000",
      "cut_in_half": "2024-08-09 17:48:33 +0000",
      "stationary_storage": "2024-08-09 18:40:44 +0000",
      "getting_wood": "2024-08-07 13:56:57 +0000",
      "tridented_shield": "2024-08-09 18:52:57 +0000",
      "good_lookin_treasure": "2024-08-09 18:42:37 +0000",
      "isnt_it_iron_pick": "2024-08-09 18:58:51 +0000",
      "just_keep_swimming": "2024-08-07 13:59:01 +0000",
      "gold_rush": "2024-08-09 17:41:44 +0000",
      "spring_in_your_step": "2024-08-09 18:04:01 +0000",
      "scuba_gear": "2024-08-09 18:42:34 +0000",
      "youll_never_take_me_alive_copper": "2024-08-09 17:15:30 +0000",
      "blast_shield": "2024-08-09 18:29:51 +0000",
      "getting_an_upgrade": "2024-08-09 17:28:41 +0000",
      "boatception": "2024-08-09 18:06:59 +0000",
      "time_to_strike": "2024-08-09 16:47:26 +0000",
      "dead_dont_die": "2024-08-09 16:44:30 +0000",
      "acquire_hardware": "2024-08-09 17:22:08 +0000",
      "barrel_rider": "2024-08-09 18:43:16 +0000",
      "x_bow": "2024-08-09 18:01:54 +0000",
      "iron_belly": "2024-08-09 16:46:53 +0000",
      "luxury_cruise": "2024-08-09 17:59:51 +0000",
      "hot_topic": "2024-08-09 17:31:35 +0000",
      "fossil_fuel": "2024-08-09 18:03:04 +0000",
      "in_a_pickle": "2024-08-09 18:26:41 +0000",
      "the_first_night": "2024-08-09 16:49:42 +0000",
      "sir_knight": "2024-08-09 18:10:46 +0000",
      "what_a_creep": "2024-08-09 18:30:32 +0000",
      "because_im_aquaman": "2024-08-09 17:15:30 +0000",
      "building_root": "2024-08-09 16:47:00 +0000",
      "sweet_dreams": "2024-08-09 16:49:32 +0000",
      "heart_of_darkness": "2024-08-09 17:05:57 +0000",
      "just_a_sample": "2024-08-09 17:55:40 +0000",
      "ladder_climbers_inc": "2024-08-09 17:19:36 +0000",
      "write_your_thoughts": "2024-08-09 17:20:55 +0000",
      "change_of_sheets": "2024-08-09 18:02:01 +0000",
      "the_sea_calls_you": "2024-08-09 17:39:36 +0000",
      "death_pointer": "2024-08-09 17:19:55 +0000",
      "animal_root": "2024-08-09 16:46:53 +0000",
      "pot_planter": "2024-08-09 18:44:48 +0000",
      "for_you_my_sweet": "2024-08-09 16:47:29 +0000",
      "an_amazing_story": "2024-08-09 17:20:55 +0000",
      "pushed_around": "2024-08-09 18:22:14 +0000",
      "boaty_mcboatface": "2024-08-09 17:39:28 +0000",
      "shield_luck": "2024-08-09 18:11:29 +0000",
      "not_chicken_mcnuggets": "2024-08-09 18:57:16 +0000",
      "monster_hunter": "2024-08-09 16:44:30 +0000",
      "statistics_root": "2024-08-09 16:49:43 +0000",
      "time_to_mine": "2024-08-09 17:17:31 +0000",
      "riot_shield": "2024-08-09 18:11:29 +0000",
      "like_a_cat": "2024-08-09 18:17:46 +0000",
      "sneaky_snitch": "2024-08-09 17:29:27 +0000",
      "biomes_root": "2024-08-09 16:44:30 +0000",
      "en_garde": "2024-08-09 18:38:34 +0000",
      "ooh_baby": "2024-08-09 18:54:49 +0000",
      "your_door_was_locked": "2024-08-09 17:48:00 +0000",
      "ahoy": "2024-08-09 18:04:36 +0000",
      "dolphin_dasher": "2024-08-09 18:43:12 +0000",
      "stairs_no": "2024-08-09 17:34:44 +0000"
    },
    "done": false
  },
  "blazeandcave:building/spruce_lee": {
    "criteria": {
      "spruce_stairs": "2024-08-09 17:34:44 +0000",
      "spruce_slab": "2024-08-09 18:12:50 +0000",
      "spruce_planks": "2024-08-09 16:46:41 +0000",
      "spruce_fence": "2024-08-09 18:00:02 +0000",
      "spruce_log": "2024-08-07 13:56:56 +0000"
    },
    "done": false
  },
  "blazeandcave:challenges/all_the_blocks": {
    "criteria": {
      "prismarine": "2024-08-09 18:48:25 +0000",
      "birch_door": "2024-08-09 17:48:00 +0000",
      "mossy_stone_bricks": "2024-08-09 18:57:07 +0000",
      "furnace": "2024-08-09 17:31:34 +0000",
      "spruce_slab": "2024-08-09 18:12:50 +0000",
      "chiseled_sandstone": "2024-08-09 17:48:31 +0000",
      "horn_coral_block": "2024-08-09 17:55:39 +0000",
      "hay_block": "2024-08-09 17:25:09 +0000",
      "mossy_cobblestone": "2024-08-09 17:29:20 +0000",
      "pink_tulip": "2024-08-09 16:47:31 +0000",
      "white_bed": "2024-08-09 16:49:04 +0000",
      "dark_oak_stairs": "2024-08-09 17:59:55 +0000",
      "sandstone_stairs": "2024-08-09 17:48:31 +0000",
      "smoker": "2024-08-09 17:22:34 +0000",
      "prismarine_bricks": "2024-08-09 18:22:46 +0000",
      "sandstone_slab": "2024-08-09 17:48:32 +0000",
      "spruce_planks": "2024-08-09 16:46:41 +0000",
      "cobbled_deepslate": "2024-08-09 18:56:39 +0000",
      "sea_pickle": "2024-08-09 18:26:40 +0000",
      "dark_oak_sapling": "2024-08-09 17:29:38 +0000",
      "chest": "2024-08-09 18:40:41 +0000",
      "dark_oak_planks": "2024-08-09 17:20:27 +0000",
      "dirt": "2024-08-09 17:05:05 +0000",
      "allium": "2024-08-09 17:34:47 +0000",
      "dark_oak_button": "2024-08-09 18:40:21 +0000",
      "gravel": "2024-08-09 18:56:36 +0000",
      "light_blue_bed": "2024-08-09 18:06:47 +0000",
      "dark_oak_door": "2024-08-09 18:47:31 +0000",
      "tuff": "2024-08-09 18:58:13 +0000",
      "decorated_pot": "2024-08-09 17:22:15 +0000",
      "dark_oak_log": "2024-08-09 18:18:48 +0000",
      "dead_horn_coral_block": "2024-08-09 17:55:46 +0000",
      "poppy": "2024-08-09 16:47:28 +0000",
      "prismarine_stairs": "2024-08-09 18:24:18 +0000",
      "oxidized_copper": "2024-08-09 18:48:11 +0000",
      "stone_bricks": "2024-08-09 18:56:43 +0000",
      "sandstone": "2024-08-09 17:48:24 +0000",
      "cracked_stone_bricks": "2024-08-09 18:56:45 +0000",
      "cut_sandstone": "2024-08-09 18:23:44 +0000",
      "lilac": "2024-08-09 16:47:28 +0000",
      "lectern": "2024-08-09 17:34:42 +0000",
      "cobblestone": "2024-08-09 17:17:37 +0000",
      "lily_of_the_valley": "2024-08-09 18:42:36 +0000",
      "dark_oak_slab": "2024-08-09 18:09:49 +0000",
      "spruce_fence": "2024-08-09 18:00:02 +0000",
      "spruce_log": "2024-08-07 13:56:56 +0000",
      "birch_log": "2024-08-09 17:16:18 +0000",
      "spruce_stairs": "2024-08-09 17:34:44 +0000",
      "white_wool": "2024-08-09 16:48:14 +0000",
      "barrel": "2024-08-09 18:42:55 +0000",
      "birch_planks": "2024-08-09 17:17:23 +0000",
      "crafting_table": "2024-08-09 16:47:00 +0000",
      "flower_pot": "2024-08-09 17:34:47 +0000",
      "torch": "2024-08-09 16:47:53 +0000",
      "lantern": "2024-08-09 17:35:02 +0000",
      "brown_bed": "2024-08-09 18:02:00 +0000",
      "dark_prismarine": "2024-08-09 18:56:34 +0000",
      "ladder": "2024-08-09 18:02:00 +0000",
      "red_mushroom": "2024-08-09 17:27:25 +0000"
    },
    "done": false
  },
  "minecraft:recipes/building_blocks/spruce_wood": {
    "criteria": {
      "has_log": "2024-08-07 13:56:56 +0000"
    },
    "done": true
  },
  "minecraft:recipes/building_blocks/spruce_planks": {
    "criteria": {
      "has_logs": "2024-08-07 13:56:56 +0000"
    },
    "done": true
  },
  "blazeandcave:building/yay_i_got_my_wood": {
    "criteria": {
      "dark_oak_log": "2024-08-09 18:18:48 +0000",
      "spruce_log": "2024-08-07 13:56:56 +0000",
      "birch_log": "2024-08-09 17:16:18 +0000"
    },
    "done": false
  },
  "minecraft:recipes/misc/charcoal": {
    "criteria": {
      "has_log": "2024-08-07 13:56:56 +0000"
    },
    "done": true
  },
  "blazeandcave:bacap/getting_wood": {
    "criteria": {
      "spruce_log": "2024-08-07 13:56:56 +0000"
    },
    "done": true
  },
  "minecraft:recipes/transportation/cherry_boat": {
    "criteria": {
      "in_water": "2024-08-07 13:59:00 +0000"
    },
    "done": true
  },
  "minecraft:recipes/transportation/bamboo_raft": {
    "criteria": {
      "in_water": "2024-08-07 13:59:00 +0000"
    },
    "done": true
  },
  "minecraft:recipes/transportation/spruce_boat": {
    "criteria": {
      "in_water": "2024-08-07 13:59:00 +0000"
    },
    "done": true
  },
  "minecraft:recipes/transportation/birch_boat": {
    "criteria": {
      "in_water": "2024-08-07 13:59:00 +0000"
    },
    "done": true
  },
  "minecraft:recipes/transportation/oak_boat": {
    "criteria": {
      "in_water": "2024-08-07 13:59:00 +0000"
    },
    "done": true
  },
  "minecraft:recipes/transportation/mangrove_boat": {
    "criteria": {
      "in_water": "2024-08-07 13:59:00 +0000"
    },
    "done": true
  },
  "blazeandcave:biomes/just_keep_swimming": {
    "criteria": {
      "enter_water": "2024-08-07 13:59:00 +0000"
    },
    "done": true
  },
  "blazeandcave:technical/fail_dragon_vs": {
    "criteria": {
      "enter_water": "2024-08-07 13:59:00 +0000"
    },
    "done": true
  },
  "minecraft:recipes/transportation/acacia_boat": {
    "criteria": {
      "in_water": "2024-08-07 13:59:00 +0000"
    },
    "done": true
  },
  "minecraft:recipes/transportation/jungle_boat": {
    "criteria": {
      "in_water": "2024-08-07 13:59:00 +0000"
    },
    "done": true
  },
  "minecraft:recipes/transportation/dark_oak_boat": {
    "criteria": {
      "in_water": "2024-08-07 13:59:00 +0000"
    },
    "done": true
  },
  "blazeandcave:bacap/biomes_milestone": {
    "criteria": {
      "for_you_my_sweet": "2024-08-09 16:47:29 +0000",
      "pushed_around": "2024-08-09 18:22:14 +0000",
      "in_a_pickle": "2024-08-09 18:26:41 +0000",
      "boaty_mcboatface": "2024-08-09 17:39:28 +0000",
      "kilometre_walk": "2024-08-09 17:59:32 +0000",
      "just_keep_swimming": "2024-08-07 13:59:01 +0000",
      "root": "2024-08-09 16:44:30 +0000",
      "just_a_sample": "2024-08-09 17:55:40 +0000",
      "tarzan": "2024-08-09 16:43:05 +0000",
      "the_sea_calls_you": "2024-08-09 17:39:36 +0000",
      "ahoy": "2024-08-09 18:04:36 +0000",
      "dolphin_dasher": "2024-08-09 18:43:12 +0000",
      "boatception": "2024-08-09 18:06:59 +0000"
    },
    "done": false
  },
  "nova_structures:adventure/find_all_illager_structures": {
    "criteria": {
      "tavern_dark_oak": "2024-08-07 13:59:04 +0000"
    },
    "done": false
  },
  "nova_structures:root": {
    "criteria": {
      "nova_structures:adventure/find_tavern": "2024-08-07 13:59:04 +0000"
    },
    "done": true
  },
  "nova_structures:adventure/find_tavern": {
    "criteria": {
      "nova_structures:tavern_dark_oak": "2024-08-07 13:59:04 +0000"
    },
    "done": true
  },
  "blazeandcave:biomes/tarzan": {
    "criteria": {
      "enter_vine": "2024-08-09 16:43:05 +0000"
    },
    "done": true
  },
  "minecraft:adventure/kill_all_mobs": {
    "criteria": {
      "minecraft:pillager": "2024-08-09 16:47:47 +0000",
      "minecraft:skeleton": "2024-08-09 17:05:02 +0000",
      "minecraft:vindicator": "2024-08-09 18:01:23 +0000",
      "minecraft:spider": "2024-08-09 17:26:41 +0000",
      "minecraft:zombie": "2024-08-09 16:44:30 +0000",
      "minecraft:creeper": "2024-08-09 18:30:31 +0000",
      "minecraft:drowned": "2024-08-09 16:48:50 +0000"
    },
    "done": false
  },
  "blazeandcave:biomes/root": {
    "criteria": {
      "killed_something": "2024-08-09 16:44:30 +0000"
    },
    "done": true
  },
  "blazeandcave:monsters/dead_dont_die": {
    "criteria": {
      "zombie": "2024-08-09 16:44:30 +0000"
    },
    "done": true
  },
  "blazeandcave:challenges/all_the_items": {
    "criteria": {
      "water_bucket": "2024-08-09 17:58:00 +0000",
      "raw_iron": "2024-08-09 17:28:50 +0000",
      "crossbow": "2024-08-09 18:01:53 +0000",
      "arrow": "2024-08-09 17:05:02 +0000",
      "iron_chestplate": "2024-08-09 17:33:16 +0000",
      "baked_potato": "2024-08-09 18:42:38 +0000",
      "iron_axe": "2024-08-09 17:31:25 +0000",
      "recovery_compass": "2024-08-09 17:19:54 +0000",
      "gold_ingot": "2024-08-09 17:41:44 +0000",
      "iron_sword": "2024-08-09 17:55:19 +0000",
      "splash_potion": "2024-08-09 17:57:54 +0000",
      "firework_rocket": "2024-08-09 17:55:13 +0000",
      "iron_nugget": "2024-08-09 18:57:15 +0000",
      "written_book": "2024-08-09 17:20:55 +0000",
      "stick": "2024-08-09 16:47:03 +0000",
      "enchanted_book": "2024-08-09 17:21:35 +0000",
      "wheat_seeds": "2024-08-09 17:05:16 +0000",
      "golden_leggings": "2024-08-09 17:57:54 +0000",
      "coast_armor_trim": "2024-08-09 18:42:36 +0000",
      "echo_shard": "2024-08-09 17:19:54 +0000",
      "wooden_sword": "2024-08-09 16:47:25 +0000",
      "pufferfish_bucket": "2024-08-09 17:41:42 +0000",
      "gunpowder": "2024-08-09 18:03:11 +0000",
      "bucket": "2024-08-09 17:48:06 +0000",
      "birch_boat": "2024-08-09 17:39:01 +0000",
      "writable_book": "2024-08-09 17:20:55 +0000",
      "flint": "2024-08-09 17:22:06 +0000",
      "coal": "2024-08-09 18:03:03 +0000",
      "leather_helmet": "2024-08-09 16:47:53 +0000",
      "nautilus_shell": "2024-08-09 17:59:50 +0000",
      "stone_axe": "2024-08-09 17:17:56 +0000",
      "emerald": "2024-08-09 17:21:34 +0000",
      "shield": "2024-08-09 18:10:45 +0000",
      "copper_ingot": "2024-08-09 17:15:29 +0000",
      "string": "2024-08-09 17:26:41 +0000",
      "dark_oak_boat": "2024-08-09 18:34:33 +0000",
      "bow": "2024-08-09 17:26:44 +0000",
      "tropical_fish": "2024-08-09 17:41:45 +0000",
      "iron_ingot": "2024-08-09 17:22:07 +0000",
      "spider_eye": "2024-08-09 17:33:47 +0000",
      "tipped_arrow": "2024-08-09 19:03:00 +0000",
      "iron_boots": "2024-08-09 18:10:53 +0000",
      "paper": "2024-08-09 18:38:27 +0000",
      "potato": "2024-08-09 18:38:28 +0000",
      "iron_pickaxe": "2024-08-09 18:58:50 +0000",
      "wheat": "2024-08-09 17:22:11 +0000",
      "brick": "2024-08-09 17:23:18 +0000",
      "stone_pickaxe": "2024-08-09 17:28:40 +0000",
      "iron_helmet": "2024-08-09 18:00:07 +0000",
      "fishing_rod": "2024-08-09 18:23:08 +0000",
      "potion": "2024-08-09 17:25:06 +0000",
      "bread": "2024-08-09 16:48:05 +0000",
      "golden_apple": "2024-08-09 17:56:25 +0000",
      "ominous_bottle": "2024-08-09 18:42:37 +0000",
      "trident": "2024-08-09 17:15:29 +0000",
      "gold_nugget": "2024-08-09 18:42:35 +0000",
      "rotten_flesh": "2024-08-09 16:44:30 +0000",
      "wooden_pickaxe": "2024-08-09 17:17:30 +0000",
      "bone": "2024-08-09 17:05:02 +0000",
      "prismarine_shard": "2024-08-09 17:54:41 +0000",
      "beetroot": "2024-08-09 17:23:17 +0000",
      "diamond": "2024-08-09 18:42:35 +0000",
      "charcoal": "2024-08-09 17:22:24 +0000",
      "carrot": "2024-08-09 17:22:15 +0000"
    },
    "done": false
  },
  "blazeandcave:monsters/night_runner": {
    "criteria": {
      "skeleton": "2024-08-09 17:05:02 +0000",
      "zombie": "2024-08-09 16:44:30 +0000",
      "drowned": "2024-08-09 16:48:50 +0000",
      "spider": "2024-08-09 17:26:41 +0000",
      "creeper": "2024-08-09 18:30:31 +0000"
    },
    "done": false
  },
  "blazeandcave:bacap/monsters_milestone": {
    "criteria": {
      "dead_dont_die": "2024-08-09 16:44:30 +0000",
      "a_watery_grave": "2024-08-09 16:48:50 +0000",
      "iron_belly": "2024-08-09 16:46:53 +0000",
      "because_im_aquaman": "2024-08-09 17:15:30 +0000",
      "what_a_creep": "2024-08-09 18:30:32 +0000",
      "monster_hunter": "2024-08-09 16:44:30 +0000",
      "ew_ew_ew": "2024-08-09 17:26:42 +0000",
      "tridented_shield": "2024-08-09 18:52:57 +0000",
      "root": "2024-08-09 16:47:26 +0000",
      "ooh_baby": "2024-08-09 18:54:49 +0000",
      "not_today_thank_you": "2024-08-09 18:30:39 +0000",
      "blast_shield": "2024-08-09 18:29:51 +0000",
      "spooky_skeleton": "2024-08-09 17:05:03 +0000"
    },
    "done": false
  },
  "minecraft:adventure/root": {
    "criteria": {
      "killed_something": "2024-08-09 16:44:30 +0000"
    },
    "done": true
  },
  "blazeandcave:bacap/adventure_milestone": {
    "criteria": {
      "good_lookin_treasure": "2024-08-09 18:42:37 +0000",
      "root": "2024-08-09 16:44:30 +0000",
      "riot_shield": "2024-08-09 18:11:29 +0000"
    },
    "done": false
  },
  "minecraft:adventure/kill_a_mob": {
    "criteria": {
      "monster_hunter": "2024-08-09 16:44:30 +0000"
    },
    "done": true
  },
  "minecraft:recipes/decorations/spruce_sign": {
    "criteria": {
      "has_planks": "2024-08-09 16:46:41 +0000"
    },
    "done": true
  },
  "minecraft:recipes/misc/stick": {
    "criteria": {
      "has_planks": "2024-08-09 16:46:41 +0000"
    },
    "done": true
  },
  "minecraft:recipes/decorations/spruce_fence": {
    "criteria": {
      "has_planks": "2024-08-09 16:46:41 +0000"
    },
    "done": true
  },
  "minecraft:recipes/building_blocks/spruce_slab": {
    "criteria": {
      "has_planks": "2024-08-09 16:46:41 +0000"
    },
    "done": true
  },
  "minecraft:recipes/redstone/spruce_button": {
    "criteria": {
      "has_planks": "2024-08-09 16:46:41 +0000"
    },
    "done": true
  },
  "minecraft:recipes/redstone/spruce_pressure_plate": {
    "criteria": {
      "has_planks": "2024-08-09 16:46:41 +0000"
    },
    "done": true
  },
  "minecraft:recipes/redstone/spruce_trapdoor": {
    "criteria": {
      "has_planks": "2024-08-09 16:46:41 +0000"
    },
    "done": true
  },
  "minecraft:recipes/redstone/spruce_door": {
    "criteria": {
      "has_planks": "2024-08-09 16:46:41 +0000"
    },
    "done": true
  },
  "minecraft:recipes/redstone/spruce_fence_gate": {
    "criteria": {
      "has_planks": "2024-08-09 16:46:41 +0000"
    },
    "done": true
  },
  "minecraft:recipes/decorations/barrel": {
    "criteria": {
      "has_planks": "2024-08-09 16:46:41 +0000"
    },
    "done": true
  },
  "minecraft:recipes/building_blocks/spruce_stairs": {
    "criteria": {
      "has_planks": "2024-08-09 16:46:41 +0000"
    },
    "done": true
  },
  "minecraft:husbandry/root": {
    "criteria": {
      "consumed_item": "2024-08-09 16:46:52 +0000"
    },
    "done": true
  },
  "blazeandcave:monsters/iron_belly": {
    "criteria": {
      "rotten_flesh": "2024-08-09 16:46:52 +0000"
    },
    "done": true
  },
  "blazeandcave:farming/meat_lovers": {
    "criteria": {
      "rotten_flesh": "2024-08-09 16:46:52 +0000"
    },
    "done": false
  },
  "minecraft:husbandry/balanced_diet": {
    "criteria": {
      "bread": "2024-08-09 16:48:25 +0000",
      "golden_apple": "2024-08-09 18:01:04 +0000",
      "rotten_flesh": "2024-08-09 16:46:52 +0000"
    },
    "done": false
  },
  "blazeandcave:potion/a_much_more_doable_challenge": {
    "criteria": {
      "poison": "2024-08-09 17:48:06 +0000",
      "glowing": "2024-08-09 18:11:53 +0000",
      "regeneration": "2024-08-09 18:01:04 +0000",
      "absorption": "2024-08-09 18:01:04 +0000",
      "water_breathing": "2024-08-09 18:43:11 +0000",
      "fire_resistance": "2024-08-09 18:01:34 +0000",
      "slowness": "2024-08-09 18:16:40 +0000",
      "dolphins_grace": "2024-08-09 18:43:11 +0000",
      "resistance": "2024-08-09 18:16:40 +0000",
      "hunger": "2024-08-09 16:46:52 +0000"
    },
    "done": false
  },
  "blazeandcave:bacap/animal_milestone": {
    "criteria": {
      "root": "2024-08-09 16:46:53 +0000"
    },
    "done": false
  },
  "blazeandcave:technical/bacap_branch_end": {
    "criteria": {
      "crafting_table": "2024-08-09 16:47:00 +0000"
    },
    "done": true
  },
  "blazeandcave:building/root": {
    "criteria": {
      "crafting_table": "2024-08-09 16:47:00 +0000"
    },
    "done": true
  },
  "blazeandcave:bacap/building_milestone": {
    "criteria": {
      "cut_in_half": "2024-08-09 17:48:33 +0000",
      "stationary_storage": "2024-08-09 18:40:44 +0000",
      "barrel_rider": "2024-08-09 18:43:16 +0000",
      "pot_planter": "2024-08-09 18:44:48 +0000",
      "sweet_dreams": "2024-08-09 16:49:32 +0000",
      "root": "2024-08-09 16:47:00 +0000",
      "ladder_climbers_inc": "2024-08-09 17:19:36 +0000",
      "torched": "2024-08-09 17:14:34 +0000",
      "en_garde": "2024-08-09 18:38:34 +0000",
      "change_of_sheets": "2024-08-09 18:02:01 +0000",
      "your_door_was_locked": "2024-08-09 17:48:00 +0000",
      "stairs_no": "2024-08-09 17:34:44 +0000"
    },
    "done": false
  },
  "minecraft:story/root": {
    "criteria": {
      "crafting_table": "2024-08-09 16:47:00 +0000"
    },
    "done": true
  },
  "minecraft:recipes/decorations/ladder": {
    "criteria": {
      "has_stick": "2024-08-09 16:47:03 +0000"
    },
    "done": true
  },
  "minecraft:recipes/tools/wooden_axe": {
    "criteria": {
      "has_stick": "2024-08-09 16:47:03 +0000"
    },
    "done": true
  },
  "minecraft:recipes/decorations/campfire": {
    "criteria": {
      "has_stick": "2024-08-09 16:47:03 +0000"
    },
    "done": true
  },
  "minecraft:recipes/tools/wooden_hoe": {
    "criteria": {
      "has_stick": "2024-08-09 16:47:03 +0000"
    },
    "done": true
  },
  "minecraft:recipes/tools/wooden_pickaxe": {
    "criteria": {
      "has_stick": "2024-08-09 16:47:03 +0000"
    },
    "done": true
  },
  "minecraft:recipes/tools/wooden_shovel": {
    "criteria": {
      "has_stick": "2024-08-09 16:47:03 +0000"
    },
    "done": true
  },
  "minecraft:recipes/combat/wooden_sword": {
    "criteria": {
      "has_stick": "2024-08-09 16:47:03 +0000"
    },
    "done": true
  },
  "blazeandcave:weaponry/root": {
    "criteria": {
      "sword": "2024-08-09 16:47:25 +0000"
    },
    "done": true
  },
  "blazeandcave:challenges/stack_all_the_items": {
    "criteria": {
      "water_bucket": "2024-08-09 17:58:00 +0000",
      "shield": "2024-08-09 18:10:45 +0000",
      "dark_oak_boat": "2024-08-09 18:34:33 +0000",
      "crossbow": "2024-08-09 18:01:53 +0000",
      "iron_chestplate": "2024-08-09 17:33:16 +0000",
      "bow": "2024-08-09 17:26:44 +0000",
      "iron_axe": "2024-08-09 17:31:25 +0000",
      "iron_boots": "2024-08-09 18:10:53 +0000",
      "iron_sword": "2024-08-09 17:55:19 +0000",
      "splash_potion": "2024-08-09 17:57:54 +0000",
      "iron_pickaxe": "2024-08-09 18:58:50 +0000",
      "wheat": "2024-08-09 17:30:23 +0000",
      "stone_pickaxe": "2024-08-09 17:28:40 +0000",
      "iron_helmet": "2024-08-09 18:00:07 +0000",
      "enchanted_book": "2024-08-09 17:21:35 +0000",
      "golden_leggings": "2024-08-09 17:57:54 +0000",
      "fishing_rod": "2024-08-09 18:23:08 +0000",
      "potion": "2024-08-09 17:25:06 +0000",
      "trident": "2024-08-09 17:15:29 +0000",
      "wooden_pickaxe": "2024-08-09 17:17:30 +0000",
      "wooden_sword": "2024-08-09 16:47:25 +0000",
      "pufferfish_bucket": "2024-08-09 17:41:42 +0000",
      "birch_boat": "2024-08-09 17:39:01 +0000",
      "writable_book": "2024-08-09 17:20:55 +0000",
      "leather_helmet": "2024-08-09 16:47:53 +0000",
      "stone_axe": "2024-08-09 17:17:56 +0000"
    },
    "done": false
  },
  "blazeandcave:bacap/time_to_strike": {
    "criteria": {
      "wooden_sword": "2024-08-09 16:47:25 +0000"
    },
    "done": true
  },
  "blazeandcave:monsters/root": {
    "criteria": {
      "sword": "2024-08-09 16:47:25 +0000"
    },
    "done": true
  },
  "blazeandcave:bacap/weaponry_milestone": {
    "criteria": {
      "x_bow": "2024-08-09 18:01:54 +0000",
      "root": "2024-08-09 16:47:26 +0000",
      "shield_luck": "2024-08-09 18:11:29 +0000",
      "sir_knight": "2024-08-09 18:10:46 +0000",
      "fireworks_display": "2024-08-09 17:55:14 +0000",
      "viking": "2024-08-09 17:19:37 +0000"
    },
    "done": false
  },
  "minecraft:recipes/misc/magenta_dye_from_lilac": {
    "criteria": {
      "has_lilac": "2024-08-09 16:47:28 +0000"
    },
    "done": true
  },
  "minecraft:recipes/misc/red_dye_from_poppy": {
    "criteria": {
      "has_poppy": "2024-08-09 16:47:28 +0000"
    },
    "done": true
  },
  "blazeandcave:biomes/flower_power": {
    "criteria": {
      "lilac": "2024-08-09 16:47:28 +0000",
      "poppy": "2024-08-09 16:47:28 +0000",
      "allium": "2024-08-09 17:34:47 +0000",
      "lily_of_the_valley": "2024-08-09 18:42:36 +0000",
      "pink_tulip": "2024-08-09 16:47:31 +0000"
    },
    "done": false
  },
  "blazeandcave:biomes/for_you_my_sweet": {
    "criteria": {
      "lilac": "2024-08-09 16:47:28 +0000"
    },
    "done": true
  },
  "minecraft:recipes/misc/pink_dye_from_pink_tulip": {
    "criteria": {
      "has_pink_tulip": "2024-08-09 16:47:31 +0000"
    },
    "done": true
  },
  "blazeandcave:weaponry/multiclassed": {
    "criteria": {
      "sword": "2024-08-09 16:47:44 +0000",
      "pickaxe": "2024-08-09 19:00:01 +0000",
      "firework_rocket": "2024-08-09 18:44:00 +0000",
      "axe": "2024-08-09 17:19:37 +0000"
    },
    "done": false
  },
  "blazeandcave:monsters/dungeon_crawler": {
    "criteria": {
      "pillager": "2024-08-09 16:47:47 +0000",
      "vindicator": "2024-08-09 18:01:23 +0000"
    },
    "done": false
  },
  "blazeandcave:farming/bake_bread": {
    "criteria": {
      "bread": "2024-08-09 16:48:05 +0000"
    },
    "done": true
  },
  "blazeandcave:bacap/farming_milestone": {
    "criteria": {
      "an_amazing_story": "2024-08-09 17:20:55 +0000",
      "bake_bread": "2024-08-09 16:48:06 +0000",
      "write_your_thoughts": "2024-08-09 17:20:55 +0000",
      "ultra_hardcore": "2024-08-09 18:01:05 +0000"
    },
    "done": false
  },
  "minecraft:recipes/decorations/painting": {
    "criteria": {
      "has_wool": "2024-08-09 16:48:14 +0000"
    },
    "done": true
  },
  "minecraft:recipes/decorations/chest": {
    "criteria": {
      "has_lots_of_items": "2024-08-09 16:48:14 +0000"
    },
    "done": true
  },
  "blazeandcave:animal/rainbow_collection": {
    "criteria": {
      "white_wool": "2024-08-09 16:48:14 +0000"
    },
    "done": false
  },
  "blazeandcave:redstone/engineer": {
    "criteria": {
      "white_wool": "2024-08-09 16:48:14 +0000",
      "barrel": "2024-08-09 18:42:55 +0000",
      "chest": "2024-08-09 18:40:41 +0000",
      "furnace": "2024-08-09 17:31:34 +0000",
      "string": "2024-08-09 17:26:41 +0000",
      "lectern": "2024-08-09 17:34:42 +0000",
      "decorated_pot": "2024-08-09 17:22:15 +0000"
    },
    "done": false
  },
  "minecraft:recipes/decorations/white_carpet": {
    "criteria": {
      "has_white_wool": "2024-08-09 16:48:14 +0000"
    },
    "done": true
  },
  "minecraft:recipes/decorations/white_banner": {
    "criteria": {
      "has_white_wool": "2024-08-09 16:48:14 +0000"
    },
    "done": true
  },
  "minecraft:recipes/decorations/white_bed": {
    "criteria": {
      "has_white_wool": "2024-08-09 16:48:14 +0000"
    },
    "done": true
  },
  "blazeandcave:farming/vegetarian": {
    "criteria": {
      "bread": "2024-08-09 16:48:25 +0000",
      "golden_apple": "2024-08-09 18:01:04 +0000"
    },
    "done": false
  },
  "blazeandcave:monsters/a_watery_grave": {
    "criteria": {
      "drowned": "2024-08-09 16:48:50 +0000"
    },
    "done": true
  },
  "blazeandcave:building/rainbow_dreams": {
    "criteria": {
      "light_blue_bed": "2024-08-09 18:06:47 +0000",
      "white_bed": "2024-08-09 16:49:04 +0000",
      "brown_bed": "2024-08-09 18:02:00 +0000"
    },
    "done": false
  },
  "blazeandcave:challenges/stack_all_the_blocks": {
    "criteria": {
      "light_blue_bed": "2024-08-09 18:06:47 +0000",
      "dark_oak_planks": "2024-08-09 18:40:36 +0000",
      "white_bed": "2024-08-09 16:49:04 +0000",
      "brown_bed": "2024-08-09 18:02:00 +0000"
    },
    "done": false
  },
  "minecraft:adventure/sleep_in_bed": {
    "criteria": {
      "slept_in_bed": "2024-08-09 16:49:32 +0000"
    },
    "done": true
  },
  "blazeandcave:bacap/statistics_milestone": {
    "criteria": {
      "sneaky_snitch": "2024-08-09 17:29:27 +0000",
      "luxury_cruise": "2024-08-09 17:59:51 +0000",
      "root": "2024-08-09 16:49:43 +0000",
      "spring_in_your_step": "2024-08-09 18:04:01 +0000",
      "the_first_night": "2024-08-09 16:49:42 +0000"
    },
    "done": false
  },
  "blazeandcave:statistics/the_first_night": {
    "criteria": {
      "trigger": "2024-08-09 16:49:42 +0000"
    },
    "done": true
  },
  "blazeandcave:statistics/root": {
    "criteria": {
      "the_first_night": "2024-08-09 16:49:42 +0000"
    },
    "done": true
  },
  "blazeandcave:technical/stat_branch2_mid": {
    "criteria": {
      "root": "2024-08-09 16:49:43 +0000"
    },
    "done": true
  },
  "blazeandcave:technical/stat_branch4_mid": {
    "criteria": {
      "root": "2024-08-09 16:49:43 +0000"
    },
    "done": true
  },
  "blazeandcave:technical/stat_branch6_mid": {
    "criteria": {
      "root": "2024-08-09 16:49:43 +0000"
    },
    "done": true
  },
  "blazeandcave:technical/stat_branch8_mid": {
    "criteria": {
      "root": "2024-08-09 16:49:43 +0000"
    },
    "done": true
  },
  "blazeandcave:technical/stat_branch1_mid": {
    "criteria": {
      "root": "2024-08-09 16:49:43 +0000"
    },
    "done": true
  },
  "blazeandcave:technical/stat_branch3_mid": {
    "criteria": {
      "root": "2024-08-09 16:49:43 +0000"
    },
    "done": true
  },
  "blazeandcave:technical/stat_branch5_mid": {
    "criteria": {
      "root": "2024-08-09 16:49:43 +0000"
    },
    "done": true
  },
  "blazeandcave:technical/stat_branch7_mid": {
    "criteria": {
      "root": "2024-08-09 16:49:43 +0000"
    },
    "done": true
  },
  "blazeandcave:technical/stat_branch9_mid": {
    "criteria": {
      "root": "2024-08-09 16:49:43 +0000"
    },
    "done": true
  },
  "minecraft:recipes/misc/bone_meal": {
    "criteria": {
      "has_bone": "2024-08-09 17:05:02 +0000"
    },
    "done": true
  },
  "blazeandcave:monsters/spooky_skeleton": {
    "criteria": {
      "skeleton": "2024-08-09 17:05:02 +0000"
    },
    "done": true
  },
  "blazeandcave:mining/heart_of_darkness": {
    "criteria": {
      "enter_cave": "2024-08-09 17:05:56 +0000"
    },
    "done": true
  },
  "blazeandcave:bacap/mining_milestone": {
    "criteria": {
      "diamonds": "2024-08-09 18:42:36 +0000",
      "acquire_hardware": "2024-08-09 17:22:08 +0000",
      "living_like_kings": "2024-08-09 17:58:06 +0000",
      "the_statue_of_liberty": "2024-08-09 18:48:12 +0000",
      "hot_topic": "2024-08-09 17:31:35 +0000",
      "fossil_fuel": "2024-08-09 18:03:04 +0000",
      "not_chicken_mcnuggets": "2024-08-09 18:57:16 +0000",
      "deep_slate_nine": "2024-08-09 18:48:01 +0000",
      "smokin_hot": "2024-08-09 17:22:34 +0000",
      "stone_age": "2024-08-09 17:17:38 +0000",
      "aww_it_broke": "2024-08-09 18:21:16 +0000",
      "meet_the_flintstones": "2024-08-09 17:22:07 +0000",
      "isnt_it_iron_pick": "2024-08-09 18:58:51 +0000",
      "gold_rush": "2024-08-09 17:41:44 +0000",
      "root": "2024-08-09 17:17:31 +0000",
      "heart_of_darkness": "2024-08-09 17:05:57 +0000",
      "youll_never_take_me_alive_copper": "2024-08-09 17:15:30 +0000",
      "suit_up": "2024-08-09 17:33:18 +0000",
      "death_pointer": "2024-08-09 17:19:55 +0000",
      "getting_an_upgrade": "2024-08-09 17:28:41 +0000"
    },
    "done": false
  },
  "blazeandcave:building/torched": {
    "criteria": {
      "torch": "2024-08-09 17:14:33 +0000"
    },
    "done": true
  },
  "blazeandcave:mining/youll_never_take_me_alive_copper": {
    "criteria": {
      "copper_ingot": "2024-08-09 17:15:29 +0000"
    },
    "done": true
  },
  "minecraft:recipes/redstone/lightning_rod": {
    "criteria": {
      "has_copper_ingot": "2024-08-09 17:15:29 +0000"
    },
    "done": true
  },
  "minecraft:recipes/redstone/copper_trapdoor": {
    "criteria": {
      "has_copper_ingot": "2024-08-09 17:15:29 +0000"
    },
    "done": true
  },
  "minecraft:recipes/building_blocks/copper_block": {
    "criteria": {
      "has_copper_ingot": "2024-08-09 17:15:29 +0000"
    },
    "done": true
  },
  "blazeandcave:monsters/because_im_aquaman": {
    "criteria": {
      "trident": "2024-08-09 17:15:29 +0000"
    },
    "done": true
  },
  "minecraft:recipes/tools/brush": {
    "criteria": {
      "has_copper_ingot": "2024-08-09 17:15:29 +0000"
    },
    "done": true
  },
  "minecraft:recipes/redstone/copper_door": {
    "criteria": {
      "has_copper_ingot": "2024-08-09 17:15:29 +0000"
    },
    "done": true
  },
  "minecraft:recipes/building_blocks/birch_wood": {
    "criteria": {
      "has_log": "2024-08-09 17:16:18 +0000"
    },
    "done": true
  },
  "blazeandcave:building/professor_birch": {
    "criteria": {
      "birch_boat": "2024-08-09 17:39:01 +0000",
      "birch_planks": "2024-08-09 17:17:23 +0000",
      "birch_door": "2024-08-09 17:48:00 +0000",
      "birch_log": "2024-08-09 17:16:18 +0000"
    },
    "done": false
  },
  "minecraft:recipes/building_blocks/birch_planks": {
    "criteria": {
      "has_logs": "2024-08-09 17:16:18 +0000"
    },
    "done": true
  },
  "minecraft:recipes/redstone/birch_button": {
    "criteria": {
      "has_planks": "2024-08-09 17:17:23 +0000"
    },
    "done": true
  },
  "minecraft:recipes/redstone/birch_door": {
    "criteria": {
      "has_planks": "2024-08-09 17:17:23 +0000"
    },
    "done": true
  },
  "minecraft:recipes/decorations/birch_fence": {
    "criteria": {
      "has_planks": "2024-08-09 17:17:23 +0000"
    },
    "done": true
  },
  "minecraft:recipes/decorations/birch_sign": {
    "criteria": {
      "has_planks": "2024-08-09 17:17:23 +0000"
    },
    "done": true
  },
  "minecraft:recipes/redstone/birch_fence_gate": {
    "criteria": {
      "has_planks": "2024-08-09 17:17:23 +0000"
    },
    "done": true
  },
  "minecraft:recipes/building_blocks/birch_slab": {
    "criteria": {
      "has_planks": "2024-08-09 17:17:23 +0000"
    },
    "done": true
  },
  "minecraft:recipes/building_blocks/birch_stairs": {
    "criteria": {
      "has_planks": "2024-08-09 17:17:23 +0000"
    },
    "done": true
  },
  "minecraft:recipes/redstone/birch_trapdoor": {
    "criteria": {
      "has_planks": "2024-08-09 17:17:23 +0000"
    },
    "done": true
  },
  "minecraft:recipes/redstone/birch_pressure_plate": {
    "criteria": {
      "has_planks": "2024-08-09 17:17:23 +0000"
    },
    "done": true
  },
  "blazeandcave:bacap/time_to_mine": {
    "criteria": {
      "wooden_pickaxe": "2024-08-09 17:17:30 +0000"
    },
    "done": true
  },
  "blazeandcave:mining/root": {
    "criteria": {
      "pickaxe": "2024-08-09 17:17:30 +0000"
    },
    "done": true
  },
  "minecraft:recipes/redstone/lever": {
    "criteria": {
      "has_cobblestone": "2024-08-09 17:17:37 +0000"
    },
    "done": true
  },
  "minecraft:recipes/combat/stone_sword": {
    "criteria": {
      "has_cobblestone": "2024-08-09 17:17:37 +0000"
    },
    "done": true
  },
  "minecraft:recipes/decorations/cobblestone_wall": {
    "criteria": {
      "has_cobblestone": "2024-08-09 17:17:37 +0000"
    },
    "done": true
  },
  "minecraft:recipes/tools/stone_axe": {
    "criteria": {
      "has_cobblestone": "2024-08-09 17:17:37 +0000"
    },
    "done": true
  },
  "minecraft:story/mine_stone": {
    "criteria": {
      "cobblestone": "2024-08-09 17:17:37 +0000"
    },
    "done": true
  },
  "minecraft:recipes/decorations/furnace": {
    "criteria": {
      "has_cobblestone": "2024-08-09 17:17:37 +0000"
    },
    "done": true
  },
  "minecraft:recipes/building_blocks/cobblestone_slab_from_cobblestone_stonecutting": {
    "criteria": {
      "has_cobblestone": "2024-08-09 17:17:37 +0000"
    },
    "done": true
  },
  "minecraft:recipes/building_blocks/stone": {
    "criteria": {
      "has_cobblestone": "2024-08-09 17:17:37 +0000"
    },
    "done": true
  },
  "blazeandcave:building/rock_collection": {
    "criteria": {
      "cobblestone": "2024-08-09 17:17:37 +0000",
      "tuff": "2024-08-09 18:58:13 +0000",
      "cobbled_deepslate": "2024-08-09 18:56:39 +0000"
    },
    "done": false
  },
  "minecraft:recipes/tools/stone_pickaxe": {
    "criteria": {
      "has_cobblestone": "2024-08-09 17:17:37 +0000"
    },
    "done": true
  },
  "minecraft:recipes/building_blocks/cobblestone_slab": {
    "criteria": {
      "has_cobblestone": "2024-08-09 17:17:37 +0000"
    },
    "done": true
  },
  "minecraft:recipes/decorations/cobblestone_wall_from_cobblestone_stonecutting": {
    "criteria": {
      "has_cobblestone": "2024-08-09 17:17:37 +0000"
    },
    "done": true
  },
  "minecraft:recipes/building_blocks/cobblestone_stairs_from_cobblestone_stonecutting": {
    "criteria": {
      "has_cobblestone": "2024-08-09 17:17:37 +0000"
    },
    "done": true
  },
  "minecraft:recipes/building_blocks/cobblestone_stairs": {
    "criteria": {
      "has_cobblestone": "2024-08-09 17:17:37 +0000"
    },
    "done": true
  },
  "minecraft:recipes/tools/stone_hoe": {
    "criteria": {
      "has_cobblestone": "2024-08-09 17:17:37 +0000"
    },
    "done": true
  },
  "minecraft:recipes/tools/stone_shovel": {
    "criteria": {
      "has_cobblestone": "2024-08-09 17:17:37 +0000"
    },
    "done": true
  },
  "blazeandcave:bacap/time_to_chop": {
    "criteria": {
      "stone_axe": "2024-08-09 17:17:56 +0000"
    },
    "done": true
  },
  "blazeandcave:mining/moar_tools": {
    "criteria": {
      "stone_pickaxe": "2024-08-09 17:28:40 +0000",
      "stone_axe": "2024-08-09 17:17:56 +0000"
    },
    "done": false
  },
  "blazeandcave:building/ladder_climbers_inc": {
    "criteria": {
      "enter_ladder": "2024-08-09 17:19:35 +0000"
    },
    "done": true
  },
  "blazeandcave:weaponry/viking": {
    "criteria": {
      "axe": "2024-08-09 17:19:37 +0000"
    },
    "done": true
  },
  "blazeandcave:weaponry/axeman": {
    "criteria": {
      "iron_axe": "2024-08-09 17:33:45 +0000",
      "stone_axe": "2024-08-09 17:19:37 +0000"
    },
    "done": false
  },
  "blazeandcave:challenges/death_from_all": {
    "criteria": {
      "vindicator": "2024-08-09 17:19:53 +0000"
    },
    "done": false
  },
  "enchantplus:list": {
    "criteria": {
      "requirement": "2024-08-09 17:19:54 +0000"
    },
    "done": true
  },
  "blazeandcave:mining/death_pointer": {
    "criteria": {
      "recovery_compass": "2024-08-09 17:19:54 +0000"
    },
    "done": true
  },
  "blazeandcave:enchanting/complete_enchanter": {
    "criteria": {
      "luck_of_the_sea_book": "2024-08-09 17:57:57 +0000",
      "unbreaking": "2024-08-09 17:19:54 +0000",
      "feather_falling": "2024-08-09 18:17:45 +0000",
      "mending": "2024-08-09 18:23:08 +0000",
      "protection": "2024-08-09 17:57:54 +0000",
      "projectile_protection": "2024-08-09 18:03:16 +0000",
      "luck_of_the_sea": "2024-08-09 18:57:15 +0000",
      "aqua_affinity": "2024-08-09 18:00:07 +0000",
      "depth_strider": "2024-08-09 18:17:44 +0000",
      "vanishing_curse": "2024-08-09 17:55:24 +0000",
      "sharpness": "2024-08-09 18:24:39 +0000",
      "blast_protection": "2024-08-09 18:03:17 +0000",
      "respiration_book": "2024-08-09 18:42:33 +0000"
    },
    "done": false
  },
  "blazeandcave:challenges/ultimate_enchanter": {
    "criteria": {
      "depth_strider1": "2024-08-09 18:17:44 +0000",
      "unbreaking1": "2024-08-09 17:19:54 +0000",
      "luck_of_the_sea3_book": "2024-08-09 17:57:57 +0000",
      "protection2": "2024-08-09 17:57:54 +0000",
      "vanishing_curse": "2024-08-09 17:55:24 +0000",
      "feather_falling2": "2024-08-09 18:17:45 +0000",
      "aqua_affinity": "2024-08-09 18:00:07 +0000",
      "sharpness2": "2024-08-09 18:24:39 +0000"
    },
    "done": false
  },
  "minecraft:recipes/tools/recovery_compass": {
    "criteria": {
      "has_echo_shard": "2024-08-09 17:19:54 +0000"
    },
    "done": true
  },
  "minecraft:recipes/redstone/dark_oak_fence_gate": {
    "criteria": {
      "has_planks": "2024-08-09 17:20:27 +0000"
    },
    "done": true
  },
  "minecraft:recipes/redstone/dark_oak_trapdoor": {
    "criteria": {
      "has_planks": "2024-08-09 17:20:27 +0000"
    },
    "done": true
  },
  "minecraft:recipes/redstone/dark_oak_button": {
    "criteria": {
      "has_planks": "2024-08-09 17:20:27 +0000"
    },
    "done": true
  },
  "minecraft:recipes/building_blocks/dark_oak_stairs": {
    "criteria": {
      "has_planks": "2024-08-09 17:20:27 +0000"
    },
    "done": true
  },
  "minecraft:recipes/redstone/dark_oak_pressure_plate": {
    "criteria": {
      "has_planks": "2024-08-09 17:20:27 +0000"
    },
    "done": true
  },
  "minecraft:recipes/decorations/dark_oak_fence": {
    "criteria": {
      "has_planks": "2024-08-09 17:20:27 +0000"
    },
    "done": true
  },
  "minecraft:recipes/building_blocks/dark_oak_slab": {
    "criteria": {
      "has_planks": "2024-08-09 17:20:27 +0000"
    },
    "done": true
  },
  "minecraft:recipes/redstone/dark_oak_door": {
    "criteria": {
      "has_planks": "2024-08-09 17:20:27 +0000"
    },
    "done": true
  },
  "blazeandcave:building/professor_dark_oak": {
    "criteria": {
      "dark_oak_log": "2024-08-09 18:18:48 +0000",
      "dark_oak_door": "2024-08-09 18:47:31 +0000",
      "dark_oak_boat": "2024-08-09 18:34:33 +0000",
      "dark_oak_planks": "2024-08-09 17:20:27 +0000",
      "dark_oak_slab": "2024-08-09 18:09:49 +0000",
      "dark_oak_button": "2024-08-09 18:40:21 +0000",
      "dark_oak_stairs": "2024-08-09 17:59:55 +0000"
    },
    "done": false
  },
  "minecraft:recipes/decorations/dark_oak_sign": {
    "criteria": {
      "has_planks": "2024-08-09 17:20:27 +0000"
    },
    "done": true
  },
  "blazeandcave:farming/write_your_thoughts": {
    "criteria": {
      "writable_book": "2024-08-09 17:20:55 +0000"
    },
    "done": true
  },
  "blazeandcave:farming/an_amazing_story": {
    "criteria": {
      "written_book": "2024-08-09 17:20:55 +0000"
    },
    "done": true
  },
  "minecraft:recipes/building_blocks/emerald_block": {
    "criteria": {
      "has_emerald": "2024-08-09 17:21:34 +0000"
    },
    "done": true
  },
  "minecraft:recipes/decorations/fletching_table": {
    "criteria": {
      "has_flint": "2024-08-09 17:22:06 +0000"
    },
    "done": true
  },
  "minecraft:recipes/combat/arrow": {
    "criteria": {
      "has_flint": "2024-08-09 17:22:06 +0000"
    },
    "done": true
  },
  "blazeandcave:mining/meet_the_flintstones": {
    "criteria": {
      "flint": "2024-08-09 17:22:06 +0000"
    },
    "done": true
  },
  "minecraft:recipes/tools/flint_and_steel": {
    "criteria": {
      "has_flint": "2024-08-09 17:22:06 +0000"
    },
    "done": true
  },
  "minecraft:recipes/combat/iron_leggings": {
    "criteria": {
      "has_iron_ingot": "2024-08-09 17:22:07 +0000"
    },
    "done": true
  },
  "minecraft:recipes/combat/iron_chestplate": {
    "criteria": {
      "has_iron_ingot": "2024-08-09 17:22:07 +0000"
    },
    "done": true
  },
  "minecraft:recipes/misc/iron_nugget": {
    "criteria": {
      "has_iron_ingot": "2024-08-09 17:22:07 +0000"
    },
    "done": true
  },
  "minecraft:recipes/misc/bucket": {
    "criteria": {
      "has_iron_ingot": "2024-08-09 17:22:07 +0000"
    },
    "done": true
  },
  "minecraft:recipes/combat/iron_helmet": {
    "criteria": {
      "has_iron_ingot": "2024-08-09 17:22:07 +0000"
    },
    "done": true
  },
  "minecraft:recipes/transportation/minecart": {
    "criteria": {
      "has_iron_ingot": "2024-08-09 17:22:07 +0000"
    },
    "done": true
  },
  "minecraft:recipes/tools/iron_hoe": {
    "criteria": {
      "has_iron_ingot": "2024-08-09 17:22:07 +0000"
    },
    "done": true
  },
  "minecraft:story/smelt_iron": {
    "criteria": {
      "iron": "2024-08-09 17:22:07 +0000"
    },
    "done": true
  },
  "minecraft:recipes/tools/shears": {
    "criteria": {
      "has_iron_ingot": "2024-08-09 17:22:07 +0000"
    },
    "done": true
  },
  "minecraft:recipes/decorations/chain": {
    "criteria": {
      "has_iron_ingot": "2024-08-09 17:22:07 +0000"
    },
    "done": true
  },
  "minecraft:recipes/building_blocks/iron_block": {
    "criteria": {
      "has_iron_ingot": "2024-08-09 17:22:07 +0000"
    },
    "done": true
  },
  "minecraft:recipes/decorations/smithing_table": {
    "criteria": {
      "has_iron_ingot": "2024-08-09 17:22:07 +0000"
    },
    "done": true
  },
  "minecraft:recipes/combat/iron_sword": {
    "criteria": {
      "has_iron_ingot": "2024-08-09 17:22:07 +0000"
    },
    "done": true
  },
  "minecraft:recipes/tools/iron_pickaxe": {
    "criteria": {
      "has_iron_ingot": "2024-08-09 17:22:07 +0000"
    },
    "done": true
  },
  "minecraft:recipes/combat/shield": {
    "criteria": {
      "has_iron_ingot": "2024-08-09 17:22:07 +0000"
    },
    "done": true
  },
  "minecraft:recipes/redstone/hopper": {
    "criteria": {
      "has_iron_ingot": "2024-08-09 17:22:07 +0000"
    },
    "done": true
  },
  "minecraft:recipes/decorations/iron_bars": {
    "criteria": {
      "has_iron_ingot": "2024-08-09 17:22:07 +0000"
    },
    "done": true
  },
  "minecraft:recipes/combat/iron_boots": {
    "criteria": {
      "has_iron_ingot": "2024-08-09 17:22:07 +0000"
    },
    "done": true
  },
  "minecraft:recipes/decorations/lantern": {
    "criteria": {
      "has_iron_ingot": "2024-08-09 17:22:07 +0000"
    },
    "done": true
  },
  "minecraft:recipes/tools/iron_shovel": {
    "criteria": {
      "has_iron_ingot": "2024-08-09 17:22:07 +0000"
    },
    "done": true
  },
  "minecraft:recipes/redstone/iron_trapdoor": {
    "criteria": {
      "has_iron_ingot": "2024-08-09 17:22:07 +0000"
    },
    "done": true
  },
  "minecraft:recipes/tools/iron_axe": {
    "criteria": {
      "has_iron_ingot": "2024-08-09 17:22:07 +0000"
    },
    "done": true
  },
  "minecraft:recipes/combat/crossbow": {
    "criteria": {
      "has_iron_ingot": "2024-08-09 17:22:07 +0000"
    },
    "done": true
  },
  "minecraft:recipes/redstone/iron_door": {
    "criteria": {
      "has_iron_ingot": "2024-08-09 17:22:07 +0000"
    },
    "done": true
  },
  "minecraft:recipes/redstone/heavy_weighted_pressure_plate": {
    "criteria": {
      "has_iron_ingot": "2024-08-09 17:22:07 +0000"
    },
    "done": true
  },
  "minecraft:recipes/food/bread": {
    "criteria": {
      "has_wheat": "2024-08-09 17:22:11 +0000"
    },
    "done": true
  },
  "minecraft:recipes/building_blocks/hay_block": {
    "criteria": {
      "has_wheat": "2024-08-09 17:22:11 +0000"
    },
    "done": true
  },
  "minecraft:recipes/transportation/carrot_on_a_stick": {
    "criteria": {
      "has_carrot": "2024-08-09 17:22:15 +0000"
    },
    "done": true
  },
  "blazeandcave:mining/smokin_hot": {
    "criteria": {
      "smoker": "2024-08-09 17:22:34 +0000"
    },
    "done": true
  },
  "minecraft:recipes/food/beetroot_soup": {
    "criteria": {
      "has_beetroot": "2024-08-09 17:23:17 +0000"
    },
    "done": true
  },
  "minecraft:recipes/misc/red_dye_from_beetroot": {
    "criteria": {
      "has_beetroot": "2024-08-09 17:23:17 +0000"
    },
    "done": true
  },
  "minecraft:recipes/building_blocks/bricks": {
    "criteria": {
      "has_brick": "2024-08-09 17:23:18 +0000"
    },
    "done": true
  },
  "minecraft:recipes/decorations/decorated_pot_simple": {
    "criteria": {
      "has_brick": "2024-08-09 17:23:18 +0000"
    },
    "done": true
  },
  "minecraft:recipes/decorations/flower_pot": {
    "criteria": {
      "has_brick": "2024-08-09 17:23:18 +0000"
    },
    "done": true
  },
  "blazeandcave:biomes/wet_feet": {
    "criteria": {
      "ocean": "2024-08-09 17:39:35 +0000",
      "lukewarm_ocean": "2024-08-09 17:41:20 +0000",
      "beach": "2024-08-09 17:27:00 +0000",
      "deep_lukewarm_ocean": "2024-08-09 18:27:23 +0000",
      "river": "2024-08-09 17:24:10 +0000",
      "deep_ocean": "2024-08-09 18:27:44 +0000"
    },
    "done": false
  },
  "minecraft:recipes/redstone/target": {
    "criteria": {
      "has_hay_block": "2024-08-09 17:25:09 +0000"
    },
    "done": true
  },
  "minecraft:recipes/misc/wheat": {
    "criteria": {
      "has_hay_block": "2024-08-09 17:25:09 +0000"
    },
    "done": true
  },
  "minecraft:recipes/combat/bow": {
    "criteria": {
      "has_string": "2024-08-09 17:26:41 +0000"
    },
    "done": true
  },
  "blazeandcave:monsters/ew_ew_ew": {
    "criteria": {
      "spider": "2024-08-09 17:26:41 +0000"
    },
    "done": true
  },
  "minecraft:recipes/tools/fishing_rod": {
    "criteria": {
      "has_string": "2024-08-09 17:26:41 +0000"
    },
    "done": true
  },
  "minecraft:recipes/redstone/tripwire_hook": {
    "criteria": {
      "has_string": "2024-08-09 17:26:41 +0000"
    },
    "done": true
  },
  "minecraft:recipes/decorations/candle": {
    "criteria": {
      "has_string": "2024-08-09 17:26:41 +0000"
    },
    "done": true
  },
  "minecraft:recipes/building_blocks/white_wool_from_string": {
    "criteria": {
      "has_string": "2024-08-09 17:26:41 +0000"
    },
    "done": true
  },
  "minecraft:recipes/decorations/loom": {
    "criteria": {
      "has_string": "2024-08-09 17:26:41 +0000"
    },
    "done": true
  },
  "minecraft:recipes/redstone/dispenser": {
    "criteria": {
      "has_bow": "2024-08-09 17:26:44 +0000"
    },
    "done": true
  },
  "minecraft:recipes/misc/bowl": {
    "criteria": {
      "has_red_mushroom": "2024-08-09 17:27:25 +0000"
    },
    "done": true
  },
  "blazeandcave:farming/shrooms": {
    "criteria": {
      "red_mushroom": "2024-08-09 17:27:25 +0000"
    },
    "done": false
  },
  "minecraft:recipes/food/mushroom_stew": {
    "criteria": {
      "has_red_mushroom": "2024-08-09 17:27:25 +0000"
    },
    "done": true
  },
  "minecraft:recipes/decorations/torch": {
    "criteria": {
      "has_stone_pickaxe": "2024-08-09 17:28:40 +0000"
    },
    "done": true
  },
  "minecraft:story/upgrade_tools": {
    "criteria": {
      "stone_pickaxe": "2024-08-09 17:28:40 +0000"
    },
    "done": true
  },
  "minecraft:recipes/building_blocks/raw_iron_block": {
    "criteria": {
      "has_raw_iron": "2024-08-09 17:28:50 +0000"
    },
    "done": true
  },
  "minecraft:recipes/misc/iron_ingot_from_smelting_raw_iron": {
    "criteria": {
      "has_raw_iron": "2024-08-09 17:28:50 +0000"
    },
    "done": true
  },
  "minecraft:recipes/misc/iron_ingot_from_blasting_raw_iron": {
    "criteria": {
      "has_raw_iron": "2024-08-09 17:28:50 +0000"
    },
    "done": true
  },
  "minecraft:recipes/building_blocks/mossy_cobblestone_stairs_from_mossy_cobblestone_stonecutting": {
    "criteria": {
      "has_mossy_cobblestone": "2024-08-09 17:29:20 +0000"
    },
    "done": true
  },
  "minecraft:recipes/building_blocks/mossy_cobblestone_slab": {
    "criteria": {
      "has_mossy_cobblestone": "2024-08-09 17:29:20 +0000"
    },
    "done": true
  },
  "minecraft:recipes/building_blocks/mossy_cobblestone_stairs": {
    "criteria": {
      "has_mossy_cobblestone": "2024-08-09 17:29:20 +0000"
    },
    "done": true
  },
  "minecraft:recipes/decorations/mossy_cobblestone_wall": {
    "criteria": {
      "has_mossy_cobblestone": "2024-08-09 17:29:20 +0000"
    },
    "done": true
  },
  "minecraft:recipes/building_blocks/mossy_cobblestone_slab_from_mossy_cobblestone_stonecutting": {
    "criteria": {
      "has_mossy_cobblestone": "2024-08-09 17:29:20 +0000"
    },
    "done": true
  },
  "minecraft:recipes/decorations/mossy_cobblestone_wall_from_mossy_cobblestone_stonecutting": {
    "criteria": {
      "has_mossy_cobblestone": "2024-08-09 17:29:20 +0000"
    },
    "done": true
  },
  "blazeandcave:statistics/sneaky_snitch": {
    "criteria": {
      "trigger": "2024-08-09 17:29:26 +0000"
    },
    "done": true
  },
  "minecraft:recipes/misc/iron_nugget_from_smelting": {
    "criteria": {
      "has_iron_axe": "2024-08-09 17:31:25 +0000"
    },
    "done": true
  },
  "minecraft:recipes/misc/iron_nugget_from_blasting": {
    "criteria": {
      "has_iron_axe": "2024-08-09 17:31:25 +0000"
    },
    "done": true
  },
  "minecraft:recipes/decorations/smoker": {
    "criteria": {
      "has_furnace": "2024-08-09 17:31:34 +0000"
    },
    "done": true
  },
  "blazeandcave:mining/hot_topic": {
    "criteria": {
      "furnace": "2024-08-09 17:31:34 +0000"
    },
    "done": true
  },
  "minecraft:story/obtain_armor": {
    "criteria": {
      "iron_chestplate": "2024-08-09 17:33:18 +0000"
    },
    "done": true
  },
  "minecraft:recipes/brewing/fermented_spider_eye": {
    "criteria": {
      "has_spider_eye": "2024-08-09 17:33:47 +0000"
    },
    "done": true
  },
  "blazeandcave:building/stairs_no": {
    "criteria": {
      "stairs": "2024-08-09 17:34:44 +0000"
    },
    "done": true
  },
  "blazeandcave:building/ah_my_old_enemy": {
    "criteria": {
      "spruce_stairs": "2024-08-09 17:34:44 +0000",
      "prismarine_stairs": "2024-08-09 18:24:18 +0000",
      "dark_oak_stairs": "2024-08-09 17:59:55 +0000",
      "sandstone_stairs": "2024-08-09 17:48:31 +0000"
    },
    "done": false
  },
  "minecraft:recipes/misc/magenta_dye_from_allium": {
    "criteria": {
      "has_allium": "2024-08-09 17:34:47 +0000"
    },
    "done": true
  },
  "minecraft:recipes/transportation/spruce_chest_boat": {
    "criteria": {
      "has_boat": "2024-08-09 17:39:01 +0000"
    },
    "done": true
  },
  "minecraft:recipes/transportation/jungle_chest_boat": {
    "criteria": {
      "has_boat": "2024-08-09 17:39:01 +0000"
    },
    "done": true
  },
  "minecraft:recipes/transportation/acacia_chest_boat": {
    "criteria": {
      "has_boat": "2024-08-09 17:39:01 +0000"
    },
    "done": true
  },
  "minecraft:recipes/transportation/mangrove_chest_boat": {
    "criteria": {
      "has_boat": "2024-08-09 17:39:01 +0000"
    },
    "done": true
  },
  "minecraft:recipes/transportation/oak_chest_boat": {
    "criteria": {
      "has_boat": "2024-08-09 17:39:01 +0000"
    },
    "done": true
  },
  "minecraft:recipes/transportation/cherry_chest_boat": {
    "criteria": {
      "has_boat": "2024-08-09 17:39:01 +0000"
    },
    "done": true
  },
  "minecraft:recipes/transportation/birch_chest_boat": {
    "criteria": {
      "has_boat": "2024-08-09 17:39:01 +0000"
    },
    "done": true
  },
  "minecraft:recipes/transportation/dark_oak_chest_boat": {
    "criteria": {
      "has_boat": "2024-08-09 17:39:01 +0000"
    },
    "done": true
  },
  "minecraft:recipes/transportation/bamboo_chest_raft": {
    "criteria": {
      "has_boat": "2024-08-09 17:39:01 +0000"
    },
    "done": true
  },
  "blazeandcave:biomes/boaty_mcboatface": {
    "criteria": {
      "boat": "2024-08-09 17:39:26 +0000"
    },
    "done": true
  },
  "blazeandcave:biomes/the_sea_calls_you": {
    "criteria": {
      "ocean": "2024-08-09 17:39:35 +0000"
    },
    "done": true
  },
  "hopo:minecraft/adventure/locate_all_underwater_structures": {
    "criteria": {
      "locate_shipwreck": "2024-08-09 18:04:35 +0000",
      "locate_underwater_city": "2024-08-09 18:46:45 +0000",
      "locate_underwater_warm_small_ruins": "2024-08-09 17:41:34 +0000"
    },
    "done": false
  },
  "minecraft:recipes/tools/golden_axe": {
    "criteria": {
      "has_gold_ingot": "2024-08-09 17:41:44 +0000"
    },
    "done": true
  },
  "minecraft:recipes/tools/golden_pickaxe": {
    "criteria": {
      "has_gold_ingot": "2024-08-09 17:41:44 +0000"
    },
    "done": true
  },
  "minecraft:recipes/misc/gold_nugget": {
    "criteria": {
      "has_gold_ingot": "2024-08-09 17:41:44 +0000"
    },
    "done": true
  },
  "minecraft:recipes/tools/golden_shovel": {
    "criteria": {
      "has_gold_ingot": "2024-08-09 17:41:44 +0000"
    },
    "done": true
  },
  "minecraft:recipes/food/golden_apple": {
    "criteria": {
      "has_gold_ingot": "2024-08-09 17:41:44 +0000"
    },
    "done": true
  },
  "minecraft:recipes/combat/golden_boots": {
    "criteria": {
      "has_gold_ingot": "2024-08-09 17:41:44 +0000"
    },
    "done": true
  },
  "blazeandcave:mining/gold_rush": {
    "criteria": {
      "gold_ingot": "2024-08-09 17:41:44 +0000"
    },
    "done": true
  },
  "minecraft:recipes/combat/golden_helmet": {
    "criteria": {
      "has_gold_ingot": "2024-08-09 17:41:44 +0000"
    },
    "done": true
  },
  "minecraft:recipes/combat/golden_chestplate": {
    "criteria": {
      "has_gold_ingot": "2024-08-09 17:41:44 +0000"
    },
    "done": true
  },
  "minecraft:recipes/redstone/light_weighted_pressure_plate": {
    "criteria": {
      "has_gold_ingot": "2024-08-09 17:41:44 +0000"
    },
    "done": true
  },
  "minecraft:recipes/combat/golden_sword": {
    "criteria": {
      "has_gold_ingot": "2024-08-09 17:41:44 +0000"
    },
    "done": true
  },
  "minecraft:recipes/building_blocks/gold_block": {
    "criteria": {
      "has_gold_ingot": "2024-08-09 17:41:44 +0000"
    },
    "done": true
  },
  "minecraft:recipes/tools/golden_hoe": {
    "criteria": {
      "has_gold_ingot": "2024-08-09 17:41:44 +0000"
    },
    "done": true
  },
  "minecraft:recipes/combat/golden_leggings": {
    "criteria": {
      "has_gold_ingot": "2024-08-09 17:41:44 +0000"
    },
    "done": true
  },
  "blazeandcave:building/your_door_was_locked": {
    "criteria": {
      "door": "2024-08-09 17:48:00 +0000"
    },
    "done": true
  },
  "blazeandcave:animal/aquarium": {
    "criteria": {
      "pufferfish_bucket": "2024-08-09 17:48:06 +0000"
    },
    "done": false
  },
  "minecraft:recipes/building_blocks/cut_sandstone": {
    "criteria": {
      "has_sandstone": "2024-08-09 17:48:24 +0000"
    },
    "done": true
  },
  "minecraft:recipes/building_blocks/chiseled_sandstone_from_sandstone_stonecutting": {
    "criteria": {
      "has_sandstone": "2024-08-09 17:48:24 +0000"
    },
    "done": true
  },
  "minecraft:recipes/decorations/sandstone_wall": {
    "criteria": {
      "has_sandstone": "2024-08-09 17:48:24 +0000"
    },
    "done": true
  },
  "minecraft:recipes/building_blocks/sandstone_slab": {
    "criteria": {
      "has_sandstone": "2024-08-09 17:48:25 +0000"
    },
    "done": true
  },
  "minecraft:recipes/building_blocks/smooth_sandstone": {
    "criteria": {
      "has_sandstone": "2024-08-09 17:48:25 +0000"
    },
    "done": true
  },
  "minecraft:recipes/decorations/sandstone_wall_from_sandstone_stonecutting": {
    "criteria": {
      "has_sandstone": "2024-08-09 17:48:25 +0000"
    },
    "done": true
  },
  "minecraft:recipes/building_blocks/sandstone_stairs_from_sandstone_stonecutting": {
    "criteria": {
      "has_sandstone": "2024-08-09 17:48:25 +0000"
    },
    "done": true
  },
  "minecraft:recipes/building_blocks/sandstone_stairs": {
    "criteria": {
      "has_sandstone": "2024-08-09 17:48:25 +0000"
    },
    "done": true
  },
  "minecraft:recipes/building_blocks/cut_sandstone_from_sandstone_stonecutting": {
    "criteria": {
      "has_sandstone": "2024-08-09 17:48:25 +0000"
    },
    "done": true
  },
  "minecraft:recipes/building_blocks/cut_sandstone_slab_from_sandstone_stonecutting": {
    "criteria": {
      "has_sandstone": "2024-08-09 17:48:25 +0000"
    },
    "done": true
  },
  "minecraft:recipes/building_blocks/sandstone_slab_from_sandstone_stonecutting": {
    "criteria": {
      "has_sandstone": "2024-08-09 17:48:25 +0000"
    },
    "done": true
  },
  "blazeandcave:building/creepers_and_withers": {
    "criteria": {
      "sandstone": "2024-08-09 17:48:31 +0000"
    },
    "done": false
  },
  "minecraft:recipes/building_blocks/chiseled_sandstone": {
    "criteria": {
      "has_sandstone_slab": "2024-08-09 17:48:32 +0000"
    },
    "done": true
  },
  "blazeandcave:building/slabs_for_days": {
    "criteria": {
      "spruce_slab": "2024-08-09 18:12:50 +0000",
      "sandstone_slab": "2024-08-09 17:48:32 +0000",
      "dark_oak_slab": "2024-08-09 18:09:49 +0000"
    },
    "done": false
  },
  "blazeandcave:building/cut_in_half": {
    "criteria": {
      "slab": "2024-08-09 17:48:32 +0000"
    },
    "done": true
  },
  "minecraft:recipes/building_blocks/prismarine": {
    "criteria": {
      "has_prismarine_shard": "2024-08-09 17:54:41 +0000"
    },
    "done": true
  },
  "minecraft:recipes/building_blocks/prismarine_bricks": {
    "criteria": {
      "has_prismarine_shard": "2024-08-09 17:54:41 +0000"
    },
    "done": true
  },
  "minecraft:recipes/building_blocks/dark_prismarine": {
    "criteria": {
      "has_prismarine_shard": "2024-08-09 17:54:41 +0000"
    },
    "done": true
  },
  "blazeandcave:weaponry/pyrotechnic": {
    "criteria": {
      "large_ball": "2024-08-09 17:55:13 +0000",
      "trail": "2024-08-09 18:42:35 +0000",
      "star": "2024-08-09 18:42:35 +0000",
      "flicker": "2024-08-09 18:42:35 +0000"
    },
    "done": false
  },
  "blazeandcave:weaponry/fireworks_display": {
    "criteria": {
      "firework_rocket": "2024-08-09 17:55:13 +0000"
    },
    "done": true
  },
  "enchantplus:weapons/sword/base": {
    "criteria": {
      "poison_aspect": "2024-08-09 17:55:19 +0000"
    },
    "done": false
  },
  "enchantplus:weapons/sword/poison_aspect": {
    "criteria": {
      "requirement": "2024-08-09 17:55:19 +0000"
    },
    "done": true
  },
  "blazeandcave:enchanting/master_enchanter": {
    "criteria": {
      "luck_of_the_sea_book": "2024-08-09 17:57:57 +0000",
      "mending": "2024-08-09 18:23:08 +0000",
      "vanishing_curse": "2024-08-09 17:55:24 +0000",
      "projectile_protection": "2024-08-09 18:03:16 +0000",
      "luck_of_the_sea": "2024-08-09 18:57:15 +0000",
      "blast_protection": "2024-08-09 18:03:17 +0000",
      "respiration_book": "2024-08-09 18:42:33 +0000",
      "aqua_affinity": "2024-08-09 18:00:07 +0000"
    },
    "done": false
  },
  "blazeandcave:enchanting/curses": {
    "criteria": {
      "vanishing_curse": "2024-08-09 17:55:24 +0000"
    },
    "done": false
  },
  "blazeandcave:biomes/no_reefing": {
    "criteria": {
      "dead_horn_coral_block": "2024-08-09 17:55:46 +0000",
      "horn_coral_block": "2024-08-09 17:55:39 +0000"
    },
    "done": false
  },
  "blazeandcave:biomes/just_a_sample": {
    "criteria": {
      "horn_coral_block": "2024-08-09 17:55:39 +0000"
    },
    "done": true
  },
  "minecraft:recipes/misc/gold_nugget_from_smelting": {
    "criteria": {
      "has_golden_leggings": "2024-08-09 17:57:54 +0000"
    },
    "done": true
  },
  "minecraft:recipes/misc/gold_nugget_from_blasting": {
    "criteria": {
      "has_golden_leggings": "2024-08-09 17:57:54 +0000"
    },
    "done": true
  },
  "blazeandcave:enchanting/armor_for_the_masses": {
    "criteria": {
      "protection": "2024-08-09 17:57:54 +0000",
      "projectile_protection": "2024-08-09 18:03:16 +0000",
      "blast_protection": "2024-08-09 18:03:17 +0000"
    },
    "done": false
  },
  "blazeandcave:adventure/chromatic_armory": {
    "criteria": {
      "iron": "2024-08-09 17:57:54 +0000"
    },
    "done": false
  },
  "minecraft:recipes/brewing/cauldron": {
    "criteria": {
      "has_water_bucket": "2024-08-09 17:58:00 +0000"
    },
    "done": true
  },
  "blazeandcave:mining/living_like_kings": {
    "criteria": {
      "golden_leggings": "2024-08-09 17:58:05 +0000"
    },
    "done": true
  },
  "blazeandcave:biomes/kilometre_walk": {
    "criteria": {
      "outer_pos_z": "2024-08-09 17:59:31 +0000"
    },
    "done": true
  },
  "blazeandcave:statistics/luxury_cruise": {
    "criteria": {
      "trigger": "2024-08-09 17:59:50 +0000"
    },
    "done": true
  },
  "minecraft:recipes/misc/conduit": {
    "criteria": {
      "has_nautilus_shell": "2024-08-09 17:59:50 +0000"
    },
    "done": true
  },
  "blazeandcave:enchanting/scuba_gear": {
    "criteria": {
      "depth_strider": "2024-08-09 18:17:44 +0000",
      "respiration_book": "2024-08-09 18:42:33 +0000",
      "aqua_affinity": "2024-08-09 18:00:07 +0000"
    },
    "done": true
  },
  "blazeandcave:farming/ultra_hardcore": {
    "criteria": {
      "golden_apple": "2024-08-09 18:01:04 +0000"
    },
    "done": true
  },
  "blazeandcave:weaponry/x_bow": {
    "criteria": {
      "crossbow": "2024-08-09 18:01:53 +0000"
    },
    "done": true
  },
  "blazeandcave:building/change_of_sheets": {
    "criteria": {
      "brown_bed": "2024-08-09 18:02:00 +0000"
    },
    "done": true
  },
  "enchantplus:armor/life_plus": {
    "criteria": {
      "requirement": "2024-08-09 18:03:01 +0000"
    },
    "done": true
  },
  "blazeandcave:mining/fossil_fuel": {
    "criteria": {
      "coal": "2024-08-09 18:03:03 +0000"
    },
    "done": true
  },
  "minecraft:recipes/building_blocks/coal_block": {
    "criteria": {
      "has_coal": "2024-08-09 18:03:03 +0000"
    },
    "done": true
  },
  "minecraft:recipes/misc/firework_rocket_simple": {
    "criteria": {
      "has_gunpowder": "2024-08-09 18:03:11 +0000"
    },
    "done": true
  },
  "minecraft:recipes/redstone/tnt": {
    "criteria": {
      "has_gunpowder": "2024-08-09 18:03:11 +0000"
    },
    "done": true
  },
  "blazeandcave:statistics/spring_in_your_step": {
    "criteria": {
      "trigger": "2024-08-09 18:04:00 +0000"
    },
    "done": true
  },
  "blazeandcave:adventure/raidin_master": {
    "criteria": {
      "shipwreck": "2024-08-09 18:04:35 +0000"
    },
    "done": false
  },
  "blazeandcave:biomes/ahoy": {
    "criteria": {
      "shipwreck": "2024-08-09 18:04:35 +0000"
    },
    "done": true
  },
  "blazeandcave:challenges/i_am_loot": {
    "criteria": {
      "shipwreck_supply": "2024-08-09 18:04:39 +0000"
    },
    "done": false
  },
  "blazeandcave:biomes/boatception": {
    "criteria": {
      "boatception": "2024-08-09 18:06:58 +0000"
    },
    "done": true
  },
  "minecraft:recipes/decorations/composter": {
    "criteria": {
      "has_wood_slab": "2024-08-09 18:09:49 +0000"
    },
    "done": true
  },
  "blazeandcave:weaponry/sir_knight": {
    "criteria": {
      "shield": "2024-08-09 18:10:45 +0000"
    },
    "done": true
  },
  "blazeandcave:weaponry/master_shieldsman": {
    "criteria": {
      "pillager": "2024-08-09 18:11:28 +0000",
      "skeleton": "2024-08-09 18:30:38 +0000",
      "drowned": "2024-08-09 18:52:56 +0000",
      "creeper": "2024-08-09 18:29:50 +0000"
    },
    "done": false
  },
  "blazeandcave:weaponry/shield_luck": {
    "criteria": {
      "deflected_trident": "2024-08-09 18:11:28 +0000"
    },
    "done": true
  },
  "blazeandcave:adventure/riot_shield": {
    "criteria": {
      "deflected_crossbow": "2024-08-09 18:11:28 +0000"
    },
    "done": true
  },
  "blazeandcave:building/stripper": {
    "criteria": {
      "stripped_dark_oak_log": "2024-08-09 18:11:33 +0000"
    },
    "done": false
  },
  "blazeandcave:enchanting/like_a_cat": {
    "criteria": {
      "feather_falling": "2024-08-09 18:17:45 +0000"
    },
    "done": true
  },
  "blazeandcave:bacap/enchanting_milestone": {
    "criteria": {
      "like_a_cat": "2024-08-09 18:17:46 +0000",
      "scuba_gear": "2024-08-09 18:42:34 +0000",
      "unbreakable": "2024-08-09 18:23:09 +0000"
    },
    "done": false
  },
  "minecraft:recipes/building_blocks/dark_oak_planks": {
    "criteria": {
      "has_log": "2024-08-09 18:18:48 +0000"
    },
    "done": true
  },
  "minecraft:recipes/building_blocks/dark_oak_wood": {
    "criteria": {
      "has_log": "2024-08-09 18:18:48 +0000"
    },
    "done": true
  },
  "blazeandcave:mining/moar_broken_tools": {
    "criteria": {
      "iron_axe": "2024-08-09 18:21:15 +0000",
      "stone_pickaxe": "2024-08-09 18:58:23 +0000"
    },
    "done": false
  },
  "blazeandcave:mining/aww_it_broke": {
    "criteria": {
      "break_tool": "2024-08-09 18:21:15 +0000"
    },
    "done": true
  },
  "blazeandcave:biomes/pushed_around": {
    "criteria": {
      "enter_water": "2024-08-09 18:22:13 +0000"
    },
    "done": true
  },
  "minecraft:recipes/building_blocks/prismarine_brick_stairs": {
    "criteria": {
      "has_prismarine_bricks": "2024-08-09 18:22:46 +0000"
    },
    "done": true
  },
  "minecraft:recipes/building_blocks/prismarine_brick_slab_from_prismarine_stonecutting": {
    "criteria": {
      "has_prismarine_brick": "2024-08-09 18:22:46 +0000"
    },
    "done": true
  },
  "minecraft:recipes/building_blocks/prismarine_brick_stairs_from_prismarine_stonecutting": {
    "criteria": {
      "has_prismarine_brick": "2024-08-09 18:22:46 +0000"
    },
    "done": true
  },
  "minecraft:recipes/building_blocks/prismarine_brick_slab": {
    "criteria": {
      "has_prismarine_bricks": "2024-08-09 18:22:46 +0000"
    },
    "done": true
  },
  "blazeandcave:building/fake_monument": {
    "criteria": {
      "prismarine": "2024-08-09 18:48:25 +0000",
      "dark_prismarine": "2024-08-09 18:56:34 +0000",
      "prismarine_bricks": "2024-08-09 18:22:46 +0000",
      "prismarine_stairs": "2024-08-09 18:24:18 +0000"
    },
    "done": false
  },
  "blazeandcave:enchanting/unbreakable": {
    "criteria": {
      "mending": "2024-08-09 18:23:08 +0000"
    },
    "done": true
  },
  "minecraft:recipes/building_blocks/cut_sandstone_slab": {
    "criteria": {
      "has_cut_sandstone": "2024-08-09 18:23:44 +0000"
    },
    "done": true
  },
  "minecraft:recipes/building_blocks/cut_sandstone_slab_from_cut_sandstone_stonecutting": {
    "criteria": {
      "has_cut_sandstone": "2024-08-09 18:23:44 +0000"
    },
    "done": true
  },
  "minecraft:recipes/misc/lime_dye_from_smelting": {
    "criteria": {
      "has_sea_pickle": "2024-08-09 18:26:40 +0000"
    },
    "done": true
  },
  "blazeandcave:biomes/in_a_pickle": {
    "criteria": {
      "sea_pickle": "2024-08-09 18:26:40 +0000"
    },
    "done": true
  },
  "blazeandcave:monsters/blast_shield": {
    "criteria": {
      "deflected_explosion": "2024-08-09 18:29:50 +0000"
    },
    "done": true
  },
  "minecraft:recipes/building_blocks/polished_deepslate": {
    "criteria": {
      "has_cobbled_deepslate": "2024-08-09 18:56:39 +0000"
    },
    "done": true
  },
  "minecraft:recipes/building_blocks/chiseled_tuff_bricks_from_tuff_stonecutting": {
    "criteria": {
      "has_tuff": "2024-08-09 18:58:13 +0000"
    },
    "done": true
  },
  "minecraft:recipes/building_blocks/coarse_dirt": {
    "criteria": {
      "has_gravel": "2024-08-09 18:56:36 +0000"
    },
    "done": true
  },
  "minecraft:recipes/building_blocks/deepslate_tile_stairs_from_cobbled_deepslate_stonecutting": {
    "criteria": {
      "has_cobbled_deepslate": "2024-08-09 18:56:39 +0000"
    },
    "done": true
  },
  "minecraft:recipes/building_blocks/light_gray_concrete_powder": {
    "criteria": {
      "has_gravel": "2024-08-09 18:56:36 +0000"
    },
    "done": true
  },
  "minecraft:recipes/building_blocks/pink_concrete_powder": {
    "criteria": {
      "has_gravel": "2024-08-09 18:56:36 +0000"
    },
    "done": true
  },
  "minecraft:recipes/building_blocks/tuff_bricks_from_tuff_stonecutting": {
    "criteria": {
      "has_tuff": "2024-08-09 18:58:13 +0000"
    },
    "done": true
  },
  "minecraft:recipes/redstone/oxidized_copper_bulb": {
    "criteria": {
      "has_oxidized_copper": "2024-08-09 18:48:11 +0000"
    },
    "done": true
  },
  "minecraft:recipes/combat/diamond_leggings": {
    "criteria": {
      "has_diamond": "2024-08-09 18:42:35 +0000"
    },
    "done": true
  },
  "minecraft:recipes/decorations/stone_brick_wall": {
    "criteria": {
      "has_stone_bricks": "2024-08-09 18:56:43 +0000"
    },
    "done": true
  },
  "minecraft:recipes/decorations/prismarine_wall_from_prismarine_stonecutting": {
    "criteria": {
      "has_prismarine": "2024-08-09 18:48:25 +0000"
    },
    "done": true
  },
  "hopo:minecraft/adventure/locate_underwater_city": {
    "criteria": {
      "locate_underwater_city": "2024-08-09 18:46:45 +0000"
    },
    "done": true
  },
  "minecraft:recipes/food/baked_potato_from_campfire_cooking": {
    "criteria": {
      "has_potato": "2024-08-09 18:38:28 +0000"
    },
    "done": true
  },
  "minecraft:story/deflect_arrow": {
    "criteria": {
      "deflected_skeleton": "2024-08-09 18:30:38 +0000"
    },
    "done": true
  },
  "minecraft:story/iron_tools": {
    "criteria": {
      "iron_pickaxe": "2024-08-09 18:58:50 +0000"
    },
    "done": true
  },
  "minecraft:recipes/building_blocks/red_concrete_powder": {
    "criteria": {
      "has_gravel": "2024-08-09 18:56:36 +0000"
    },
    "done": true
  },
  "minecraft:recipes/building_blocks/deepslate_brick_stairs_from_cobbled_deepslate_stonecutting": {
    "criteria": {
      "has_cobbled_deepslate": "2024-08-09 18:56:39 +0000"
    },
    "done": true
  },
  "minecraft:recipes/misc/book": {
    "criteria": {
      "has_paper": "2024-08-09 18:38:27 +0000"
    },
    "done": true
  },
  "minecraft:recipes/building_blocks/oxidized_copper_grate": {
    "criteria": {
      "has_oxidized_copper": "2024-08-09 18:48:11 +0000"
    },
    "done": true
  },
  "minecraft:recipes/building_blocks/brown_concrete_powder": {
    "criteria": {
      "has_gravel": "2024-08-09 18:56:36 +0000"
    },
    "done": true
  },
  "blazeandcave:building/en_garde": {
    "criteria": {
      "fence": "2024-08-09 18:38:33 +0000"
    },
    "done": true
  },
  "minecraft:recipes/combat/diamond_sword": {
    "criteria": {
      "has_diamond": "2024-08-09 18:42:35 +0000"
    },
    "done": true
  },
  "minecraft:recipes/decorations/jukebox": {
    "criteria": {
      "has_diamond": "2024-08-09 18:42:35 +0000"
    },
    "done": true
  },
  "minecraft:recipes/building_blocks/cracked_stone_bricks": {
    "criteria": {
      "has_stone_bricks": "2024-08-09 18:56:43 +0000"
    },
    "done": true
  },
  "blazeandcave:building/harry_potter": {
    "criteria": {
      "lily_of_the_valley": "2024-08-09 18:44:50 +0000"
    },
    "done": false
  },
  "minecraft:recipes/building_blocks/stone_brick_stairs_from_stone_bricks_stonecutting": {
    "criteria": {
      "has_stone_bricks": "2024-08-09 18:56:43 +0000"
    },
    "done": true
  },
  "minecraft:recipes/building_blocks/light_blue_concrete_powder": {
    "criteria": {
      "has_gravel": "2024-08-09 18:56:36 +0000"
    },
    "done": true
  },
  "minecraft:recipes/building_blocks/polished_tuff_slab_from_tuff_stonecutting": {
    "criteria": {
      "has_tuff": "2024-08-09 18:58:13 +0000"
    },
    "done": true
  },
  "minecraft:recipes/building_blocks/oxidized_cut_copper": {
    "criteria": {
      "has_oxidized_copper": "2024-08-09 18:48:11 +0000"
    },
    "done": true
  },
  "minecraft:recipes/combat/diamond_chestplate": {
    "criteria": {
      "has_diamond": "2024-08-09 18:42:35 +0000"
    },
    "done": true
  },
  "minecraft:recipes/building_blocks/green_concrete_powder": {
    "criteria": {
      "has_gravel": "2024-08-09 18:56:36 +0000"
    },
    "done": true
  },
  "minecraft:recipes/food/baked_potato": {
    "criteria": {
      "has_potato": "2024-08-09 18:38:28 +0000"
    },
    "done": true
  },
  "minecraft:recipes/misc/gold_ingot_from_nuggets": {
    "criteria": {
      "has_gold_nugget": "2024-08-09 18:42:35 +0000"
    },
    "done": true
  },
  "minecraft:recipes/building_blocks/oxidized_cut_copper_from_oxidized_copper_stonecutting": {
    "criteria": {
      "has_oxidized_copper": "2024-08-09 18:48:11 +0000"
    },
    "done": true
  },
  "blazeandcave:monsters/ooh_baby": {
    "criteria": {
      "drowned": "2024-08-09 18:54:48 +0000"
    },
    "done": true
  },
  "minecraft:recipes/building_blocks/stone_brick_stairs": {
    "criteria": {
      "has_stone_bricks": "2024-08-09 18:56:43 +0000"
    },
    "done": true
  },
  "minecraft:recipes/building_blocks/tuff_stairs": {
    "criteria": {
      "has_tuff": "2024-08-09 18:58:13 +0000"
    },
    "done": true
  },
  "blazeandcave:building/barrel_rider": {
    "criteria": {
      "barrel": "2024-08-09 18:43:15 +0000"
    },
    "done": true
  },
  "minecraft:recipes/building_blocks/blue_concrete_powder": {
    "criteria": {
      "has_gravel": "2024-08-09 18:56:36 +0000"
    },
    "done": true
  },
  "blazeandcave:biomes/dolphin_dasher": {
    "criteria": {
      "dolphins_grace": "2024-08-09 18:43:11 +0000"
    },
    "done": true
  },
  "minecraft:recipes/building_blocks/dark_prismarine_stairs": {
    "criteria": {
      "has_dark_prismarine": "2024-08-09 18:56:34 +0000"
    },
    "done": true
  },
  "minecraft:recipes/building_blocks/chiseled_deepslate_from_cobbled_deepslate_stonecutting": {
    "criteria": {
      "has_cobbled_deepslate": "2024-08-09 18:56:39 +0000"
    },
    "done": true
  },
  "minecraft:recipes/building_blocks/chiseled_stone_bricks": {
    "criteria": {
      "has_tag": "2024-08-09 18:56:43 +0000"
    },
    "done": true
  },
  "minecraft:recipes/building_blocks/cobbled_deepslate_slab": {
    "criteria": {
      "has_cobbled_deepslate": "2024-08-09 18:56:39 +0000"
    },
    "done": true
  },
  "blazeandcave:building/stationary_storage": {
    "criteria": {
      "chest": "2024-08-09 18:40:43 +0000"
    },
    "done": true
  },
  "minecraft:recipes/brewing/golden_carrot": {
    "criteria": {
      "has_gold_nugget": "2024-08-09 18:42:35 +0000"
    },
    "done": true
  },
  "minecraft:recipes/decorations/cobbled_deepslate_wall_from_cobbled_deepslate_stonecutting": {
    "criteria": {
      "has_cobbled_deepslate": "2024-08-09 18:56:39 +0000"
    },
    "done": true
  },
  "minecraft:recipes/decorations/tuff_brick_wall_from_tuff_stonecutting": {
    "criteria": {
      "has_tuff": "2024-08-09 18:58:13 +0000"
    },
    "done": true
  },
  "minecraft:recipes/decorations/prismarine_wall": {
    "criteria": {
      "has_prismarine": "2024-08-09 18:48:25 +0000"
    },
    "done": true
  },
  "minecraft:recipes/decorations/mossy_stone_brick_wall": {
    "criteria": {
      "has_mossy_stone_bricks": "2024-08-09 18:57:07 +0000"
    },
    "done": true
  },
  "blazeandcave:mining/deep_slate_nine": {
    "criteria": {
      "deepslate_level": "2024-08-09 18:48:00 +0000"
    },
    "done": true
  },
  "minecraft:recipes/building_blocks/prismarine_slab_from_prismarine_stonecutting": {
    "criteria": {
      "has_prismarine": "2024-08-09 18:48:25 +0000"
    },
    "done": true
  },
  "minecraft:recipes/building_blocks/white_concrete_powder": {
    "criteria": {
      "has_gravel": "2024-08-09 18:56:36 +0000"
    },
    "done": true
  },
  "minecraft:recipes/tools/diamond_pickaxe": {
    "criteria": {
      "has_diamond": "2024-08-09 18:42:35 +0000"
    },
    "done": true
  },
  "minecraft:recipes/building_blocks/chiseled_tuff_from_tuff_stonecutting": {
    "criteria": {
      "has_tuff": "2024-08-09 18:58:13 +0000"
    },
    "done": true
  },
  "minecraft:recipes/building_blocks/polished_tuff_stairs_from_tuff_stonecutting": {
    "criteria": {
      "has_tuff": "2024-08-09 18:58:13 +0000"
    },
    "done": true
  },
  "minecraft:recipes/decorations/cobbled_deepslate_wall": {
    "criteria": {
      "has_cobbled_deepslate": "2024-08-09 18:56:39 +0000"
    },
    "done": true
  },
  "minecraft:recipes/decorations/polished_deepslate_wall_from_cobbled_deepslate_stonecutting": {
    "criteria": {
      "has_cobbled_deepslate": "2024-08-09 18:56:39 +0000"
    },
    "done": true
  },
  "minecraft:recipes/building_blocks/tuff_brick_stairs_from_tuff_stonecutting": {
    "criteria": {
      "has_tuff": "2024-08-09 18:58:13 +0000"
    },
    "done": true
  },
  "blazeandcave:potion/marine_marauder": {
    "criteria": {
      "water_breathing": "2024-08-09 18:46:39 +0000"
    },
    "done": true
  },
  "minecraft:recipes/building_blocks/mossy_stone_brick_slab": {
    "criteria": {
      "has_mossy_stone_bricks": "2024-08-09 18:57:07 +0000"
    },
    "done": true
  },
  "blazeandcave:building/deepslate_conspiracy": {
    "criteria": {
      "cobbled_deepslate": "2024-08-09 18:56:39 +0000"
    },
    "done": false
  },
  "minecraft:recipes/misc/coast_armor_trim_smithing_template_smithing_trim": {
    "criteria": {
      "has_smithing_trim_template": "2024-08-09 18:42:36 +0000"
    },
    "done": true
  },
  "minecraft:recipes/building_blocks/oxidized_copper_grate_from_oxidized_copper_stonecutting": {
    "criteria": {
      "has_oxidized_copper": "2024-08-09 18:48:11 +0000"
    },
    "done": true
  },
  "minecraft:recipes/building_blocks/tuff_slab_from_tuff_stonecutting": {
    "criteria": {
      "has_tuff": "2024-08-09 18:58:13 +0000"
    },
    "done": true
  },
  "minecraft:recipes/building_blocks/oxidized_cut_copper_slab_from_oxidized_copper_stonecutting": {
    "criteria": {
      "has_oxidized_copper": "2024-08-09 18:48:11 +0000"
    },
    "done": true
  },
  "minecraft:recipes/building_blocks/cobbled_deepslate_stairs_from_cobbled_deepslate_stonecutting": {
    "criteria": {
      "has_cobbled_deepslate": "2024-08-09 18:56:39 +0000"
    },
    "done": true
  },
  "minecraft:recipes/tools/diamond_hoe": {
    "criteria": {
      "has_diamond": "2024-08-09 18:42:35 +0000"
    },
    "done": true
  },
  "minecraft:recipes/tools/diamond_shovel": {
    "criteria": {
      "has_diamond": "2024-08-09 18:42:35 +0000"
    },
    "done": true
  },
  "minecraft:recipes/building_blocks/deepslate": {
    "criteria": {
      "has_cobbled_deepslate": "2024-08-09 18:56:39 +0000"
    },
    "done": true
  },
  "minecraft:recipes/building_blocks/dark_prismarine_slab": {
    "criteria": {
      "has_dark_prismarine": "2024-08-09 18:56:34 +0000"
    },
    "done": true
  },
  "minecraft:recipes/decorations/stone_brick_wall_from_stone_bricks_stonecutting": {
    "criteria": {
      "has_stone_bricks": "2024-08-09 18:56:43 +0000"
    },
    "done": true
  },
  "blazeandcave:monsters/tridented_shield": {
    "criteria": {
      "deflected_trident": "2024-08-09 18:52:56 +0000"
    },
    "done": true
  },
  "minecraft:recipes/building_blocks/prismarine_stairs_from_prismarine_stonecutting": {
    "criteria": {
      "has_prismarine": "2024-08-09 18:48:25 +0000"
    },
    "done": true
  },
  "minecraft:recipes/building_blocks/polished_tuff_from_tuff_stonecutting": {
    "criteria": {
      "has_tuff": "2024-08-09 18:58:13 +0000"
    },
    "done": true
  },
  "minecraft:recipes/building_blocks/polished_deepslate_stairs_from_cobbled_deepslate_stonecutting": {
    "criteria": {
      "has_cobbled_deepslate": "2024-08-09 18:56:39 +0000"
    },
    "done": true
  },
  "blazeandcave:building/pot_planter": {
    "criteria": {
      "flower_pot": "2024-08-09 18:44:47 +0000"
    },
    "done": true
  },
  "blazeandcave:monsters/what_a_creep": {
    "criteria": {
      "creeper": "2024-08-09 18:30:31 +0000"
    },
    "done": true
  },
  "minecraft:recipes/combat/diamond_boots": {
    "criteria": {
      "has_diamond": "2024-08-09 18:42:35 +0000"
    },
    "done": true
  },
  "minecraft:recipes/building_blocks/lime_concrete_powder": {
    "criteria": {
      "has_gravel": "2024-08-09 18:56:36 +0000"
    },
    "done": true
  },
  "minecraft:recipes/building_blocks/dark_prismarine_stairs_from_dark_prismarine_stonecutting": {
    "criteria": {
      "has_dark_prismarine": "2024-08-09 18:56:34 +0000"
    },
    "done": true
  },
  "minecraft:recipes/building_blocks/oxidized_cut_copper_stairs_from_oxidized_copper_stonecutting": {
    "criteria": {
      "has_oxidized_copper": "2024-08-09 18:48:11 +0000"
    },
    "done": true
  },
  "minecraft:recipes/decorations/deepslate_brick_wall_from_cobbled_deepslate_stonecutting": {
    "criteria": {
      "has_cobbled_deepslate": "2024-08-09 18:56:39 +0000"
    },
    "done": true
  },
  "blazeandcave:monsters/baby_baby_baby_noo": {
    "criteria": {
      "drowned": "2024-08-09 18:54:48 +0000"
    },
    "done": false
  },
  "minecraft:recipes/building_blocks/polished_deepslate_from_cobbled_deepslate_stonecutting": {
    "criteria": {
      "has_cobbled_deepslate": "2024-08-09 18:56:39 +0000"
    },
    "done": true
  },
  "minecraft:recipes/building_blocks/polished_deepslate_slab_from_cobbled_deepslate_stonecutting": {
    "criteria": {
      "has_cobbled_deepslate": "2024-08-09 18:56:39 +0000"
    },
    "done": true
  },
  "minecraft:recipes/building_blocks/orange_concrete_powder": {
    "criteria": {
      "has_gravel": "2024-08-09 18:56:36 +0000"
    },
    "done": true
  },
  "minecraft:recipes/building_blocks/tuff_slab": {
    "criteria": {
      "has_tuff": "2024-08-09 18:58:13 +0000"
    },
    "done": true
  },
  "minecraft:recipes/building_blocks/tuff_brick_slab_from_tuff_stonecutting": {
    "criteria": {
      "has_tuff": "2024-08-09 18:58:13 +0000"
    },
    "done": true
  },
  "minecraft:recipes/decorations/polished_tuff_wall_from_tuff_stonecutting": {
    "criteria": {
      "has_tuff": "2024-08-09 18:58:13 +0000"
    },
    "done": true
  },
  "minecraft:recipes/building_blocks/deepslate_brick_slab_from_cobbled_deepslate_stonecutting": {
    "criteria": {
      "has_cobbled_deepslate": "2024-08-09 18:56:39 +0000"
    },
    "done": true
  },
  "minecraft:recipes/building_blocks/waxed_oxidized_copper_from_honeycomb": {
    "criteria": {
      "has_oxidized_copper": "2024-08-09 18:48:11 +0000"
    },
    "done": true
  },
  "blazeandcave:mining/the_statue_of_liberty": {
    "criteria": {
      "oxidized_copper": "2024-08-09 18:48:11 +0000"
    },
    "done": true
  },
  "minecraft:recipes/building_blocks/cobbled_deepslate_slab_from_cobbled_deepslate_stonecutting": {
    "criteria": {
      "has_cobbled_deepslate": "2024-08-09 18:56:39 +0000"
    },
    "done": true
  },
  "minecraft:recipes/misc/white_dye_from_lily_of_the_valley": {
    "criteria": {
      "has_lily_of_the_valley": "2024-08-09 18:42:36 +0000"
    },
    "done": true
  },
  "minecraft:recipes/decorations/tuff_wall": {
    "criteria": {
      "has_tuff": "2024-08-09 18:58:13 +0000"
    },
    "done": true
  },
  "minecraft:recipes/building_blocks/magenta_concrete_powder": {
    "criteria": {
      "has_gravel": "2024-08-09 18:56:36 +0000"
    },
    "done": true
  },
  "minecraft:recipes/building_blocks/stone_brick_slab_from_stone_bricks_stonecutting": {
    "criteria": {
      "has_stone_bricks": "2024-08-09 18:56:43 +0000"
    },
    "done": true
  },
  "minecraft:recipes/building_blocks/deepslate_tile_slab_from_cobbled_deepslate_stonecutting": {
    "criteria": {
      "has_cobbled_deepslate": "2024-08-09 18:56:39 +0000"
    },
    "done": true
  },
  "minecraft:recipes/building_blocks/cobbled_deepslate_stairs": {
    "criteria": {
      "has_cobbled_deepslate": "2024-08-09 18:56:39 +0000"
    },
    "done": true
  },
  "minecraft:recipes/building_blocks/mossy_stone_brick_stairs": {
    "criteria": {
      "has_mossy_stone_bricks": "2024-08-09 18:57:07 +0000"
    },
    "done": true
  },
  "minecraft:recipes/building_blocks/stone_brick_slab": {
    "criteria": {
      "has_stone_bricks": "2024-08-09 18:56:43 +0000"
    },
    "done": true
  },
  "minecraft:recipes/food/baked_potato_from_smoking": {
    "criteria": {
      "has_potato": "2024-08-09 18:38:28 +0000"
    },
    "done": true
  },
  "minecraft:recipes/misc/coast_armor_trim_smithing_template": {
    "criteria": {
      "has_coast_armor_trim_smithing_template": "2024-08-09 18:42:36 +0000"
    },
    "done": true
  },
  "minecraft:recipes/combat/diamond_helmet": {
    "criteria": {
      "has_diamond": "2024-08-09 18:42:35 +0000"
    },
    "done": true
  },
  "minecraft:recipes/decorations/tuff_wall_from_tuff_stonecutting": {
    "criteria": {
      "has_tuff": "2024-08-09 18:58:13 +0000"
    },
    "done": true
  },
  "minecraft:recipes/building_blocks/chiseled_stone_bricks_from_stone_bricks_stonecutting": {
    "criteria": {
      "has_stone_bricks": "2024-08-09 18:56:43 +0000"
    },
    "done": true
  },
  "blazeandcave:adventure/town_planner": {
    "criteria": {
      "barrel": "2024-08-09 18:43:15 +0000",
      "smoker": "2024-08-09 18:44:27 +0000"
    },
    "done": false
  },
  "blazeandcave:building/tuff_stuff": {
    "criteria": {
      "tuff": "2024-08-09 18:58:13 +0000"
    },
    "done": false
  },
  "minecraft:recipes/building_blocks/yellow_concrete_powder": {
    "criteria": {
      "has_gravel": "2024-08-09 18:56:36 +0000"
    },
    "done": true
  },
  "minecraft:recipes/building_blocks/prismarine_stairs": {
    "criteria": {
      "has_prismarine": "2024-08-09 18:48:25 +0000"
    },
    "done": true
  },
  "blazeandcave:bacap/potion_milestone": {
    "criteria": {
      "marine_marauder": "2024-08-09 18:46:40 +0000"
    },
    "done": false
  },
  "blazeandcave:adventure/good_lookin_treasure": {
    "criteria": {
      "trim_templates": "2024-08-09 18:42:36 +0000"
    },
    "done": true
  },
  "minecraft:recipes/decorations/deepslate_tile_wall_from_cobbled_deepslate_stonecutting": {
    "criteria": {
      "has_cobbled_deepslate": "2024-08-09 18:56:39 +0000"
    },
    "done": true
  },
  "minecraft:recipes/building_blocks/gray_concrete_powder": {
    "criteria": {
      "has_gravel": "2024-08-09 18:56:36 +0000"
    },
    "done": true
  },
  "minecraft:recipes/building_blocks/tuff_stairs_from_tuff_stonecutting": {
    "criteria": {
      "has_tuff": "2024-08-09 18:58:13 +0000"
    },
    "done": true
  },
  "minecraft:recipes/building_blocks/black_concrete_powder": {
    "criteria": {
      "has_gravel": "2024-08-09 18:56:36 +0000"
    },
    "done": true
  },
  "minecraft:recipes/decorations/cartography_table": {
    "criteria": {
      "has_paper": "2024-08-09 18:38:27 +0000"
    },
    "done": true
  },
  "blazeandcave:mining/not_chicken_mcnuggets": {
    "criteria": {
      "iron_nugget": "2024-08-09 18:57:15 +0000"
    },
    "done": true
  },
  "minecraft:recipes/building_blocks/deepslate_bricks_from_cobbled_deepslate_stonecutting": {
    "criteria": {
      "has_cobbled_deepslate": "2024-08-09 18:56:39 +0000"
    },
    "done": true
  },
  "minecraft:recipes/building_blocks/diamond_block": {
    "criteria": {
      "has_diamond": "2024-08-09 18:42:35 +0000"
    },
    "done": true
  },
  "minecraft:recipes/building_blocks/oxidized_chiseled_copper_from_oxidized_copper_stonecutting": {
    "criteria": {
      "has_oxidized_copper": "2024-08-09 18:48:11 +0000"
    },
    "done": true
  },
  "minecraft:recipes/building_blocks/dark_prismarine_slab_from_dark_prismarine_stonecutting": {
    "criteria": {
      "has_dark_prismarine": "2024-08-09 18:56:34 +0000"
    },
    "done": true
  },
  "minecraft:recipes/building_blocks/polished_tuff": {
    "criteria": {
      "has_tuff": "2024-08-09 18:58:13 +0000"
    },
    "done": true
  },
  "minecraft:recipes/building_blocks/mossy_stone_brick_stairs_from_mossy_stone_brick_stonecutting": {
    "criteria": {
      "has_mossy_stone_bricks": "2024-08-09 18:57:07 +0000"
    },
    "done": true
  },
  "minecraft:recipes/building_blocks/deepslate_tiles_from_cobbled_deepslate_stonecutting": {
    "criteria": {
      "has_cobbled_deepslate": "2024-08-09 18:56:39 +0000"
    },
    "done": true
  },
  "minecraft:recipes/building_blocks/purple_concrete_powder": {
    "criteria": {
      "has_gravel": "2024-08-09 18:56:36 +0000"
    },
    "done": true
  },
  "minecraft:recipes/building_blocks/prismarine_slab": {
    "criteria": {
      "has_prismarine": "2024-08-09 18:48:25 +0000"
    },
    "done": true
  },
  "blazeandcave:building/fake_stronghold": {
    "criteria": {
      "normal": "2024-08-09 18:56:43 +0000",
      "mossy": "2024-08-09 18:57:07 +0000",
      "cracked": "2024-08-09 18:56:45 +0000"
    },
    "done": false
  },
  "minecraft:story/mine_diamond": {
    "criteria": {
      "diamond": "2024-08-09 18:42:35 +0000"
    },
    "done": true
  },
  "minecraft:recipes/building_blocks/cyan_concrete_powder": {
    "criteria": {
      "has_gravel": "2024-08-09 18:56:36 +0000"
    },
    "done": true
  },
  "minecraft:recipes/decorations/mossy_stone_brick_wall_from_mossy_stone_brick_stonecutting": {
    "criteria": {
      "has_mossy_stone_bricks": "2024-08-09 18:57:07 +0000"
    },
    "done": true
  },
  "minecraft:recipes/tools/diamond_axe": {
    "criteria": {
      "has_diamond": "2024-08-09 18:42:35 +0000"
    },
    "done": true
  },
  "minecraft:recipes/building_blocks/mossy_stone_brick_slab_from_mossy_stone_brick_stonecutting": {
    "criteria": {
      "has_mossy_stone_bricks": "2024-08-09 18:57:07 +0000"
    },
    "done": true
  },
  "minecraft:recipes/misc/iron_ingot_from_nuggets": {
    "criteria": {
      "has_iron_nugget": "2024-08-09 18:57:15 +0000"
    },
    "done": true
  },
  "DataVersion": 3953
}