{
  "minecraft:recipes/decorations/crafting_table": {
    "criteria": {
      "unlock_right_away": "2024-08-09 16:48:59 +0000"
    },
    "done": true
  },
  "ethrium:root": {
    "criteria": {
      "tick": "2024-08-09 16:48:59 +0000"
    },
    "done": true
  },
  "nmr:progression/root": {
    "criteria": {
      "requirement": "2024-08-09 16:48:59 +0000"
    },
    "done": true
  },
  "blazeandcave:biomes/one_with_the_forest": {
    "criteria": {
      "old_growth_birch_forest": "2024-08-09 16:49:23 +0000",
      "old_growth_pine_taiga": "2024-08-09 16:49:01 +0000",
      "dark_forest": "2024-08-09 17:19:35 +0000"
    },
    "done": false
  },
  "blazeandcave:challenges/explorer_of_worlds": {
    "criteria": {
      "old_growth_birch_forest": "2024-08-09 16:49:23 +0000",
      "lukewarm_ocean": "2024-08-09 17:41:30 +0000",
      "ocean": "2024-08-09 17:39:36 +0000",
      "dark_forest": "2024-08-09 17:19:35 +0000",
      "old_growth_pine_taiga": "2024-08-09 16:49:01 +0000",
      "beach": "2024-08-09 17:27:01 +0000",
      "deep_lukewarm_ocean": "2024-08-09 18:13:21 +0000",
      "river": "2024-08-09 17:26:07 +0000",
      "deep_ocean": "2024-08-09 18:27:50 +0000"
    },
    "done": false
  },
  "blazeandcave:bacap/root": {
    "criteria": {
      "location": "2024-08-09 16:49:01 +0000"
    },
    "done": true
  },
  "nmr:technical/setup_player_bossbar": {
    "criteria": {
      "requirement": "2024-08-09 16:49:01 +0000"
    },
    "done": true
  },
  "minecraft:adventure/adventuring_time": {
    "criteria": {
      "lukewarm_ocean": "2024-08-09 17:41:30 +0000",
      "ocean": "2024-08-09 17:39:36 +0000",
      "dark_forest": "2024-08-09 17:19:35 +0000",
      "beach": "2024-08-09 17:27:01 +0000",
      "birch_forest": "2024-08-09 16:49:23 +0000",
      "river": "2024-08-09 17:26:07 +0000",
      "old_growth_taiga": "2024-08-09 16:49:01 +0000"
    },
    "done": false
  },
  "blazeandcave:bacap/advancement_legend": {
    "criteria": {
      "diamonds": "2024-08-09 18:09:44 +0000",
      "benchmarking": "2024-08-09 18:10:36 +0000",
      "bacap_root": "2024-08-09 16:49:02 +0000",
      "deep_slate_nine": "2024-08-09 18:46:49 +0000",
      "mining_root": "2024-08-09 18:42:10 +0000",
      "flipper": "2024-08-09 18:47:14 +0000",
      "unbreakable": "2024-08-09 18:09:53 +0000",
      "weaponry_root": "2024-08-09 17:17:03 +0000",
      "suit_up": "2024-08-09 18:00:37 +0000",
      "tarzan": "2024-08-09 18:31:54 +0000",
      "respecting_the_remnants": "2024-08-09 18:04:51 +0000",
      "marine_marauder": "2024-08-09 18:46:38 +0000",
      "time_to_chop": "2024-08-09 17:17:19 +0000",
      "not_today_thank_you": "2024-08-09 18:30:26 +0000",
      "spooky_skeleton": "2024-08-09 18:30:30 +0000",
      "viking": "2024-08-09 17:21:33 +0000",
      "delicious_fish": "2024-08-09 17:15:45 +0000",
      "the_statue_of_liberty": "2024-08-09 18:48:13 +0000",
      "bake_bread": "2024-08-09 16:57:33 +0000",
      "monsters_root": "2024-08-09 17:17:03 +0000",
      "torched": "2024-08-09 17:06:03 +0000",
      "fireworks_display": "2024-08-09 17:56:25 +0000",
      "click": "2024-08-09 18:40:47 +0000",
      "adventure_root": "2024-08-09 17:21:12 +0000",
      "kilometre_walk": "2024-08-09 17:59:33 +0000",
      "cut_in_half": "2024-08-09 18:12:28 +0000",
      "getting_wood": "2024-08-09 17:16:11 +0000",
      "good_lookin_treasure": "2024-08-09 18:06:03 +0000",
      "isnt_it_iron_pick": "2024-08-09 18:42:10 +0000",
      "just_keep_swimming": "2024-08-09 16:49:24 +0000",
      "gold_rush": "2024-08-09 17:57:01 +0000",
      "boatception": "2024-08-09 18:06:26 +0000",
      "leveraging_synergy": "2024-08-09 17:22:59 +0000",
      "time_to_strike": "2024-08-09 17:17:03 +0000",
      "dead_dont_die": "2024-08-09 18:29:30 +0000",
      "acquire_hardware": "2024-08-09 18:00:37 +0000",
      "luxury_cruise": "2024-08-09 17:59:03 +0000",
      "the_first_night": "2024-08-09 17:10:51 +0000",
      "sir_knight": "2024-08-09 18:10:48 +0000",
      "what_a_creep": "2024-08-09 18:29:25 +0000",
      "building_root": "2024-08-09 18:10:36 +0000",
      "sweet_dreams": "2024-08-09 17:24:20 +0000",
      "heart_of_darkness": "2024-08-09 17:05:56 +0000",
      "ladder_climbers_inc": "2024-08-09 17:19:46 +0000",
      "write_your_thoughts": "2024-08-09 17:24:50 +0000",
      "change_of_sheets": "2024-08-09 17:23:22 +0000",
      "the_sea_calls_you": "2024-08-09 17:39:37 +0000",
      "death_pointer": "2024-08-09 18:49:21 +0000",
      "its_full_of_ink": "2024-08-09 17:43:17 +0000",
      "iron_man": "2024-08-09 18:09:55 +0000",
      "animal_root": "2024-08-09 17:15:45 +0000",
      "for_you_my_sweet": "2024-08-09 16:58:04 +0000",
      "an_amazing_story": "2024-08-09 17:24:50 +0000",
      "pushed_around": "2024-08-09 17:42:51 +0000",
      "boaty_mcboatface": "2024-08-09 17:39:27 +0000",
      "shield_luck": "2024-08-09 18:30:26 +0000",
      "laps_in_the_pool": "2024-08-09 18:47:08 +0000",
      "monster_hunter": "2024-08-09 17:21:12 +0000",
      "statistics_root": "2024-08-09 17:10:52 +0000",
      "time_to_mine": "2024-08-09 18:42:10 +0000",
      "biomes_root": "2024-08-09 17:21:12 +0000",
      "there_has_to_be_another_way": "2024-08-09 18:31:50 +0000",
      "your_door_was_locked": "2024-08-09 18:23:41 +0000",
      "ahoy": "2024-08-09 18:05:24 +0000",
      "dolphin_dasher": "2024-08-09 17:43:05 +0000",
      "stairs_no": "2024-08-09 18:09:22 +0000"
    },
    "done": false
  },
  "minecraft:recipes/transportation/cherry_boat": {
    "criteria": {
      "in_water": "2024-08-09 16:49:23 +0000"
    },
    "done": true
  },
  "minecraft:recipes/transportation/bamboo_raft": {
    "criteria": {
      "in_water": "2024-08-09 16:49:23 +0000"
    },
    "done": true
  },
  "minecraft:recipes/transportation/spruce_boat": {
    "criteria": {
      "in_water": "2024-08-09 16:49:23 +0000"
    },
    "done": true
  },
  "minecraft:recipes/transportation/birch_boat": {
    "criteria": {
      "in_water": "2024-08-09 16:49:23 +0000"
    },
    "done": true
  },
  "minecraft:recipes/transportation/oak_boat": {
    "criteria": {
      "in_water": "2024-08-09 16:49:23 +0000"
    },
    "done": true
  },
  "minecraft:recipes/transportation/mangrove_boat": {
    "criteria": {
      "in_water": "2024-08-09 16:49:23 +0000"
    },
    "done": true
  },
  "blazeandcave:biomes/just_keep_swimming": {
    "criteria": {
      "enter_water": "2024-08-09 16:49:23 +0000"
    },
    "done": true
  },
  "blazeandcave:technical/fail_dragon_vs": {
    "criteria": {
      "enter_water": "2024-08-09 16:49:23 +0000"
    },
    "done": true
  },
  "minecraft:recipes/transportation/acacia_boat": {
    "criteria": {
      "in_water": "2024-08-09 16:49:23 +0000"
    },
    "done": true
  },
  "minecraft:recipes/transportation/jungle_boat": {
    "criteria": {
      "in_water": "2024-08-09 16:49:23 +0000"
    },
    "done": true
  },
  "minecraft:recipes/transportation/dark_oak_boat": {
    "criteria": {
      "in_water": "2024-08-09 16:49:23 +0000"
    },
    "done": true
  },
  "blazeandcave:bacap/biomes_milestone": {
    "criteria": {
      "kilometre_walk": "2024-08-09 17:59:33 +0000",
      "flipper": "2024-08-09 18:47:14 +0000",
      "just_keep_swimming": "2024-08-09 16:49:24 +0000",
      "for_you_my_sweet": "2024-08-09 16:58:04 +0000",
      "root": "2024-08-09 17:21:12 +0000",
      "pushed_around": "2024-08-09 17:42:51 +0000",
      "boaty_mcboatface": "2024-08-09 17:39:27 +0000",
      "tarzan": "2024-08-09 18:31:54 +0000",
      "the_sea_calls_you": "2024-08-09 17:39:37 +0000",
      "dolphin_dasher": "2024-08-09 17:43:05 +0000",
      "ahoy": "2024-08-09 18:05:24 +0000",
      "boatception": "2024-08-09 18:06:26 +0000"
    },
    "done": false
  },
  "blazeandcave:challenges/stack_all_the_items": {
    "criteria": {
      "water_bucket": "2024-08-09 17:56:13 +0000",
      "shield": "2024-08-09 18:10:47 +0000",
      "potion": "2024-08-09 18:24:47 +0000",
      "cod_bucket": "2024-08-09 17:55:40 +0000",
      "iron_chestplate": "2024-08-09 18:00:30 +0000",
      "wooden_sword": "2024-08-09 17:17:02 +0000",
      "iron_leggings": "2024-08-09 18:09:30 +0000",
      "wooden_axe": "2024-08-09 17:17:18 +0000",
      "iron_axe": "2024-08-09 18:01:19 +0000",
      "writable_book": "2024-08-09 17:24:49 +0000",
      "iron_boots": "2024-08-09 18:09:52 +0000",
      "leather_leggings": "2024-08-09 18:06:01 +0000",
      "iron_sword": "2024-08-09 18:10:42 +0000",
      "splash_potion": "2024-08-09 18:43:09 +0000",
      "iron_pickaxe": "2024-08-09 18:42:09 +0000",
      "leather_helmet": "2024-08-09 16:57:32 +0000",
      "iron_helmet": "2024-08-09 18:00:28 +0000",
      "stone_axe": "2024-08-09 17:18:05 +0000",
      "enchanted_book": "2024-08-09 17:21:53 +0000"
    },
    "done": false
  },
  "blazeandcave:farming/bake_bread": {
    "criteria": {
      "bread": "2024-08-09 16:57:32 +0000"
    },
    "done": true
  },
  "blazeandcave:challenges/all_the_items": {
    "criteria": {
      "water_bucket": "2024-08-09 17:56:13 +0000",
      "arrow": "2024-08-09 18:30:30 +0000",
      "iron_chestplate": "2024-08-09 18:00:30 +0000",
      "baked_potato": "2024-08-09 18:31:57 +0000",
      "wooden_axe": "2024-08-09 17:17:18 +0000",
      "iron_axe": "2024-08-09 18:01:19 +0000",
      "recovery_compass": "2024-08-09 18:49:21 +0000",
      "gold_ingot": "2024-08-09 17:57:00 +0000",
      "experience_bottle": "2024-08-09 17:55:49 +0000",
      "iron_sword": "2024-08-09 18:10:42 +0000",
      "splash_potion": "2024-08-09 18:43:09 +0000",
      "firework_rocket": "2024-08-09 17:56:24 +0000",
      "written_book": "2024-08-09 17:24:49 +0000",
      "stick": "2024-08-09 17:17:00 +0000",
      "enchanted_book": "2024-08-09 17:21:53 +0000",
      "wheat_seeds": "2024-08-09 16:58:03 +0000",
      "coast_armor_trim": "2024-08-09 18:06:02 +0000",
      "echo_shard": "2024-08-09 18:49:21 +0000",
      "glow_berries": "2024-08-09 17:22:22 +0000",
      "wooden_sword": "2024-08-09 17:17:02 +0000",
      "gunpowder": "2024-08-09 18:29:25 +0000",
      "bucket": "2024-08-09 17:56:11 +0000",
      "writable_book": "2024-08-09 17:24:49 +0000",
      "leather_leggings": "2024-08-09 18:06:01 +0000",
      "leather_helmet": "2024-08-09 16:57:32 +0000",
      "nautilus_shell": "2024-08-09 17:59:02 +0000",
      "stone_axe": "2024-08-09 17:18:05 +0000",
      "emerald": "2024-08-09 17:23:16 +0000",
      "shield": "2024-08-09 18:10:47 +0000",
      "cod_bucket": "2024-08-09 17:55:40 +0000",
      "ink_sac": "2024-08-09 17:43:16 +0000",
      "iron_ingot": "2024-08-09 18:00:36 +0000",
      "spider_eye": "2024-08-09 17:26:44 +0000",
      "iron_boots": "2024-08-09 18:09:52 +0000",
      "iron_pickaxe": "2024-08-09 18:42:09 +0000",
      "wheat": "2024-08-09 18:09:58 +0000",
      "iron_helmet": "2024-08-09 18:00:28 +0000",
      "heartbreak_pottery_sherd": "2024-08-09 18:04:50 +0000",
      "pufferfish": "2024-08-09 18:47:07 +0000",
      "potion": "2024-08-09 18:24:47 +0000",
      "bread": "2024-08-09 16:57:32 +0000",
      "golden_apple": "2024-08-09 18:24:02 +0000",
      "ominous_bottle": "2024-08-09 18:03:29 +0000",
      "gold_nugget": "2024-08-09 17:56:51 +0000",
      "rotten_flesh": "2024-08-09 17:18:29 +0000",
      "bone": "2024-08-09 18:30:30 +0000",
      "iron_leggings": "2024-08-09 18:09:30 +0000",
      "beetroot": "2024-08-09 17:22:47 +0000",
      "diamond": "2024-08-09 18:09:43 +0000",
      "cooked_salmon": "2024-08-09 16:57:33 +0000",
      "carrot": "2024-08-09 18:00:25 +0000"
    },
    "done": false
  },
  "blazeandcave:bacap/farming_milestone": {
    "criteria": {
      "its_full_of_ink": "2024-08-09 17:43:17 +0000",
      "an_amazing_story": "2024-08-09 17:24:50 +0000",
      "bake_bread": "2024-08-09 16:57:33 +0000",
      "write_your_thoughts": "2024-08-09 17:24:50 +0000"
    },
    "done": false
  },
  "blazeandcave:challenges/all_the_blocks": {
    "criteria": {
      "dark_oak_log": "2024-08-09 18:15:09 +0000",
      "birch_door": "2024-08-09 18:23:41 +0000",
      "poppy": "2024-08-09 16:58:04 +0000",
      "spruce_slab": "2024-08-09 18:12:27 +0000",
      "oxidized_copper": "2024-08-09 18:48:12 +0000",
      "brown_mushroom": "2024-08-09 17:22:32 +0000",
      "cut_sandstone": "2024-08-09 18:22:52 +0000",
      "dark_oak_stairs": "2024-08-09 18:09:21 +0000",
      "dandelion": "2024-08-09 18:29:54 +0000",
      "lilac": "2024-08-09 16:58:04 +0000",
      "white_tulip": "2024-08-09 18:31:16 +0000",
      "spruce_planks": "2024-08-09 18:07:56 +0000",
      "lily_of_the_valley": "2024-08-09 18:38:14 +0000",
      "dark_oak_slab": "2024-08-09 18:38:13 +0000",
      "spruce_fence": "2024-08-09 18:00:00 +0000",
      "birch_log": "2024-08-09 17:16:11 +0000",
      "spruce_stairs": "2024-08-09 18:09:25 +0000",
      "dark_oak_sapling": "2024-08-09 17:27:58 +0000",
      "birch_planks": "2024-08-09 17:16:56 +0000",
      "crafting_table": "2024-08-09 18:10:35 +0000",
      "flower_pot": "2024-08-09 18:38:15 +0000",
      "dark_oak_planks": "2024-08-09 17:21:32 +0000",
      "dirt": "2024-08-09 17:05:52 +0000",
      "torch": "2024-08-09 16:57:33 +0000",
      "lantern": "2024-08-09 17:35:03 +0000",
      "brown_bed": "2024-08-09 18:02:03 +0000",
      "light_blue_bed": "2024-08-09 17:23:21 +0000",
      "cornflower": "2024-08-09 18:31:00 +0000",
      "decorated_pot": "2024-08-09 17:55:49 +0000"
    },
    "done": false
  },
  "minecraft:recipes/misc/magenta_dye_from_lilac": {
    "criteria": {
      "has_lilac": "2024-08-09 16:58:04 +0000"
    },
    "done": true
  },
  "minecraft:recipes/misc/red_dye_from_poppy": {
    "criteria": {
      "has_poppy": "2024-08-09 16:58:04 +0000"
    },
    "done": true
  },
  "blazeandcave:biomes/flower_power": {
    "criteria": {
      "lilac": "2024-08-09 16:58:04 +0000",
      "poppy": "2024-08-09 16:58:04 +0000",
      "white_tulip": "2024-08-09 18:31:16 +0000",
      "cornflower": "2024-08-09 18:31:00 +0000",
      "lily_of_the_valley": "2024-08-09 18:38:14 +0000",
      "dandelion": "2024-08-09 18:29:54 +0000"
    },
    "done": false
  },
  "blazeandcave:biomes/for_you_my_sweet": {
    "criteria": {
      "lilac": "2024-08-09 16:58:04 +0000"
    },
    "done": true
  },
  "blazeandcave:mining/heart_of_darkness": {
    "criteria": {
      "enter_cave": "2024-08-09 17:05:55 +0000"
    },
    "done": true
  },
  "blazeandcave:bacap/mining_milestone": {
    "criteria": {
      "diamonds": "2024-08-09 18:09:44 +0000",
      "acquire_hardware": "2024-08-09 18:00:37 +0000",
      "isnt_it_iron_pick": "2024-08-09 18:42:10 +0000",
      "the_statue_of_liberty": "2024-08-09 18:48:13 +0000",
      "iron_man": "2024-08-09 18:09:55 +0000",
      "gold_rush": "2024-08-09 17:57:01 +0000",
      "root": "2024-08-09 18:42:10 +0000",
      "heart_of_darkness": "2024-08-09 17:05:56 +0000",
      "deep_slate_nine": "2024-08-09 18:46:49 +0000",
      "suit_up": "2024-08-09 18:00:37 +0000",
      "death_pointer": "2024-08-09 18:49:21 +0000"
    },
    "done": false
  },
  "blazeandcave:building/torched": {
    "criteria": {
      "torch": "2024-08-09 17:06:03 +0000"
    },
    "done": true
  },
  "blazeandcave:bacap/building_milestone": {
    "criteria": {
      "cut_in_half": "2024-08-09 18:12:28 +0000",
      "sweet_dreams": "2024-08-09 17:24:20 +0000",
      "root": "2024-08-09 18:10:36 +0000",
      "ladder_climbers_inc": "2024-08-09 17:19:46 +0000",
      "torched": "2024-08-09 17:06:03 +0000",
      "change_of_sheets": "2024-08-09 17:23:22 +0000",
      "your_door_was_locked": "2024-08-09 18:23:41 +0000",
      "stairs_no": "2024-08-09 18:09:22 +0000"
    },
    "done": false
  },
  "blazeandcave:bacap/statistics_milestone": {
    "criteria": {
      "luxury_cruise": "2024-08-09 17:59:03 +0000",
      "root": "2024-08-09 17:10:52 +0000",
      "the_first_night": "2024-08-09 17:10:51 +0000",
      "laps_in_the_pool": "2024-08-09 18:47:08 +0000"
    },
    "done": false
  },
  "blazeandcave:statistics/the_first_night": {
    "criteria": {
      "trigger": "2024-08-09 17:10:51 +0000"
    },
    "done": true
  },
  "blazeandcave:statistics/root": {
    "criteria": {
      "the_first_night": "2024-08-09 17:10:51 +0000"
    },
    "done": true
  },
  "blazeandcave:technical/stat_branch2_mid": {
    "criteria": {
      "root": "2024-08-09 17:10:52 +0000"
    },
    "done": true
  },
  "blazeandcave:technical/stat_branch4_mid": {
    "criteria": {
      "root": "2024-08-09 17:10:52 +0000"
    },
    "done": true
  },
  "blazeandcave:technical/stat_branch6_mid": {
    "criteria": {
      "root": "2024-08-09 17:10:52 +0000"
    },
    "done": true
  },
  "blazeandcave:technical/stat_branch8_mid": {
    "criteria": {
      "root": "2024-08-09 17:10:52 +0000"
    },
    "done": true
  },
  "blazeandcave:technical/stat_branch1_mid": {
    "criteria": {
      "root": "2024-08-09 17:10:52 +0000"
    },
    "done": true
  },
  "blazeandcave:technical/stat_branch3_mid": {
    "criteria": {
      "root": "2024-08-09 17:10:52 +0000"
    },
    "done": true
  },
  "blazeandcave:technical/stat_branch5_mid": {
    "criteria": {
      "root": "2024-08-09 17:10:52 +0000"
    },
    "done": true
  },
  "blazeandcave:technical/stat_branch7_mid": {
    "criteria": {
      "root": "2024-08-09 17:10:52 +0000"
    },
    "done": true
  },
  "blazeandcave:technical/stat_branch9_mid": {
    "criteria": {
      "root": "2024-08-09 17:10:52 +0000"
    },
    "done": true
  },
  "blazeandcave:animal/delicious_fish": {
    "criteria": {
      "cooked_salmon": "2024-08-09 17:15:44 +0000"
    },
    "done": true
  },
  "minecraft:husbandry/root": {
    "criteria": {
      "consumed_item": "2024-08-09 17:15:44 +0000"
    },
    "done": true
  },
  "blazeandcave:farming/meat_lovers": {
    "criteria": {
      "cooked_salmon": "2024-08-09 17:15:44 +0000"
    },
    "done": false
  },
  "minecraft:husbandry/balanced_diet": {
    "criteria": {
      "bread": "2024-08-09 17:20:05 +0000",
      "cooked_salmon": "2024-08-09 17:15:44 +0000"
    },
    "done": false
  },
  "blazeandcave:bacap/animal_milestone": {
    "criteria": {
      "delicious_fish": "2024-08-09 17:15:45 +0000",
      "root": "2024-08-09 17:15:45 +0000"
    },
    "done": false
  },
  "minecraft:recipes/building_blocks/birch_wood": {
    "criteria": {
      "has_log": "2024-08-09 17:16:11 +0000"
    },
    "done": true
  },
  "blazeandcave:building/professor_birch": {
    "criteria": {
      "birch_planks": "2024-08-09 17:16:56 +0000",
      "birch_door": "2024-08-09 18:23:41 +0000",
      "birch_log": "2024-08-09 17:16:11 +0000"
    },
    "done": false
  },
  "blazeandcave:building/yay_i_got_my_wood": {
    "criteria": {
      "dark_oak_log": "2024-08-09 18:15:09 +0000",
      "birch_log": "2024-08-09 17:16:11 +0000"
    },
    "done": false
  },
  "minecraft:recipes/building_blocks/birch_planks": {
    "criteria": {
      "has_logs": "2024-08-09 17:16:11 +0000"
    },
    "done": true
  },
  "minecraft:recipes/misc/charcoal": {
    "criteria": {
      "has_log": "2024-08-09 17:16:11 +0000"
    },
    "done": true
  },
  "blazeandcave:bacap/getting_wood": {
    "criteria": {
      "birch_log": "2024-08-09 17:16:11 +0000"
    },
    "done": true
  },
  "minecraft:recipes/redstone/birch_button": {
    "criteria": {
      "has_planks": "2024-08-09 17:16:56 +0000"
    },
    "done": true
  },
  "minecraft:recipes/redstone/birch_door": {
    "criteria": {
      "has_planks": "2024-08-09 17:16:56 +0000"
    },
    "done": true
  },
  "minecraft:recipes/decorations/birch_fence": {
    "criteria": {
      "has_planks": "2024-08-09 17:16:56 +0000"
    },
    "done": true
  },
  "minecraft:recipes/misc/stick": {
    "criteria": {
      "has_planks": "2024-08-09 17:16:56 +0000"
    },
    "done": true
  },
  "minecraft:recipes/decorations/birch_sign": {
    "criteria": {
      "has_planks": "2024-08-09 17:16:56 +0000"
    },
    "done": true
  },
  "minecraft:recipes/redstone/birch_fence_gate": {
    "criteria": {
      "has_planks": "2024-08-09 17:16:56 +0000"
    },
    "done": true
  },
  "minecraft:recipes/building_blocks/birch_slab": {
    "criteria": {
      "has_planks": "2024-08-09 17:16:56 +0000"
    },
    "done": true
  },
  "minecraft:recipes/building_blocks/birch_stairs": {
    "criteria": {
      "has_planks": "2024-08-09 17:16:56 +0000"
    },
    "done": true
  },
  "minecraft:recipes/redstone/birch_trapdoor": {
    "criteria": {
      "has_planks": "2024-08-09 17:16:56 +0000"
    },
    "done": true
  },
  "minecraft:recipes/decorations/barrel": {
    "criteria": {
      "has_planks": "2024-08-09 17:16:56 +0000"
    },
    "done": true
  },
  "minecraft:recipes/redstone/birch_pressure_plate": {
    "criteria": {
      "has_planks": "2024-08-09 17:16:56 +0000"
    },
    "done": true
  },
  "minecraft:recipes/decorations/ladder": {
    "criteria": {
      "has_stick": "2024-08-09 17:17:00 +0000"
    },
    "done": true
  },
  "minecraft:recipes/tools/wooden_axe": {
    "criteria": {
      "has_stick": "2024-08-09 17:17:00 +0000"
    },
    "done": true
  },
  "minecraft:recipes/decorations/campfire": {
    "criteria": {
      "has_stick": "2024-08-09 17:17:00 +0000"
    },
    "done": true
  },
  "minecraft:recipes/tools/wooden_hoe": {
    "criteria": {
      "has_stick": "2024-08-09 17:17:00 +0000"
    },
    "done": true
  },
  "minecraft:recipes/tools/wooden_pickaxe": {
    "criteria": {
      "has_stick": "2024-08-09 17:17:00 +0000"
    },
    "done": true
  },
  "minecraft:recipes/tools/wooden_shovel": {
    "criteria": {
      "has_stick": "2024-08-09 17:17:00 +0000"
    },
    "done": true
  },
  "minecraft:recipes/combat/wooden_sword": {
    "criteria": {
      "has_stick": "2024-08-09 17:17:00 +0000"
    },
    "done": true
  },
  "blazeandcave:weaponry/root": {
    "criteria": {
      "sword": "2024-08-09 17:17:02 +0000"
    },
    "done": true
  },
  "blazeandcave:bacap/time_to_strike": {
    "criteria": {
      "wooden_sword": "2024-08-09 17:17:02 +0000"
    },
    "done": true
  },
  "blazeandcave:monsters/root": {
    "criteria": {
      "sword": "2024-08-09 17:17:02 +0000"
    },
    "done": true
  },
  "blazeandcave:bacap/weaponry_milestone": {
    "criteria": {
      "root": "2024-08-09 17:17:03 +0000",
      "shield_luck": "2024-08-09 18:30:26 +0000",
      "sir_knight": "2024-08-09 18:10:48 +0000",
      "fireworks_display": "2024-08-09 17:56:25 +0000",
      "viking": "2024-08-09 17:21:33 +0000"
    },
    "done": false
  },
  "blazeandcave:bacap/monsters_milestone": {
    "criteria": {
      "dead_dont_die": "2024-08-09 18:29:30 +0000",
      "root": "2024-08-09 17:17:03 +0000",
      "there_has_to_be_another_way": "2024-08-09 18:31:50 +0000",
      "what_a_creep": "2024-08-09 18:29:25 +0000",
      "monster_hunter": "2024-08-09 17:21:12 +0000",
      "not_today_thank_you": "2024-08-09 18:30:26 +0000",
      "spooky_skeleton": "2024-08-09 18:30:30 +0000"
    },
    "done": false
  },
  "minecraft:recipes/decorations/chest": {
    "criteria": {
      "has_lots_of_items": "2024-08-09 17:17:18 +0000"
    },
    "done": true
  },
  "blazeandcave:bacap/time_to_chop": {
    "criteria": {
      "wooden_axe": "2024-08-09 17:17:18 +0000"
    },
    "done": true
  },
  "blazeandcave:mining/moar_tools": {
    "criteria": {
      "stone_axe": "2024-08-09 17:18:05 +0000"
    },
    "done": false
  },
  "nova_structures:adventure/find_all_illager_structures": {
    "criteria": {
      "tavern_dark_oak": "2024-08-09 17:19:36 +0000"
    },
    "done": false
  },
  "nova_structures:root": {
    "criteria": {
      "nova_structures:adventure/find_tavern": "2024-08-09 17:19:36 +0000"
    },
    "done": true
  },
  "nova_structures:adventure/find_tavern": {
    "criteria": {
      "nova_structures:tavern_dark_oak": "2024-08-09 17:19:36 +0000"
    },
    "done": true
  },
  "blazeandcave:building/ladder_climbers_inc": {
    "criteria": {
      "enter_ladder": "2024-08-09 17:19:45 +0000"
    },
    "done": true
  },
  "blazeandcave:farming/vegetarian": {
    "criteria": {
      "bread": "2024-08-09 17:20:05 +0000"
    },
    "done": false
  },
  "blazeandcave:weaponry/multiclassed": {
    "criteria": {
      "sword": "2024-08-09 17:20:36 +0000",
      "axe": "2024-08-09 17:21:32 +0000"
    },
    "done": false
  },
  "blazeandcave:monsters/dungeon_crawler": {
    "criteria": {
      "vindicator": "2024-08-09 17:21:11 +0000",
      "pillager": "2024-08-09 18:01:52 +0000"
    },
    "done": false
  },
  "minecraft:adventure/kill_all_mobs": {
    "criteria": {
      "minecraft:pillager": "2024-08-09 18:01:52 +0000",
      "minecraft:skeleton": "2024-08-09 18:30:30 +0000",
      "minecraft:vindicator": "2024-08-09 17:21:11 +0000",
      "minecraft:zombie": "2024-08-09 18:29:29 +0000",
      "minecraft:creeper": "2024-08-09 18:29:25 +0000",
      "minecraft:zombie_villager": "2024-08-09 18:31:50 +0000"
    },
    "done": false
  },
  "blazeandcave:biomes/root": {
    "criteria": {
      "killed_something": "2024-08-09 17:21:11 +0000"
    },
    "done": true
  },
  "minecraft:adventure/root": {
    "criteria": {
      "killed_something": "2024-08-09 17:21:11 +0000"
    },
    "done": true
  },
  "minecraft:adventure/kill_a_mob": {
    "criteria": {
      "monster_hunter": "2024-08-09 17:21:11 +0000"
    },
    "done": true
  },
  "blazeandcave:bacap/adventure_milestone": {
    "criteria": {
      "good_lookin_treasure": "2024-08-09 18:06:03 +0000",
      "root": "2024-08-09 17:21:12 +0000",
      "respecting_the_remnants": "2024-08-09 18:04:51 +0000"
    },
    "done": false
  },
  "minecraft:recipes/redstone/dark_oak_fence_gate": {
    "criteria": {
      "has_planks": "2024-08-09 17:21:32 +0000"
    },
    "done": true
  },
  "minecraft:recipes/redstone/dark_oak_trapdoor": {
    "criteria": {
      "has_planks": "2024-08-09 17:21:32 +0000"
    },
    "done": true
  },
  "nmr:progression/kill_rare_mob": {
    "criteria": {
      "requirement": "2024-08-09 17:21:32 +0000"
    },
    "done": true
  },
  "blazeandcave:weaponry/viking": {
    "criteria": {
      "axe": "2024-08-09 17:21:32 +0000"
    },
    "done": true
  },
  "minecraft:recipes/redstone/dark_oak_button": {
    "criteria": {
      "has_planks": "2024-08-09 17:21:32 +0000"
    },
    "done": true
  },
  "blazeandcave:weaponry/axeman": {
    "criteria": {
      "iron_axe": "2024-08-09 18:08:06 +0000",
      "stone_axe": "2024-08-09 17:21:32 +0000"
    },
    "done": false
  },
  "minecraft:recipes/building_blocks/dark_oak_stairs": {
    "criteria": {
      "has_planks": "2024-08-09 17:21:32 +0000"
    },
    "done": true
  },
  "minecraft:recipes/redstone/dark_oak_pressure_plate": {
    "criteria": {
      "has_planks": "2024-08-09 17:21:32 +0000"
    },
    "done": true
  },
  "minecraft:recipes/decorations/dark_oak_fence": {
    "criteria": {
      "has_planks": "2024-08-09 17:21:32 +0000"
    },
    "done": true
  },
  "minecraft:recipes/building_blocks/dark_oak_slab": {
    "criteria": {
      "has_planks": "2024-08-09 17:21:32 +0000"
    },
    "done": true
  },
  "minecraft:recipes/redstone/dark_oak_door": {
    "criteria": {
      "has_planks": "2024-08-09 17:21:32 +0000"
    },
    "done": true
  },
  "blazeandcave:building/professor_dark_oak": {
    "criteria": {
      "dark_oak_log": "2024-08-09 18:15:09 +0000",
      "dark_oak_planks": "2024-08-09 17:21:32 +0000",
      "dark_oak_slab": "2024-08-09 18:38:13 +0000",
      "dark_oak_stairs": "2024-08-09 18:09:21 +0000"
    },
    "done": false
  },
  "minecraft:recipes/decorations/dark_oak_sign": {
    "criteria": {
      "has_planks": "2024-08-09 17:21:32 +0000"
    },
    "done": true
  },
  "minecraft:recipes/misc/bowl": {
    "criteria": {
      "has_brown_mushroom": "2024-08-09 17:22:32 +0000"
    },
    "done": true
  },
  "blazeandcave:farming/shrooms": {
    "criteria": {
      "brown_mushroom": "2024-08-09 17:22:32 +0000"
    },
    "done": false
  },
  "minecraft:recipes/food/mushroom_stew": {
    "criteria": {
      "has_brown_mushroom": "2024-08-09 17:22:32 +0000"
    },
    "done": true
  },
  "minecraft:recipes/food/beetroot_soup": {
    "criteria": {
      "has_beetroot": "2024-08-09 17:22:47 +0000"
    },
    "done": true
  },
  "minecraft:recipes/misc/red_dye_from_beetroot": {
    "criteria": {
      "has_beetroot": "2024-08-09 17:22:47 +0000"
    },
    "done": true
  },
  "blazeandcave:redstone/leveraging_synergy": {
    "criteria": {
      "lever": "2024-08-09 17:22:58 +0000"
    },
    "done": true
  },
  "blazeandcave:bacap/redstone_milestone": {
    "criteria": {
      "leveraging_synergy": "2024-08-09 17:22:59 +0000",
      "click": "2024-08-09 18:40:47 +0000"
    },
    "done": false
  },
  "minecraft:recipes/building_blocks/emerald_block": {
    "criteria": {
      "has_emerald": "2024-08-09 17:23:16 +0000"
    },
    "done": true
  },
  "blazeandcave:building/rainbow_dreams": {
    "criteria": {
      "light_blue_bed": "2024-08-09 17:23:21 +0000",
      "brown_bed": "2024-08-09 18:02:03 +0000"
    },
    "done": false
  },
  "blazeandcave:building/change_of_sheets": {
    "criteria": {
      "light_blue_bed": "2024-08-09 17:23:21 +0000"
    },
    "done": true
  },
  "blazeandcave:challenges/stack_all_the_blocks": {
    "criteria": {
      "light_blue_bed": "2024-08-09 17:23:21 +0000",
      "brown_bed": "2024-08-09 18:02:03 +0000"
    },
    "done": false
  },
  "minecraft:adventure/sleep_in_bed": {
    "criteria": {
      "slept_in_bed": "2024-08-09 17:24:19 +0000"
    },
    "done": true
  },
  "enchantplus:list": {
    "criteria": {
      "requirement": "2024-08-09 17:24:49 +0000"
    },
    "done": true
  },
  "blazeandcave:farming/write_your_thoughts": {
    "criteria": {
      "writable_book": "2024-08-09 17:24:49 +0000"
    },
    "done": true
  },
  "blazeandcave:farming/an_amazing_story": {
    "criteria": {
      "written_book": "2024-08-09 17:24:49 +0000"
    },
    "done": true
  },
  "blazeandcave:enchanting/complete_enchanter": {
    "criteria": {
      "unbreaking": "2024-08-09 17:24:49 +0000",
      "mending": "2024-08-09 18:09:52 +0000",
      "vanishing_curse": "2024-08-09 18:01:19 +0000",
      "blast_protection": "2024-08-09 18:03:39 +0000"
    },
    "done": false
  },
  "blazeandcave:challenges/ultimate_enchanter": {
    "criteria": {
      "blast_protection4": "2024-08-09 18:06:01 +0000",
      "unbreaking1": "2024-08-09 17:24:49 +0000",
      "vanishing_curse": "2024-08-09 18:01:19 +0000"
    },
    "done": false
  },
  "blazeandcave:biomes/wet_feet": {
    "criteria": {
      "ocean": "2024-08-09 17:39:36 +0000",
      "lukewarm_ocean": "2024-08-09 17:41:30 +0000",
      "beach": "2024-08-09 17:27:01 +0000",
      "deep_lukewarm_ocean": "2024-08-09 18:13:21 +0000",
      "river": "2024-08-09 17:26:07 +0000",
      "deep_ocean": "2024-08-09 18:27:50 +0000"
    },
    "done": false
  },
  "minecraft:recipes/brewing/fermented_spider_eye": {
    "criteria": {
      "has_spider_eye": "2024-08-09 17:26:44 +0000"
    },
    "done": true
  },
  "blazeandcave:biomes/boaty_mcboatface": {
    "criteria": {
      "boat": "2024-08-09 17:39:27 +0000"
    },
    "done": true
  },
  "blazeandcave:biomes/the_sea_calls_you": {
    "criteria": {
      "ocean": "2024-08-09 17:39:36 +0000"
    },
    "done": true
  },
  "hopo:minecraft/adventure/locate_all_underwater_structures": {
    "criteria": {
      "locate_shipwreck": "2024-08-09 18:05:23 +0000",
      "locate_underwater_small_ruins": "2024-08-09 17:42:53 +0000",
      "locate_underwater_city": "2024-08-09 18:46:50 +0000",
      "locate_underwater_warm_small_ruins": "2024-08-09 17:41:39 +0000"
    },
    "done": false
  },
  "blazeandcave:biomes/pushed_around": {
    "criteria": {
      "enter_water": "2024-08-09 17:42:51 +0000"
    },
    "done": true
  },
  "blazeandcave:biomes/dolphin_dasher": {
    "criteria": {
      "dolphins_grace": "2024-08-09 17:43:04 +0000"
    },
    "done": true
  },
  "blazeandcave:potion/a_much_more_doable_challenge": {
    "criteria": {
      "poison": "2024-08-09 18:08:09 +0000",
      "water_breathing": "2024-08-09 18:43:11 +0000",
      "dolphins_grace": "2024-08-09 17:43:04 +0000"
    },
    "done": false
  },
  "minecraft:recipes/misc/black_dye": {
    "criteria": {
      "has_ink_sac": "2024-08-09 17:43:16 +0000"
    },
    "done": true
  },
  "blazeandcave:farming/its_full_of_ink": {
    "criteria": {
      "ink_sac": "2024-08-09 17:43:16 +0000"
    },
    "done": true
  },
  "minecraft:recipes/combat/iron_leggings": {
    "criteria": {
      "has_iron_ingot": "2024-08-09 18:00:36 +0000"
    },
    "done": true
  },
  "minecraft:story/obtain_armor": {
    "criteria": {
      "iron_chestplate": "2024-08-09 18:00:36 +0000"
    },
    "done": true
  },
  "blazeandcave:weaponry/master_shieldsman": {
    "criteria": {
      "skeleton": "2024-08-09 18:30:26 +0000",
      "drowned": "2024-08-09 18:48:09 +0000"
    },
    "done": false
  },
  "minecraft:recipes/redstone/oxidized_copper_bulb": {
    "criteria": {
      "has_oxidized_copper": "2024-08-09 18:48:12 +0000"
    },
    "done": true
  },
  "minecraft:recipes/combat/diamond_leggings": {
    "criteria": {
      "has_diamond": "2024-08-09 18:09:43 +0000"
    },
    "done": true
  },
  "blazeandcave:enchanting/master_enchanter": {
    "criteria": {
      "mending": "2024-08-09 18:09:52 +0000",
      "vanishing_curse": "2024-08-09 18:01:19 +0000",
      "blast_protection": "2024-08-09 18:03:39 +0000"
    },
    "done": false
  },
  "minecraft:recipes/misc/iron_nugget_from_smelting": {
    "criteria": {
      "has_iron_helmet": "2024-08-09 18:00:28 +0000"
    },
    "done": true
  },
  "hopo:minecraft/adventure/locate_underwater_city": {
    "criteria": {
      "locate_underwater_city": "2024-08-09 18:46:50 +0000"
    },
    "done": true
  },
  "minecraft:story/deflect_arrow": {
    "criteria": {
      "deflected_skeleton": "2024-08-09 18:30:26 +0000"
    },
    "done": true
  },
  "minecraft:recipes/tools/golden_axe": {
    "criteria": {
      "has_gold_ingot": "2024-08-09 17:57:00 +0000"
    },
    "done": true
  },
  "minecraft:story/iron_tools": {
    "criteria": {
      "iron_pickaxe": "2024-08-09 18:42:09 +0000"
    },
    "done": true
  },
  "blazeandcave:statistics/luxury_cruise": {
    "criteria": {
      "trigger": "2024-08-09 17:59:02 +0000"
    },
    "done": true
  },
  "blazeandcave:bacap/enchanting_milestone": {
    "criteria": {
      "unbreakable": "2024-08-09 18:09:53 +0000"
    },
    "done": false
  },
  "minecraft:recipes/combat/iron_chestplate": {
    "criteria": {
      "has_iron_ingot": "2024-08-09 18:00:36 +0000"
    },
    "done": true
  },
  "minecraft:recipes/tools/golden_pickaxe": {
    "criteria": {
      "has_gold_ingot": "2024-08-09 17:57:00 +0000"
    },
    "done": true
  },
  "blazeandcave:weaponry/pyrotechnic": {
    "criteria": {
      "large_ball": "2024-08-09 17:56:24 +0000",
      "trail": "2024-08-09 17:57:08 +0000",
      "star": "2024-08-09 17:57:08 +0000",
      "flicker": "2024-08-09 17:57:08 +0000"
    },
    "done": false
  },
  "blazeandcave:biomes/flipper": {
    "criteria": {
      "flipper": "2024-08-09 18:47:14 +0000"
    },
    "done": true
  },
  "blazeandcave:building/your_door_was_locked": {
    "criteria": {
      "door": "2024-08-09 18:23:41 +0000"
    },
    "done": true
  },
  "minecraft:recipes/building_blocks/oxidized_copper_grate": {
    "criteria": {
      "has_oxidized_copper": "2024-08-09 18:48:12 +0000"
    },
    "done": true
  },
  "minecraft:recipes/misc/iron_nugget": {
    "criteria": {
      "has_iron_ingot": "2024-08-09 18:00:36 +0000"
    },
    "done": true
  },
  "minecraft:recipes/combat/diamond_sword": {
    "criteria": {
      "has_diamond": "2024-08-09 18:09:43 +0000"
    },
    "done": true
  },
  "minecraft:recipes/decorations/jukebox": {
    "criteria": {
      "has_diamond": "2024-08-09 18:09:43 +0000"
    },
    "done": true
  },
  "minecraft:recipes/misc/gold_nugget": {
    "criteria": {
      "has_gold_ingot": "2024-08-09 17:57:00 +0000"
    },
    "done": true
  },
  "blazeandcave:technical/bacap_branch_end": {
    "criteria": {
      "crafting_table": "2024-08-09 18:10:35 +0000"
    },
    "done": true
  },
  "minecraft:recipes/misc/bucket": {
    "criteria": {
      "has_iron_ingot": "2024-08-09 18:00:36 +0000"
    },
    "done": true
  },
  "minecraft:recipes/combat/iron_helmet": {
    "criteria": {
      "has_iron_ingot": "2024-08-09 18:00:36 +0000"
    },
    "done": true
  },
  "minecraft:recipes/tools/golden_shovel": {
    "criteria": {
      "has_gold_ingot": "2024-08-09 17:57:00 +0000"
    },
    "done": true
  },
  "minecraft:recipes/building_blocks/oxidized_cut_copper": {
    "criteria": {
      "has_oxidized_copper": "2024-08-09 18:48:12 +0000"
    },
    "done": true
  },
  "minecraft:recipes/combat/diamond_chestplate": {
    "criteria": {
      "has_diamond": "2024-08-09 18:09:43 +0000"
    },
    "done": true
  },
  "minecraft:recipes/transportation/minecart": {
    "criteria": {
      "has_iron_ingot": "2024-08-09 18:00:36 +0000"
    },
    "done": true
  },
  "minecraft:recipes/tools/iron_hoe": {
    "criteria": {
      "has_iron_ingot": "2024-08-09 18:00:36 +0000"
    },
    "done": true
  },
  "minecraft:recipes/food/golden_apple": {
    "criteria": {
      "has_gold_ingot": "2024-08-09 17:57:00 +0000"
    },
    "done": true
  },
  "blazeandcave:weaponry/shield_luck": {
    "criteria": {
      "deflected_trident": "2024-08-09 18:30:26 +0000"
    },
    "done": true
  },
  "blazeandcave:adventure/raidin_master": {
    "criteria": {
      "shipwreck": "2024-08-09 18:05:23 +0000"
    },
    "done": false
  },
  "minecraft:recipes/misc/gold_ingot_from_nuggets": {
    "criteria": {
      "has_gold_nugget": "2024-08-09 17:56:51 +0000"
    },
    "done": true
  },
  "minecraft:recipes/building_blocks/oxidized_cut_copper_from_oxidized_copper_stonecutting": {
    "criteria": {
      "has_oxidized_copper": "2024-08-09 18:48:12 +0000"
    },
    "done": true
  },
  "minecraft:recipes/combat/golden_boots": {
    "criteria": {
      "has_gold_ingot": "2024-08-09 17:57:00 +0000"
    },
    "done": true
  },
  "blazeandcave:adventure/pottery_exhibition": {
    "criteria": {
      "heartbreak_pottery_sherd": "2024-08-09 18:04:50 +0000"
    },
    "done": false
  },
  "minecraft:recipes/decorations/spruce_sign": {
    "criteria": {
      "has_planks": "2024-08-09 18:07:56 +0000"
    },
    "done": true
  },
  "blazeandcave:mining/gold_rush": {
    "criteria": {
      "gold_ingot": "2024-08-09 17:57:00 +0000"
    },
    "done": true
  },
  "minecraft:recipes/combat/golden_helmet": {
    "criteria": {
      "has_gold_ingot": "2024-08-09 17:57:00 +0000"
    },
    "done": true
  },
  "blazeandcave:mining/death_pointer": {
    "criteria": {
      "recovery_compass": "2024-08-09 18:49:21 +0000"
    },
    "done": true
  },
  "minecraft:recipes/decorations/composter": {
    "criteria": {
      "has_wood_slab": "2024-08-09 18:12:27 +0000"
    },
    "done": true
  },
  "minecraft:story/smelt_iron": {
    "criteria": {
      "iron": "2024-08-09 18:00:36 +0000"
    },
    "done": true
  },
  "minecraft:recipes/tools/shears": {
    "criteria": {
      "has_iron_ingot": "2024-08-09 18:00:36 +0000"
    },
    "done": true
  },
  "blazeandcave:building/spruce_lee": {
    "criteria": {
      "spruce_stairs": "2024-08-09 18:09:25 +0000",
      "spruce_slab": "2024-08-09 18:12:27 +0000",
      "spruce_planks": "2024-08-09 18:07:56 +0000",
      "spruce_fence": "2024-08-09 18:00:00 +0000"
    },
    "done": false
  },
  "blazeandcave:building/slabs_for_days": {
    "criteria": {
      "spruce_slab": "2024-08-09 18:12:27 +0000",
      "dark_oak_slab": "2024-08-09 18:38:13 +0000"
    },
    "done": false
  },
  "minecraft:recipes/brewing/golden_carrot": {
    "criteria": {
      "has_gold_nugget": "2024-08-09 17:56:51 +0000"
    },
    "done": true
  },
  "blazeandcave:mining/deep_slate_nine": {
    "criteria": {
      "deepslate_level": "2024-08-09 18:46:48 +0000"
    },
    "done": true
  },
  "blazeandcave:bacap/time_to_mine": {
    "criteria": {
      "iron_pickaxe": "2024-08-09 18:42:09 +0000"
    },
    "done": true
  },
  "blazeandcave:building/cut_in_half": {
    "criteria": {
      "slab": "2024-08-09 18:12:27 +0000"
    },
    "done": true
  },
  "minecraft:recipes/tools/diamond_pickaxe": {
    "criteria": {
      "has_diamond": "2024-08-09 18:09:43 +0000"
    },
    "done": true
  },
  "minecraft:recipes/decorations/chain": {
    "criteria": {
      "has_iron_ingot": "2024-08-09 18:00:36 +0000"
    },
    "done": true
  },
  "minecraft:recipes/combat/golden_chestplate": {
    "criteria": {
      "has_gold_ingot": "2024-08-09 17:57:00 +0000"
    },
    "done": true
  },
  "minecraft:recipes/building_blocks/iron_block": {
    "criteria": {
      "has_iron_ingot": "2024-08-09 18:00:36 +0000"
    },
    "done": true
  },
  "minecraft:recipes/misc/yellow_dye_from_dandelion": {
    "criteria": {
      "has_dandelion": "2024-08-09 18:29:54 +0000"
    },
    "done": true
  },
  "blazeandcave:statistics/laps_in_the_pool": {
    "criteria": {
      "trigger": "2024-08-09 18:47:07 +0000"
    },
    "done": true
  },
  "blazeandcave:building/root": {
    "criteria": {
      "crafting_table": "2024-08-09 18:10:35 +0000"
    },
    "done": true
  },
  "minecraft:recipes/misc/bone_meal": {
    "criteria": {
      "has_bone": "2024-08-09 18:30:30 +0000"
    },
    "done": true
  },
  "blazeandcave:building/stairs_no": {
    "criteria": {
      "stairs": "2024-08-09 18:09:21 +0000"
    },
    "done": true
  },
  "blazeandcave:potion/marine_marauder": {
    "criteria": {
      "water_breathing": "2024-08-09 18:46:37 +0000"
    },
    "done": true
  },
  "minecraft:recipes/decorations/smithing_table": {
    "criteria": {
      "has_iron_ingot": "2024-08-09 18:00:36 +0000"
    },
    "done": true
  },
  "minecraft:recipes/building_blocks/cut_sandstone_slab": {
    "criteria": {
      "has_cut_sandstone": "2024-08-09 18:22:52 +0000"
    },
    "done": true
  },
  "enchantplus:armor/life_plus": {
    "criteria": {
      "requirement": "2024-08-09 18:05:24 +0000"
    },
    "done": true
  },
  "minecraft:recipes/food/bread": {
    "criteria": {
      "has_wheat": "2024-08-09 18:09:58 +0000"
    },
    "done": true
  },
  "minecraft:recipes/misc/coast_armor_trim_smithing_template_smithing_trim": {
    "criteria": {
      "has_smithing_trim_template": "2024-08-09 18:06:02 +0000"
    },
    "done": true
  },
  "minecraft:recipes/building_blocks/oxidized_copper_grate_from_oxidized_copper_stonecutting": {
    "criteria": {
      "has_oxidized_copper": "2024-08-09 18:48:12 +0000"
    },
    "done": true
  },
  "minecraft:recipes/building_blocks/oxidized_cut_copper_slab_from_oxidized_copper_stonecutting": {
    "criteria": {
      "has_oxidized_copper": "2024-08-09 18:48:12 +0000"
    },
    "done": true
  },
  "minecraft:recipes/building_blocks/hay_block": {
    "criteria": {
      "has_wheat": "2024-08-09 18:09:58 +0000"
    },
    "done": true
  },
  "minecraft:recipes/building_blocks/cut_sandstone_slab_from_cut_sandstone_stonecutting": {
    "criteria": {
      "has_cut_sandstone": "2024-08-09 18:22:52 +0000"
    },
    "done": true
  },
  "blazeandcave:redstone/engineer": {
    "criteria": {
      "decorated_pot": "2024-08-09 17:55:49 +0000"
    },
    "done": false
  },
  "minecraft:recipes/decorations/spruce_fence": {
    "criteria": {
      "has_planks": "2024-08-09 18:07:56 +0000"
    },
    "done": true
  },
  "minecraft:recipes/tools/diamond_hoe": {
    "criteria": {
      "has_diamond": "2024-08-09 18:09:43 +0000"
    },
    "done": true
  },
  "minecraft:recipes/tools/diamond_shovel": {
    "criteria": {
      "has_diamond": "2024-08-09 18:09:43 +0000"
    },
    "done": true
  },
  "blazeandcave:biomes/kilometre_walk": {
    "criteria": {
      "outer_pos_z": "2024-08-09 17:59:32 +0000"
    },
    "done": true
  },
  "minecraft:recipes/redstone/light_weighted_pressure_plate": {
    "criteria": {
      "has_gold_ingot": "2024-08-09 17:57:00 +0000"
    },
    "done": true
  },
  "minecraft:recipes/misc/conduit": {
    "criteria": {
      "has_nautilus_shell": "2024-08-09 17:59:02 +0000"
    },
    "done": true
  },
  "minecraft:recipes/building_blocks/spruce_slab": {
    "criteria": {
      "has_planks": "2024-08-09 18:07:56 +0000"
    },
    "done": true
  },
  "blazeandcave:weaponry/sir_knight": {
    "criteria": {
      "shield": "2024-08-09 18:10:47 +0000"
    },
    "done": true
  },
  "blazeandcave:animal/aquarium": {
    "criteria": {
      "cod_bucket": "2024-08-09 17:56:11 +0000"
    },
    "done": false
  },
  "minecraft:recipes/decorations/decorated_pot_simple": {
    "criteria": {
      "has_brick": "2024-08-09 18:04:50 +0000"
    },
    "done": true
  },
  "blazeandcave:biomes/boatception": {
    "criteria": {
      "boatception": "2024-08-09 18:06:25 +0000"
    },
    "done": true
  },
  "blazeandcave:monsters/what_a_creep": {
    "criteria": {
      "creeper": "2024-08-09 18:29:25 +0000"
    },
    "done": true
  },
  "minecraft:recipes/combat/diamond_boots": {
    "criteria": {
      "has_diamond": "2024-08-09 18:09:43 +0000"
    },
    "done": true
  },
  "minecraft:recipes/combat/iron_sword": {
    "criteria": {
      "has_iron_ingot": "2024-08-09 18:00:36 +0000"
    },
    "done": true
  },
  "minecraft:recipes/misc/light_gray_dye_from_white_tulip": {
    "criteria": {
      "has_white_tulip": "2024-08-09 18:31:16 +0000"
    },
    "done": true
  },
  "minecraft:recipes/tools/iron_pickaxe": {
    "criteria": {
      "has_iron_ingot": "2024-08-09 18:00:36 +0000"
    },
    "done": true
  },
  "enchantplus:weapons/sword/base": {
    "criteria": {
      "poison_aspect": "2024-08-09 18:25:58 +0000"
    },
    "done": false
  },
  "minecraft:recipes/redstone/spruce_button": {
    "criteria": {
      "has_planks": "2024-08-09 18:07:56 +0000"
    },
    "done": true
  },
  "blazeandcave:monsters/spooky_skeleton": {
    "criteria": {
      "skeleton": "2024-08-09 18:30:30 +0000"
    },
    "done": true
  },
  "minecraft:recipes/building_blocks/dark_oak_planks": {
    "criteria": {
      "has_log": "2024-08-09 18:15:09 +0000"
    },
    "done": true
  },
  "minecraft:recipes/building_blocks/sandstone_stairs": {
    "criteria": {
      "has_cut_sandstone": "2024-08-09 18:22:52 +0000"
    },
    "done": true
  },
  "minecraft:recipes/combat/shield": {
    "criteria": {
      "has_iron_ingot": "2024-08-09 18:00:36 +0000"
    },
    "done": true
  },
  "minecraft:recipes/redstone/hopper": {
    "criteria": {
      "has_iron_ingot": "2024-08-09 18:00:36 +0000"
    },
    "done": true
  },
  "blazeandcave:enchanting/armor_for_the_masses": {
    "criteria": {
      "blast_protection": "2024-08-09 18:03:39 +0000"
    },
    "done": false
  },
  "minecraft:recipes/building_blocks/oxidized_cut_copper_stairs_from_oxidized_copper_stonecutting": {
    "criteria": {
      "has_oxidized_copper": "2024-08-09 18:48:12 +0000"
    },
    "done": true
  },
  "minecraft:recipes/decorations/iron_bars": {
    "criteria": {
      "has_iron_ingot": "2024-08-09 18:00:36 +0000"
    },
    "done": true
  },
  "minecraft:recipes/combat/iron_boots": {
    "criteria": {
      "has_iron_ingot": "2024-08-09 18:00:36 +0000"
    },
    "done": true
  },
  "minecraft:recipes/redstone/spruce_pressure_plate": {
    "criteria": {
      "has_planks": "2024-08-09 18:07:56 +0000"
    },
    "done": true
  },
  "blazeandcave:mining/root": {
    "criteria": {
      "pickaxe": "2024-08-09 18:42:09 +0000"
    },
    "done": true
  },
  "minecraft:recipes/decorations/lantern": {
    "criteria": {
      "has_iron_ingot": "2024-08-09 18:00:36 +0000"
    },
    "done": true
  },
  "blazeandcave:biomes/tarzan": {
    "criteria": {
      "enter_vine": "2024-08-09 18:31:54 +0000"
    },
    "done": true
  },
  "minecraft:recipes/building_blocks/waxed_oxidized_copper_from_honeycomb": {
    "criteria": {
      "has_oxidized_copper": "2024-08-09 18:48:12 +0000"
    },
    "done": true
  },
  "blazeandcave:mining/the_statue_of_liberty": {
    "criteria": {
      "oxidized_copper": "2024-08-09 18:48:12 +0000"
    },
    "done": true
  },
  "minecraft:recipes/misc/white_dye_from_lily_of_the_valley": {
    "criteria": {
      "has_lily_of_the_valley": "2024-08-09 18:38:14 +0000"
    },
    "done": true
  },
  "blazeandcave:monsters/dead_dont_die": {
    "criteria": {
      "zombie": "2024-08-09 18:29:29 +0000"
    },
    "done": true
  },
  "enchantplus:armor/fury": {
    "criteria": {
      "requirement": "2024-08-09 18:00:28 +0000"
    },
    "done": true
  },
  "minecraft:recipes/tools/iron_shovel": {
    "criteria": {
      "has_iron_ingot": "2024-08-09 18:00:36 +0000"
    },
    "done": true
  },
  "minecraft:recipes/building_blocks/dark_oak_wood": {
    "criteria": {
      "has_log": "2024-08-09 18:15:09 +0000"
    },
    "done": true
  },
  "enchantplus:weapons/sword/poison_aspect": {
    "criteria": {
      "requirement": "2024-08-09 18:25:58 +0000"
    },
    "done": true
  },
  "minecraft:recipes/misc/coast_armor_trim_smithing_template": {
    "criteria": {
      "has_coast_armor_trim_smithing_template": "2024-08-09 18:06:02 +0000"
    },
    "done": true
  },
  "minecraft:recipes/combat/diamond_helmet": {
    "criteria": {
      "has_diamond": "2024-08-09 18:09:43 +0000"
    },
    "done": true
  },
  "minecraft:adventure/salvage_sherd": {
    "criteria": {
      "has_sherd": "2024-08-09 18:04:50 +0000"
    },
    "done": true
  },
  "blazeandcave:enchanting/unbreakable": {
    "criteria": {
      "mending": "2024-08-09 18:09:52 +0000"
    },
    "done": true
  },
  "blazeandcave:monsters/there_has_to_be_another_way": {
    "criteria": {
      "zombie_villager": "2024-08-09 18:31:50 +0000"
    },
    "done": true
  },
  "minecraft:recipes/tools/recovery_compass": {
    "criteria": {
      "has_echo_shard": "2024-08-09 18:49:21 +0000"
    },
    "done": true
  },
  "blazeandcave:monsters/night_runner": {
    "criteria": {
      "skeleton": "2024-08-09 18:30:30 +0000",
      "zombie": "2024-08-09 18:29:29 +0000",
      "zombie_villager": "2024-08-09 18:31:50 +0000",
      "creeper": "2024-08-09 18:29:25 +0000"
    },
    "done": false
  },
  "minecraft:recipes/transportation/carrot_on_a_stick": {
    "criteria": {
      "has_carrot": "2024-08-09 18:00:25 +0000"
    },
    "done": true
  },
  "minecraft:recipes/redstone/spruce_trapdoor": {
    "criteria": {
      "has_planks": "2024-08-09 18:07:56 +0000"
    },
    "done": true
  },
  "minecraft:recipes/redstone/spruce_door": {
    "criteria": {
      "has_planks": "2024-08-09 18:07:56 +0000"
    },
    "done": true
  },
  "minecraft:recipes/redstone/spruce_fence_gate": {
    "criteria": {
      "has_planks": "2024-08-09 18:07:56 +0000"
    },
    "done": true
  },
  "minecraft:recipes/combat/golden_sword": {
    "criteria": {
      "has_gold_ingot": "2024-08-09 17:57:00 +0000"
    },
    "done": true
  },
  "minecraft:recipes/building_blocks/gold_block": {
    "criteria": {
      "has_gold_ingot": "2024-08-09 17:57:00 +0000"
    },
    "done": true
  },
  "minecraft:recipes/brewing/cauldron": {
    "criteria": {
      "has_water_bucket": "2024-08-09 17:56:13 +0000"
    },
    "done": true
  },
  "blazeandcave:bacap/potion_milestone": {
    "criteria": {
      "marine_marauder": "2024-08-09 18:46:38 +0000"
    },
    "done": false
  },
  "minecraft:recipes/redstone/iron_trapdoor": {
    "criteria": {
      "has_iron_ingot": "2024-08-09 18:00:36 +0000"
    },
    "done": true
  },
  "blazeandcave:adventure/good_lookin_treasure": {
    "criteria": {
      "trim_templates": "2024-08-09 18:06:02 +0000"
    },
    "done": true
  },
  "blazeandcave:enchanting/curses": {
    "criteria": {
      "vanishing_curse": "2024-08-09 18:01:19 +0000"
    },
    "done": false
  },
  "minecraft:recipes/misc/blue_dye_from_cornflower": {
    "criteria": {
      "has_cornflower": "2024-08-09 18:31:00 +0000"
    },
    "done": true
  },
  "blazeandcave:biomes/ahoy": {
    "criteria": {
      "shipwreck": "2024-08-09 18:05:23 +0000"
    },
    "done": true
  },
  "minecraft:recipes/tools/iron_axe": {
    "criteria": {
      "has_iron_ingot": "2024-08-09 18:00:36 +0000"
    },
    "done": true
  },
  "minecraft:recipes/combat/crossbow": {
    "criteria": {
      "has_iron_ingot": "2024-08-09 18:00:36 +0000"
    },
    "done": true
  },
  "minecraft:recipes/misc/iron_nugget_from_blasting": {
    "criteria": {
      "has_iron_helmet": "2024-08-09 18:00:28 +0000"
    },
    "done": true
  },
  "minecraft:recipes/building_blocks/diamond_block": {
    "criteria": {
      "has_diamond": "2024-08-09 18:09:43 +0000"
    },
    "done": true
  },
  "minecraft:recipes/building_blocks/oxidized_chiseled_copper_from_oxidized_copper_stonecutting": {
    "criteria": {
      "has_oxidized_copper": "2024-08-09 18:48:12 +0000"
    },
    "done": true
  },
  "blazeandcave:mining/iron_man": {
    "criteria": {
      "iron_armor": "2024-08-09 18:09:54 +0000"
    },
    "done": true
  },
  "minecraft:recipes/tools/golden_hoe": {
    "criteria": {
      "has_gold_ingot": "2024-08-09 17:57:00 +0000"
    },
    "done": true
  },
  "minecraft:recipes/misc/firework_rocket_simple": {
    "criteria": {
      "has_gunpowder": "2024-08-09 18:29:25 +0000"
    },
    "done": true
  },
  "minecraft:recipes/redstone/tnt": {
    "criteria": {
      "has_gunpowder": "2024-08-09 18:29:25 +0000"
    },
    "done": true
  },
  "minecraft:recipes/building_blocks/spruce_stairs": {
    "criteria": {
      "has_planks": "2024-08-09 18:07:56 +0000"
    },
    "done": true
  },
  "minecraft:story/mine_diamond": {
    "criteria": {
      "diamond": "2024-08-09 18:09:43 +0000"
    },
    "done": true
  },
  "minecraft:recipes/tools/diamond_axe": {
    "criteria": {
      "has_diamond": "2024-08-09 18:09:43 +0000"
    },
    "done": true
  },
  "minecraft:story/root": {
    "criteria": {
      "crafting_table": "2024-08-09 18:10:35 +0000"
    },
    "done": true
  },
  "minecraft:recipes/redstone/iron_door": {
    "criteria": {
      "has_iron_ingot": "2024-08-09 18:00:36 +0000"
    },
    "done": true
  },
  "blazeandcave:building/ah_my_old_enemy": {
    "criteria": {
      "spruce_stairs": "2024-08-09 18:09:25 +0000",
      "dark_oak_stairs": "2024-08-09 18:09:21 +0000"
    },
    "done": false
  },
  "blazeandcave:weaponry/fireworks_display": {
    "criteria": {
      "firework_rocket": "2024-08-09 17:56:24 +0000"
    },
    "done": true
  },
  "minecraft:recipes/redstone/heavy_weighted_pressure_plate": {
    "criteria": {
      "has_iron_ingot": "2024-08-09 18:00:36 +0000"
    },
    "done": true
  },
  "blazeandcave:redstone/click": {
    "criteria": {
      "oak_button": "2024-08-09 18:40:47 +0000"
    },
    "done": true
  },
  "minecraft:recipes/combat/golden_leggings": {
    "criteria": {
      "has_gold_ingot": "2024-08-09 17:57:00 +0000"
    },
    "done": true
  },
  "DataVersion": 3953
}