{
    "fallback": "forsaken:homes/feature/lake_random",
    "elements": [
        {
            "weight": 1,
            "element": {
                "projection": "rigid",
                "element_type": "minecraft:feature_pool_element",
                "feature": {
                    "feature": "forsaken:lake_empty",
                    "placement": [
                        {
                          "type": "minecraft:random_offset",
                          "xz_spread": -8,
                          "y_spread": 0
                        }
                    ]
                }
            }
        },
        {
            "weight": 1,
            "element": {
                "projection": "rigid",
                "element_type": "minecraft:feature_pool_element",
                "feature": {
                    "feature": "forsaken:lake_water",
                    "placement": [
                        {
                          "type": "minecraft:random_offset",
                          "xz_spread": -8,
                          "y_spread": 0
                        }
                    ]
                }
            }
        },
        {
            "weight": 1,
            "element": {
                "projection": "rigid",
                "element_type": "minecraft:feature_pool_element",
                "feature": {
                    "feature": "minecraft:lake_lava",
                    "placement": [
                        {
                          "type": "minecraft:random_offset",
                          "xz_spread": -8,
                          "y_spread": 0
                        }
                    ]
                }
            }
        }
    ]
}