{
  "display": {
    "icon": {
      "id": "minecraft:trident"
    },
    "title": {
      "translate": "advancement.enchantplus.title.trident",
      "fallback": "Neo Trident",
      "color": "#FFE2A8"
    },
    "description": {
      "translate": "advancement.enchantplus.description.trident",
      "fallback": "Get every custom enchantment book for the trident",
      "color": "green"
    },
    "frame": "goal",
    "show_toast": true,
    "announce_to_chat": false,
    "hidden": false
  },
  "parent": "enchantplus:weapons/start",
  "criteria": {
    "magical_water": {
      "trigger": "minecraft:inventory_changed",
      "conditions": {
        "items": [
          {
            "predicates": {
              "minecraft:enchantments": [
                {
                  "enchantments": "enchantplus:trident/magical_water"
                }
              ]
            }
          }
        ]
      }
    }
  },
  "requirements": [
    [
      "magical_water"
    ]
  ]
}