{
  "display": {
    "icon": {
      "id": "minecraft:enchanted_book"
    },
    "title": {
      "translate": "enchantment.enchantplus.title.bedrock_breaker",
      "fallback": "Bedrock Breaker",
      "color": "#40E6FF"
    },
    "description": {
      "translate": "advancement.enchantplus.description.bedrock_breaker",
      "fallback": "Finally, after 15 years !"
    },
    "frame": "task",
    "show_toast": false,
    "announce_to_chat": false,
    "hidden": false
  },
  "parent": "enchantplus:tools/pickaxe/spawner_touch",
  "criteria": {
    "requirement": {
      "trigger": "minecraft:inventory_changed",
      "conditions": {
        "items": [
          {
            "predicates": {
              "minecraft:enchantments": [
                {
                  "enchantments": "enchantplus:pickaxe/experimental_bedrock_breaker"
                }
              ]
            }
          }
        ]
      }
    }
  }
}