{
    "fallback": "minecraft:empty",
    "elements": [
        {
            "weight": 1,
            "element": {
                "location": "forsaken:wells/pit/mud/huge/base",
                "processors": "forsaken:wells/pit/mud",
                "projection": "rigid",
                "element_type": "minecraft:single_pool_element"
            }
        },
        {
            "weight": 1,
            "element": {
                "location": "forsaken:wells/pit/mud/medium/base",
                "processors": "forsaken:wells/pit/mud",
                "projection": "rigid",
                "element_type": "minecraft:single_pool_element"
            }
        }
    ]
}