{
    "criteria": {
      "requirement": {
        "trigger": "minecraft:player_hurt_entity",
        "conditions": {
          "player": [
            {
              "condition": "minecraft:entity_properties",
              "entity": "this",
              "predicate": {}
            }
          ],
          "entity": {
            "type": "minecraft:wither_skeleton",
            "nbt": "{Tags:[\"nmr_ender_skeleton\",\"nmr_fully_equipped\"]}"
          }
        }
      }
    },
    "rewards": {
      "function": "nmr:ender_skeleton/ability"
    }
  }
  