{
    "criteria": {
      "requirement": {
        "trigger": "minecraft:player_hurt_entity",
        "conditions": {
          "player": [
            {
              "condition": "minecraft:entity_properties",
              "entity": "this",
              "predicate": {}
            }
          ],
          "entity": {
            "type": "minecraft:vex",
            "nbt": "{Tags:[\"nmr_celestial_watcher\"]}"
          }
        }
      }
    },
    "rewards": {
      "function": "nmr:celestial_watcher/entity/hit_celestial_watcher"
    }
  }
  