{
    "criteria": {
      "requirement": {
        "trigger": "minecraft:entity_hurt_player",
        "conditions": {
          "player": [
            {
              "condition": "minecraft:entity_properties",
              "entity": "this",
              "predicate": {}
            }
          ],
          "damage": {
            "source_entity": {
              "type": "minecraft:fireball",
              "nbt": "{Tags:[\"nmr_levitation\"]}"
            }
          }
        }
      }
    },
    "rewards": {
      "function": "nmr:golden_guardian/levitation_on_hit"
    }
  }
  