{
  "criteria": {
    "requirement": {
      "trigger": "minecraft:player_hurt_entity",
      "conditions": {
        "player": [
          {
            "condition": "minecraft:entity_properties",
            "entity": "this",
            "predicate": {
              "equipment": {
                "mainhand": {
                  "items": "#minecraft:shovels"
                }
              }
            }
          }
        ],
        "entity": {
          "type": "minecraft:husk"
        }
      }
    }
  },
  "rewards": {
    "function": "nmr:other/husk_sand_drop"
  }
}
