{
    "criteria": {
      "requirement": {
        "trigger": "minecraft:player_hurt_entity",
        "conditions": {
          "player": [
            {
              "condition": "minecraft:entity_properties",
              "entity": "this",
              "predicate": {}
            }
          ],
          "entity": {
            "type": "minecraft:drowned",
            "nbt": "{Tags:[\"nmr_katter21\"]}"
          }
        }
      }
    },
    "rewards": {
      "function": "nmr:other/katter_drop_shard"
    }
  }
  