{
    "criteria": {
      "requirement": {
        "trigger": "minecraft:player_killed_entity",
        "conditions": {
          "player": [
            {
              "condition": "minecraft:entity_properties",
              "entity": "this",
              "predicate": {}
            }
          ],
          "entity": {
            "type": "minecraft:piglin_brute",
            "nbt": "{Tags:[\"nmr_piglinaut\"]}"
          }
        }
      }
    },
    "rewards": {
      "function": "nmr:piglinauts/on_kill"
    }
  }
  