{
    "criteria": {
      "requirement": {
        "trigger": "minecraft:player_hurt_entity",
        "conditions": {
          "player": [
            {
              "condition": "minecraft:entity_properties",
              "entity": "this",
              "predicate": {
                "equipment": {
                  "mainhand": {
                    "items": "#minecraft:axes"
                  }
                }
              }
            }
          ],
          "entity": {
            "type": "#minecraft:skeletons"
          }
        }
      }
    },
    "rewards": {
      "function": "nmr:other/skeleton_bone_drop"
    }
  }
  