{
    "criteria": {
      "requirement": {
        "trigger": "minecraft:player_hurt_entity",
        "conditions": {
          "player": [
            {
              "condition": "minecraft:entity_properties",
              "entity": "this",
              "predicate": {}
            }
          ],
          "entity": {
            "type": "minecraft:pig",
            "nbt": "{Tags:[\"nmr_treasure_pig\"]}"
          }
        }
      }
    },
    "rewards": {
      "function": "nmr:treasure_pig/hurt_treasure_pig"
    }
  }
  