{
    "ultrawarm": false,
    "natural": false,
    "piglin_safe": true,
    "respawn_anchor_works": false,
    "bed_works": false,
    "has_raids": false,
    "has_skylight": false,
    "has_ceiling": false,
    "coordinate_scale": 1,
    "ambient_light": 0,
    "fixed_time": 18000,
    "logical_height": 256,
    "effects": "minecraft:the_nether",
    "infiniburn": "#minecraft:infiniburn_nether",
    "min_y": 0,
    "height": 256,
    "monster_spawn_light_level": 7,
    "monster_spawn_block_light_limit": 15
  }