{
    "replace": false,
    "values": [
        "minecraft:desert",
        {
            "id": "terralith:lush_desert",
            "required": false
        },
        {
            "id": "regions_unexplored:saguaro_desert",
            "required": false
        },
        {
            "id": "byg:mojave_desert",
            "required": false
        },
        {
            "id": "terrestria:lush_desert",
            "required": false
        },
        {
            "id": "natures_spirit:drylands",
            "required": false
        },
        {
            "id": "#c:desert",
            "required": false
        },
        {
            "id": "#forge:is_desert",
            "required": false
        }
    ]
}