{
    "replace": false,
    "values": [
        {
            "id": "regions_unexplored:baobab_savanna",
            "required": false
        },
        {
            "id": "regions_unexplored:dry_bushland",
            "required": false
        },
        {
            "id": "byg:araucaria_savanna",
            "required": false
        },
        {
            "id": "biomesoplenty:lush_desert",
            "required": false
        },
        {
            "id": "natures_spirit:wooded_drylands",
            "required": false
        },
        {
            "id": "natures_spirit:arid_savanna",
            "required": false
        },
        {
            "id": "natures_spirit:savanna",
            "required": false
        },
        {
            "id": "natures_spirit:shrubland",
            "required": false
        },
        {
            "id": "natures_spirit:chaparral",
            "required": false
        },
        {
            "id": "#minecraft:is_savanna",
            "required": false
        },
        {
            "id": "#c:savanna",
            "required": false
        }
    ]
}