{
    "replace": false,
    "values": [
        "minecraft:cherry_grove",
        {
            "id": "terralith:snowy_cherry_grove",
            "required": false
        },
        {
            "id": "terralith:sakura_valley",
            "required": false
        },
        {
            "id": "byg:cherry_blossom_forest",
            "required": false
        },
        {
            "id": "regions_unexplored:shrubland",
            "required": false
        },
        {
            "id": "byg:autumnal_taiga",
            "required": false
        },
        {
            "id": "terrestria:japanese_maple_forest",
            "required": false
        },
        {
            "id": "terrestria:sakura_forest",
            "required": false
        },
        {
            "id": "promenade:blush_sakura_grove",
            "required": false
        },
        {
            "id": "promenade:cotton_sakura_grove",
            "required": false
        },
        {
            "id": "biomesoplenty:maple_woods",
            "required": false
        },
        {
            "id": "natures_spirit:sugi_forest",
            "required": false
        },
        {
            "id": "natures_spirit:blooming_sugi_forest",
            "required": false
        }
    ]
}