{
    "replace": false,
    "values": [
        "minecraft:plains",
        {
            "id": "terralith:alpine_highlands",
            "required": false
        },
        {
            "id": "terralith:highlands",
            "required": false
        },
        {
            "id": "terralith:steppe",
            "required": false
        },
        {
            "id": "regions_unexplored:grassland",
            "required": false
        },
        {
            "id": "regions_unexplored:shrubland",
            "required": false
        },
        {
            "id": "biomesoplenty:grassland",
            "required": false
        },
        {
            "id": "natures_spirit:prairie",
            "required": false
        },
        {
            "id": "natures_spirit:woody_highlands",
            "required": false
        }
    ]
}