{
  "display": {
    "icon": {
      "id": "minecraft:yellow_wool"
    },
    "title": {
      "translate": "enchantment.enchantplus.title.tools",
      "fallback": "Tools+"
    },
    "description": {
      "translate": "enchantment.enchantplus.description.tools",
      "fallback": "Over 5 more enchantments",
      "color": "#C4B96C"
    },
    "frame": "task",
    "show_toast": false,
    "announce_to_chat": false,
    "hidden": true
  },
  "parent": "enchantplus:list",
  "criteria": {
    "requirement": {
      "trigger": "minecraft:impossible"
    }
  }
}