{
    "values": [
        {
            "id": "enchantplus:bow/breezing_arrow",
            "required": false
        },
        {
            "id": "enchantplus:bow/explosive_arrow",
            "required": false
        },
        {
            "id": "enchantplus:bow/storm_arrow",
            "required": false
        },
        {
            "id": "enchantplus:bow/echo_shot",
            "required": false
        },
        "minecraft:quick_charge"
    ],
    "replace": false
}