{
    "elements": [
      {
        "element": {
          "element_type": "minecraft:single_pool_element",
          "location": "mushroom_fields/tsuhioshi/houses/barrel",
          "processors": "mushroom_fields/tsuhioshi/houses",
          "projection": "rigid"
        },
        "weight": 100
      },
      {
        "element": {
          "element_type": "minecraft:single_pool_element",
          "location": "mushroom_fields/tsuhioshi/houses/blust_furnace",
          "processors": "mushroom_fields/tsuhioshi/houses",
          "projection": "rigid"
        },
        "weight": 100
      },
      {
        "element": {
          "element_type": "minecraft:single_pool_element",
          "location": "mushroom_fields/tsuhioshi/houses/brewing_stand",
          "processors": "mushroom_fields/tsuhioshi/houses",
          "projection": "rigid"
        },
        "weight": 100
      },
      {
        "element": {
          "element_type": "minecraft:single_pool_element",
          "location": "mushroom_fields/tsuhioshi/houses/cartography_table",
          "processors": "mushroom_fields/tsuhioshi/houses",
          "projection": "rigid"
        },
        "weight": 100
      },
      {
        "element": {
          "element_type": "minecraft:single_pool_element",
          "location": "mushroom_fields/tsuhioshi/houses/cauldron",
          "processors": "mushroom_fields/tsuhioshi/houses",
          "projection": "rigid"
        },
        "weight": 100
      },
      {
        "element": {
          "element_type": "minecraft:single_pool_element",
          "location": "mushroom_fields/tsuhioshi/houses/composter",
          "processors": "mushroom_fields/tsuhioshi/houses",
          "projection": "rigid"
        },
        "weight": 100
      },
      {
        "element": {
          "element_type": "minecraft:single_pool_element",
          "location": "mushroom_fields/tsuhioshi/houses/fletching_table",
          "processors": "mushroom_fields/tsuhioshi/houses",
          "projection": "rigid"
        },
        "weight": 100
      },
      {
        "element": {
          "element_type": "minecraft:single_pool_element",
          "location": "mushroom_fields/tsuhioshi/houses/grindstone",
          "processors": "mushroom_fields/tsuhioshi/houses",
          "projection": "rigid"
        },
        "weight": 100
      },
      {
        "element": {
          "element_type": "minecraft:single_pool_element",
          "location": "mushroom_fields/tsuhioshi/houses/lectern",
          "processors": "mushroom_fields/tsuhioshi/houses",
          "projection": "rigid"
        },
        "weight": 100
      },
      {
        "element": {
          "element_type": "minecraft:single_pool_element",
          "location": "mushroom_fields/tsuhioshi/houses/loom",
          "processors": "mushroom_fields/tsuhioshi/houses",
          "projection": "rigid"
        },
        "weight": 100
      },
      {
        "element": {
          "element_type": "minecraft:single_pool_element",
          "location": "mushroom_fields/tsuhioshi/houses/none",
          "processors": "mushroom_fields/tsuhioshi/houses",
          "projection": "rigid"
        },
        "weight": 100
      },
      {
        "element": {
          "element_type": "minecraft:single_pool_element",
          "location": "mushroom_fields/tsuhioshi/houses/smithing_table",
          "processors": "mushroom_fields/tsuhioshi/houses",
          "projection": "rigid"
        },
        "weight": 100
      },
      {
        "element": {
          "element_type": "minecraft:single_pool_element",
          "location": "mushroom_fields/tsuhioshi/houses/smoker",
          "processors": "mushroom_fields/tsuhioshi/houses",
          "projection": "rigid"
        },
        "weight": 100
      },
      {
        "element": {
          "element_type": "minecraft:single_pool_element",
          "location": "mushroom_fields/tsuhioshi/houses/stonecutter",
          "processors": "mushroom_fields/tsuhioshi/houses",
          "projection": "rigid"
        },
        "weight": 100
      }
    ],
    "fallback": "minecraft:empty"
  }