{
    "elements": [
      {
        "element": {
          "element_type": "minecraft:legacy_single_pool_element",
          "location": "minecraft:mushroom_fields/tsuhioshi/streets/street_1",
          "processors": "mushroom_fields/tsuhioshi/streets",
          "projection": "terrain_matching"
        },
        "weight":  100
      },
      {
        "element": {
          "element_type": "minecraft:legacy_single_pool_element",
          "location": "minecraft:mushroom_fields/tsuhioshi/streets/street_2",
          "processors": "mushroom_fields/tsuhioshi/streets",
          "projection": "terrain_matching"
        },
        "weight":  30
      },
      {
        "element": {
          "element_type": "minecraft:legacy_single_pool_element",
          "location": "minecraft:mushroom_fields/tsuhioshi/streets/street_3",
          "processors": "mushroom_fields/tsuhioshi/streets",
          "projection": "terrain_matching"
        },
        "weight":  100
      },
      {
        "element": {
          "element_type": "minecraft:legacy_single_pool_element",
          "location": "minecraft:mushroom_fields/tsuhioshi/streets/street_4",
          "processors": "mushroom_fields/tsuhioshi/streets",
          "projection": "terrain_matching"
        },
        "weight":  30
      },
      {
        "element": {
          "element_type": "minecraft:legacy_single_pool_element",
          "location": "minecraft:mushroom_fields/tsuhioshi/streets/street_5",
          "processors": "mushroom_fields/tsuhioshi/streets",
          "projection": "terrain_matching"
        },
        "weight":  100
      },
      {
        "element": {
          "element_type": "minecraft:legacy_single_pool_element",
          "location": "minecraft:mushroom_fields/tsuhioshi/streets/street_6",
          "processors": "mushroom_fields/tsuhioshi/streets",
          "projection": "terrain_matching"
        },
        "weight":  30
      },
      {
        "element": {
          "element_type": "minecraft:legacy_single_pool_element",
          "location": "minecraft:mushroom_fields/tsuhioshi/streets/street_7",
          "processors": "mushroom_fields/tsuhioshi/streets",
          "projection": "terrain_matching"
        },
        "weight":  50
      }
    ],
    "fallback": "minecraft:mushroom_fields/tsuhioshi/terminators"
  }