{
    "biomes": "#nmr:has_structure/amemasu",
    "adapt_noise": false,
    "spawn_overrides": {
        "axolotls": {
          "bounding_box": "full",
          "spawns": []
        },
        "monster": {
          "bounding_box": "full",
          "spawns": [
            {
              "type": "minecraft:guardian",
              "weight": 1,
              "minCount": 1,
              "maxCount": 2
            }
          ]
        },
        "underground_water_creature": {
          "bounding_box": "full",
          "spawns": []
        }
    },
    "type": "minecraft:jigsaw",
    "start_pool": "nmr:amemasu/structure",
    "size": 7,
    "step": "surface_structures",
    "start_height": {
        "absolute": -17
    },
    "project_start_to_heightmap": "WORLD_SURFACE_WG",
    "max_distance_from_center": 80,
    "terrain_adaptation": "none",
    "use_expansion_hack": false
}