{
    "biomes": "#nmr:has_structure/all_astral",
    "adapt_noise": false,
    "spawn_overrides": {
        "monster": {
          "bounding_box": "full",
          "spawns": [
            {
              "type": "minecraft:witch",
              "weight": 1,
              "minCount": 1,
              "maxCount": 2
            },
            {
                "type": "minecraft:evoker",
                "weight": 1,
                "minCount": 1,
                "maxCount": 2
              },
              {
                "type": "minecraft:vex",
                "weight": 1,
                "minCount": 1,
                "maxCount": 2
              }
          ]
        },
        "underground_water_creature": {
          "bounding_box": "full",
          "spawns": []
        }
    },
    "type": "minecraft:jigsaw",
    "start_pool": "nmr:astral_plane_towers",
    "size": 7,
    "step": "surface_structures",
    "start_height": {
        "absolute": 0
    },
    "project_start_to_heightmap": "WORLD_SURFACE_WG",
    "max_distance_from_center": 80,
    "terrain_adaptation": "beard_box",
    "use_expansion_hack": false
}