{
    "biomes": "#nmr:has_structure/redstone_dungeon",
    "adapt_noise": false,
    "spawn_overrides": {},
    "type": "minecraft:jigsaw",
    "start_pool": "nmr:redstone_dungeon/center",
    "size": 7,
    "step": "underground_structures",
    "start_height": {
        "type": "minecraft:uniform",
        "min_inclusive": {
          "absolute": -50
        },
        "max_inclusive": {
          "absolute": -15
        }
    },
    "max_distance_from_center": 30,
    "terrain_adaptation": "bury",
    "use_expansion_hack": false
}