{
    "type": "minecraft:jigsaw",
    "biomes": "minecraft:soul_sand_valley",
    "step": "surface_structures",
    "adapt_noise": false,
    "spawn_overrides": {},
    "terrain_adaptation": "beard_thin",
    "start_pool": "nmr:soul_sand_valley_spawner",
    "size": 3,
    "start_height": {
      "type": "minecraft:uniform",
      "min_inclusive": {
        "absolute": 32
      },
        "max_inclusive": {
        "absolute": 90
      }
    },
    "project_start_to_heightmap": "WORLD_SURFACE_WG",
    "max_distance_from_center": 80,
    "use_expansion_hack": false
  }