{
  "fallback": "minecraft:empty",
  "elements": [
    {	
      "weight": 4,
      "element": {
        "element_type": "minecraft:empty_pool_element"
      }
    },
    {	
      "weight": 1,
      "element": {
        "location": "forsaken:homes/decoration/spruce/chimney/cobble/throat1",
        "processors": "forsaken:homes/spruce",
        "projection": "rigid",
        "element_type": "minecraft:single_pool_element"
        }
    },
    {	
      "weight": 1,
      "element": {
        "location": "forsaken:homes/decoration/spruce/chimney/cobble/throat2",
        "processors": "forsaken:homes/spruce",
        "projection": "rigid",
        "element_type": "minecraft:single_pool_element"
        }
    },
    {	
      "weight": 1,
      "element": {
        "location": "forsaken:homes/decoration/spruce/chimney/bricks/throat1",
        "processors": "forsaken:homes/spruce",
        "projection": "rigid",
        "element_type": "minecraft:single_pool_element"
        }
    },
  {	
      "weight": 1,
      "element": {
        "location": "forsaken:homes/decoration/spruce/chimney/bricks/throat2",
        "processors": "forsaken:homes/spruce",
        "projection": "rigid",
        "element_type": "minecraft:single_pool_element"
        }
    }
  ]
}