{
    "pools": [
      {
        "rolls": 1,
        "entries": [
          {
            "type": "minecraft:item",
            "name": "minecraft:music_disc_11"
          },
          {
            "type": "minecraft:item",
            "name": "minecraft:music_disc_13"
          },
          {
            "type": "minecraft:item",
            "name": "minecraft:music_disc_5"
          },
          {
            "type": "minecraft:item",
            "name": "minecraft:music_disc_blocks"
          },
          {
            "type": "minecraft:item",
            "name": "minecraft:music_disc_cat"
          },
          {
            "type": "minecraft:item",
            "name": "minecraft:music_disc_chirp"
          },
          {
            "type": "minecraft:item",
            "name": "minecraft:music_disc_far"
          },
          {
            "type": "minecraft:item",
            "name": "minecraft:music_disc_mall"
          },
          {
            "type": "minecraft:item",
            "name": "minecraft:music_disc_mellohi"
          },
          {
            "type": "minecraft:item",
            "name": "minecraft:music_disc_otherside"
          },
          {
            "type": "minecraft:item",
            "name": "minecraft:music_disc_pigstep"
          },
          {
            "type": "minecraft:item",
            "name": "minecraft:music_disc_relic"
          },
          {
            "type": "minecraft:item",
            "name": "minecraft:music_disc_stal"
          },
          {
            "type": "minecraft:item",
            "name": "minecraft:music_disc_strad"
          },
          {
            "type": "minecraft:item",
            "name": "minecraft:music_disc_wait"
          },
          {
            "type": "minecraft:item",
            "name": "minecraft:music_disc_ward"
          },
          {
            "type": "minecraft:item",
            "name": "minecraft:music_disc_precipice"
          },
          {
            "type": "minecraft:item",
            "name": "minecraft:music_disc_creator"
          }
        ]
      }
    ]
  }
  