{
  "type": "minecraft:entity",
  "pools": [
    {
      "rolls": 1,
      "entries": [
        {
          "type": "minecraft:item",
          "name": "minecraft:end_stone",
          "functions": [
            {
              "function": "minecraft:set_name",
              "target": "item_name",
              "name": "Cheese?"
            },
            {
              "function": "minecraft:set_count",
              "count": {
                "min": 0,
                "max": 2
              }
            },
            {
              "function": "minecraft:enchanted_count_increase",
              "enchantment": "minecraft:looting",
              "count": {
                "min": 0,
                "max": 1
              }
            },
            {
              "function": "minecraft:set_components",
              "components": {
                "minecraft:food": {
                  "nutrition": 3,
                  "saturation": 3,
                  "can_always_eat": false,
                  "eat_seconds": 3,
                  "effects": [
                    {
                      "effect": {
                        "id": "minecraft:luck",
                        "amplifier": 2,
                        "duration": 100,
                        "show_particles": false,
                        "show_icon": true
                      },
                      "probability": 0.5
                    }
                  ]
                }
              }
            }
          ]
        }
      ]
    }
  ]
}
