{
  "type": "minecraft:command",
  "pools": [
    {
      "rolls": {
        "min": 3,
        "max": 4
      },
      "entries": [
        {
          "type": "minecraft:item",
          "name": "minecraft:diamond_block"
        },
        {
          "type": "minecraft:item",
          "name": "minecraft:emerald_block"
        },
        {
          "type": "minecraft:item",
          "name": "minecraft:iron_block"
        },
        {
          "type": "minecraft:item",
          "name": "minecraft:gold_block"
        }
      ],
      "functions": [
        {
          "function": "minecraft:set_count",
          "count": {
            "min": 1,
            "max": 3
          },
          "add": true,
          "conditions": [
            {
              "condition": "minecraft:entity_scores",
              "entity": "this",
              "scores": {
                "dke.difficulty": 1
              }
            }
          ]
        },
        {
          "function": "minecraft:set_count",
          "count": {
            "min": 2,
            "max": 6
          },
          "add": true,
          "conditions": [
            {
              "condition": "minecraft:entity_scores",
              "entity": "this",
              "scores": {
                "dke.difficulty": 2
              }
            }
          ]
        },
        {
          "function": "minecraft:set_count",
          "count": {
            "min": 4,
            "max": 9
          },
          "add": true,
          "conditions": [
            {
              "condition": "minecraft:entity_scores",
              "entity": "this",
              "scores": {
                "dke.difficulty": 3
              }
            }
          ]
        },
        {
          "function": "minecraft:set_count",
          "count": {
            "min": 6,
            "max": 14
          },
          "add": true,
          "conditions": [
            {
              "condition": "minecraft:entity_scores",
              "entity": "this",
              "scores": {
                "dke.difficulty": {
                  "min": 4
                }
              }
            }
          ]
        },
        {
          "function": "minecraft:set_count",
          "count": {
            "min": 10,
            "max": 18
          },
          "add": true,
          "conditions": [
            {
              "condition": "minecraft:entity_scores",
              "entity": "this",
              "scores": {
                "dke.difficulty": {
                  "min": 5
                }
              }
            }
          ]
        }
      ]
    },
    {
      "rolls": 1,
      "entries": [
        {
          "type": "minecraft:item",
          "name": "minecraft:beacon"
        }
      ]
    }
  ]
}
