{
  "type": "minecraft:command",
  "pools": [
    {
      "rolls": 1,
      "entries": [
        {
          "type": "minecraft:item",
          "name": "minecraft:trident",
          "functions": [
            {
              "function": "minecraft:enchant_randomly",
              "enchantments": [
                "minecraft:channeling"
              ]
            }
          ]
        }
      ]
    },
    {
      "rolls": 1,
      "entries": [
        {
          "type": "minecraft:item",
          "name": "minecraft:creeper_head"
        },
        {
          "type": "minecraft:item",
          "name": "minecraft:skeleton_skull"
        },
        {
          "type": "minecraft:item",
          "name": "minecraft:zombie_head"
        }
      ]
    },
    {
      "rolls": {
        "min": 2,
        "max": 3
      },
      "entries": [
        {
          "type": "minecraft:item",
          "name": "minecraft:wind_charge"
        },
        {
          "type": "minecraft:item",
          "name": "minecraft:redstone_block"
        }
      ]
    }
  ],
  "functions": [
    {
      "function": "minecraft:set_count",
      "count": {
        "min": 1,
        "max": 3
      },
      "add": true,
      "conditions": [
        {
          "condition": "minecraft:entity_scores",
          "entity": "this",
          "scores": {
            "dke.difficulty": 1
          }
        }
      ]
    },
    {
      "function": "minecraft:set_count",
      "count": {
        "min": 2,
        "max": 6
      },
      "add": true,
      "conditions": [
        {
          "condition": "minecraft:entity_scores",
          "entity": "this",
          "scores": {
            "dke.difficulty": 2
          }
        }
      ]
    },
    {
      "function": "minecraft:set_count",
      "count": {
        "min": 4,
        "max": 9
      },
      "add": true,
      "conditions": [
        {
          "condition": "minecraft:entity_scores",
          "entity": "this",
          "scores": {
            "dke.difficulty": 3
          }
        }
      ]
    },
    {
      "function": "minecraft:set_count",
      "count": {
        "min": 6,
        "max": 14
      },
      "add": true,
      "conditions": [
        {
          "condition": "minecraft:entity_scores",
          "entity": "this",
          "scores": {
            "dke.difficulty": {
              "min": 4
            }
          }
        }
      ]
    },
    {
      "function": "minecraft:set_count",
      "count": {
        "min": 10,
        "max": 18
      },
      "add": true,
      "conditions": [
        {
          "condition": "minecraft:entity_scores",
          "entity": "this",
          "scores": {
            "dke.difficulty": {
              "min": 5
            }
          }
        }
      ]
    }
  ]
}
