{
  "type": "minecraft:command",
  "pools": [
    {
      "rolls": {
        "min": 3,
        "max": 4
      },
      "entries": [
        {
          "type": "minecraft:item",
          "name": "minecraft:netherite_scrap",
          "functions": [
            {
              "function": "minecraft:set_count",
              "count": {
                "min": 1,
                "max": 3
              },
              "add": true,
              "conditions": [
                {
                  "condition": "minecraft:entity_scores",
                  "entity": "this",
                  "scores": {
                    "dke.difficulty": 1
                  }
                }
              ]
            },
            {
              "function": "minecraft:set_count",
              "count": {
                "min": 2,
                "max": 6
              },
              "add": true,
              "conditions": [
                {
                  "condition": "minecraft:entity_scores",
                  "entity": "this",
                  "scores": {
                    "dke.difficulty": 2
                  }
                }
              ]
            },
            {
              "function": "minecraft:set_count",
              "count": {
                "min": 4,
                "max": 9
              },
              "add": true,
              "conditions": [
                {
                  "condition": "minecraft:entity_scores",
                  "entity": "this",
                  "scores": {
                    "dke.difficulty": 3
                  }
                }
              ]
            },
            {
              "function": "minecraft:set_count",
              "count": {
                "min": 6,
                "max": 14
              },
              "add": true,
              "conditions": [
                {
                  "condition": "minecraft:entity_scores",
                  "entity": "this",
                  "scores": {
                    "dke.difficulty": {
                      "min": 4
                    }
                  }
                }
              ]
            }
          ]
        },
        {
          "type": "minecraft:item",
          "name": "minecraft:nether_star"
        },
        {
          "type": "minecraft:item",
          "name": "minecraft:wither_skeleton_skull"
        }
      ]
    }
  ]
}